{
    "0": {
        "train_accuracy": 92.50059127807617,
        "train_loss": 0.6840972543649073,
        "train_IoU": 68.23106408119202,
        "train_epoch_time": 47.098002910614014,
        "val_accuracy": 99.07513856887817,
        "val_loss": 0.6782266977356703,
        "val_IoU": 89.02174234390259,
        "val_epoch_time": 2.83929705619812
    },
    "1": {
        "train_accuracy": 97.15666770935059,
        "train_loss": 0.6736913199318384,
        "train_IoU": 83.8702917098999,
        "train_epoch_time": 45.324819803237915,
        "val_accuracy": 25.855526328086853,
        "val_loss": 0.8386401970212052,
        "val_IoU": 13.874506950378418,
        "val_epoch_time": 2.8040807247161865
    },
    "2": {
        "train_accuracy": 97.18659520149231,
        "train_loss": 0.6732190452986934,
        "train_IoU": 84.09148454666138,
        "train_epoch_time": 45.4899160861969,
        "val_accuracy": 99.37481880187988,
        "val_loss": 0.6767827621320398,
        "val_IoU": 92.25594997406006,
        "val_epoch_time": 2.7892913818359375
    },
    "3": {
        "train_accuracy": 97.41694927215576,
        "train_loss": 0.6722855525832199,
        "train_IoU": 85.14434099197388,
        "train_epoch_time": 45.48001146316528,
        "val_accuracy": 99.33931827545166,
        "val_loss": 0.6786204939935265,
        "val_IoU": 91.6373074054718,
        "val_epoch_time": 2.8063974380493164
    },
    "4": {
        "train_accuracy": 97.51054644584656,
        "train_loss": 0.6711318641347069,
        "train_IoU": 85.59231758117676,
        "train_epoch_time": 45.560105323791504,
        "val_accuracy": 99.41830039024353,
        "val_loss": 0.680037590061746,
        "val_IoU": 92.4861192703247,
        "val_epoch_time": 2.7775120735168457
    },
    "5": {
        "train_accuracy": 97.62848615646362,
        "train_loss": 0.6710861021701292,
        "train_IoU": 86.13671064376831,
        "train_epoch_time": 45.577733516693115,
        "val_accuracy": 99.45338368415833,
        "val_loss": 0.6770711788317053,
        "val_IoU": 93.04473400115967,
        "val_epoch_time": 2.8106272220611572
    },
    "6": {
        "train_accuracy": 97.62886166572571,
        "train_loss": 0.6700525226203042,
        "train_IoU": 86.13244891166687,
        "train_epoch_time": 45.47212219238281,
        "val_accuracy": 99.443519115448,
        "val_loss": 0.675752200731417,
        "val_IoU": 93.02099943161011,
        "val_epoch_time": 2.784282922744751
    },
    "7": {
        "train_accuracy": 97.75021076202393,
        "train_loss": 0.6691146510684357,
        "train_IoU": 86.61912679672241,
        "train_epoch_time": 45.49588203430176,
        "val_accuracy": 78.58088612556458,
        "val_loss": 0.7024188841261515,
        "val_IoU": 46.259093284606934,
        "val_epoch_time": 2.7762651443481445
    },
    "8": {
        "train_accuracy": 97.7515161037445,
        "train_loss": 0.6690059547973835,
        "train_IoU": 86.69303059577942,
        "train_epoch_time": 45.526968479156494,
        "val_accuracy": 39.14570510387421,
        "val_loss": 0.739400978495435,
        "val_IoU": 21.265403926372528,
        "val_epoch_time": 2.7935194969177246
    },
    "9": {
        "train_accuracy": 97.61887192726135,
        "train_loss": 0.6698938058654618,
        "train_IoU": 86.06536388397217,
        "train_epoch_time": 45.625502586364746,
        "val_accuracy": 99.54723119735718,
        "val_loss": 0.6787613484917618,
        "val_IoU": 93.99034976959229,
        "val_epoch_time": 2.793734312057495
    },
    "10": {
        "train_accuracy": 97.57317304611206,
        "train_loss": 0.6679601197349092,
        "train_IoU": 85.74670553207397,
        "train_epoch_time": 45.48535203933716,
        "val_accuracy": 98.89636039733887,
        "val_loss": 0.676962518110508,
        "val_IoU": 87.5181257724762,
        "val_epoch_time": 2.80604887008667
    },
    "11": {
        "train_accuracy": 97.77722954750061,
        "train_loss": 0.6674577443129956,
        "train_IoU": 86.8320107460022,
        "train_epoch_time": 45.46239376068115,
        "val_accuracy": 99.52319264411926,
        "val_loss": 0.6788173245220648,
        "val_IoU": 93.67419481277466,
        "val_epoch_time": 2.8134639263153076
    },
    "12": {
        "train_accuracy": 97.74076342582703,
        "train_loss": 0.6674056540634553,
        "train_IoU": 86.5431010723114,
        "train_epoch_time": 45.5286283493042,
        "val_accuracy": 78.42388153076172,
        "val_loss": 0.6972631346888659,
        "val_IoU": 45.97365856170654,
        "val_epoch_time": 2.788393497467041
    },
    "13": {
        "train_accuracy": 97.55783677101135,
        "train_loss": 0.667691977493825,
        "train_IoU": 85.70894002914429,
        "train_epoch_time": 45.477405071258545,
        "val_accuracy": 99.53107833862305,
        "val_loss": 0.6785247921943666,
        "val_IoU": 93.84981393814087,
        "val_epoch_time": 2.7818729877471924
    },
    "14": {
        "train_accuracy": 97.63850569725037,
        "train_loss": 0.6681908364632755,
        "train_IoU": 86.13742589950562,
        "train_epoch_time": 45.6106276512146,
        "val_accuracy": 99.34688806533813,
        "val_loss": 0.6811917831258076,
        "val_IoU": 91.49787425994873,
        "val_epoch_time": 2.8183605670928955
    },
    "15": {
        "train_accuracy": 97.8398084640503,
        "train_loss": 0.6669917272812373,
        "train_IoU": 87.04303503036499,
        "train_epoch_time": 45.529860496520996,
        "val_accuracy": 99.47354793548584,
        "val_loss": 0.6738594479677155,
        "val_IoU": 93.43690872192383,
        "val_epoch_time": 2.8263461589813232
    },
    "16": {
        "train_accuracy": 97.92941808700562,
        "train_loss": 0.6663918599320173,
        "train_IoU": 87.53294944763184,
        "train_epoch_time": 45.467403411865234,
        "val_accuracy": 98.79171848297119,
        "val_loss": 0.6746068902131989,
        "val_IoU": 87.02411651611328,
        "val_epoch_time": 2.8283839225769043
    },
    "17": {
        "train_accuracy": 97.63038158416748,
        "train_loss": 0.6678486067566284,
        "train_IoU": 86.11688017845154,
        "train_epoch_time": 45.52251124382019,
        "val_accuracy": 99.05999302864075,
        "val_loss": 0.6724339083927434,
        "val_IoU": 89.43277597427368,
        "val_epoch_time": 2.8349733352661133
    },
    "18": {
        "train_accuracy": 97.76027202606201,
        "train_loss": 0.6670306577558411,
        "train_IoU": 86.73148155212402,
        "train_epoch_time": 45.45555830001831,
        "val_accuracy": 98.86322021484375,
        "val_loss": 0.6737317341129956,
        "val_IoU": 87.6209020614624,
        "val_epoch_time": 2.7964839935302734
    },
    "19": {
        "train_accuracy": 97.79179692268372,
        "train_loss": 0.6674057779258957,
        "train_IoU": 86.85836791992188,
        "train_epoch_time": 45.49785923957825,
        "val_accuracy": 99.4026243686676,
        "val_loss": 0.6723900117525241,
        "val_IoU": 92.6746129989624,
        "val_epoch_time": 2.8377082347869873
    },
    "20": {
        "train_accuracy": 97.65165448188782,
        "train_loss": 0.6668057949126426,
        "train_IoU": 86.27704381942749,
        "train_epoch_time": 45.660062313079834,
        "val_accuracy": 99.46423768997192,
        "val_loss": 0.6760048546442172,
        "val_IoU": 93.277108669281,
        "val_epoch_time": 2.790731191635132
    },
    "21": {
        "train_accuracy": 97.7354645729065,
        "train_loss": 0.6673012484405116,
        "train_IoU": 86.629319190979,
        "train_epoch_time": 45.627488136291504,
        "val_accuracy": 85.44926643371582,
        "val_loss": 0.6911488204467588,
        "val_IoU": 52.73101329803467,
        "val_epoch_time": 2.801426410675049
    },
    "22": {
        "train_accuracy": 97.81503081321716,
        "train_loss": 0.6677374108573317,