{
    "0": {
        "train_accuracy": 93.84023547172546,
        "train_loss": 0.6795231535814806,
        "train_IoU": 70.39381861686707,
        "train_epoch_time": 20.780521869659424,
        "val_accuracy": 97.9516088962555,
        "val_loss": 0.6791723009787108,
        "val_IoU": 80.50906658172607,
        "val_epoch_time": 3.530060052871704
    },
    "1": {
        "train_accuracy": 97.99315929412842,
        "train_loss": 0.6680439321891121,
        "train_IoU": 86.44384741783142,
        "train_epoch_time": 20.53909969329834,
        "val_accuracy": 98.89260530471802,
        "val_loss": 0.6759366000953473,
        "val_IoU": 87.76878118515015,
        "val_epoch_time": 3.5334246158599854
    },
    "2": {
        "train_accuracy": 98.53448271751404,
        "train_loss": 0.6646879915741906,
        "train_IoU": 89.76849317550659,
        "train_epoch_time": 20.497357845306396,
        "val_accuracy": 97.02836871147156,
        "val_loss": 0.6781906218905196,
        "val_IoU": 76.4132022857666,
        "val_epoch_time": 3.5510623455047607
    },
    "3": {
        "train_accuracy": 98.49209189414978,
        "train_loss": 0.6649397628894755,
        "train_IoU": 89.48606252670288,
        "train_epoch_time": 20.422186136245728,
        "val_accuracy": 99.12990927696228,
        "val_loss": 0.6750032980191081,
        "val_IoU": 90.01764059066772,
        "val_epoch_time": 3.507023572921753
    },
    "4": {
        "train_accuracy": 98.76080751419067,
        "train_loss": 0.6630107548789701,
        "train_IoU": 91.15062952041626,
        "train_epoch_time": 20.55123996734619,
        "val_accuracy": 99.22112822532654,
        "val_loss": 0.6757315146295648,
        "val_IoU": 90.93291759490967,
        "val_epoch_time": 3.5705254077911377
    },
    "5": {
        "train_accuracy": 98.9242672920227,
        "train_loss": 0.6618965777797976,
        "train_IoU": 92.22462177276611,
        "train_epoch_time": 20.514424562454224,
        "val_accuracy": 99.14171099662781,
        "val_loss": 0.674614147136086,
        "val_IoU": 90.1961088180542,
        "val_epoch_time": 3.4871597290039062
    },
    "6": {
        "train_accuracy": 98.92502427101135,
        "train_loss": 0.6622318249681722,
        "train_IoU": 92.20730066299438,
        "train_epoch_time": 20.495718240737915,
        "val_accuracy": 99.25387501716614,
        "val_loss": 0.6755216717720032,
        "val_IoU": 91.20479822158813,
        "val_epoch_time": 3.547126531600952
    },
    "7": {
        "train_accuracy": 99.03896450996399,
        "train_loss": 0.6611492076645725,
        "train_IoU": 92.9783582687378,
        "train_epoch_time": 20.48226499557495,
        "val_accuracy": 99.22338128089905,
        "val_loss": 0.6751663277023716,
        "val_IoU": 90.98692536354065,
        "val_epoch_time": 3.53485369682312
    },
    "8": {
        "train_accuracy": 99.03099536895752,
        "train_loss": 0.6612286943456401,
        "train_IoU": 92.93187856674194,
        "train_epoch_time": 20.53772234916687,
        "val_accuracy": 99.26494359970093,
        "val_loss": 0.6748169550770209,
        "val_IoU": 91.40597581863403,
        "val_epoch_time": 3.5125770568847656
    },
    "9": {
        "train_accuracy": 99.06278252601624,
        "train_loss": 0.6604575881923455,
        "train_IoU": 93.13420057296753,
        "train_epoch_time": 20.374420642852783,
        "val_accuracy": 99.29089546203613,
        "val_loss": 0.675472976345765,
        "val_IoU": 91.53286218643188,
        "val_epoch_time": 3.579301118850708
    },
    "10": {
        "train_accuracy": 99.13455843925476,
        "train_loss": 0.6597984450450842,
        "train_IoU": 93.63247156143188,
        "train_epoch_time": 20.388949632644653,
        "val_accuracy": 99.2300271987915,
        "val_loss": 0.6747554822971946,
        "val_IoU": 91.11791849136353,
        "val_epoch_time": 3.509380578994751
    },
    "11": {
        "train_accuracy": 99.13089871406555,
        "train_loss": 0.6598389878653097,
        "train_IoU": 93.61187219619751,
        "train_epoch_time": 20.36549472808838,
        "val_accuracy": 99.2041826248169,
        "val_loss": 0.6746165642612858,
        "val_IoU": 90.84146022796631,
        "val_epoch_time": 3.5207622051239014
    },
    "12": {
        "train_accuracy": 99.1298496723175,
        "train_loss": 0.660069650497989,
        "train_IoU": 93.58516931533813,
        "train_epoch_time": 20.455338716506958,
        "val_accuracy": 99.22377467155457,
        "val_loss": 0.6744215159039748,
        "val_IoU": 90.74130058288574,
        "val_epoch_time": 3.484858512878418
    },
    "13": {
        "train_accuracy": 99.13080930709839,
        "train_loss": 0.6598681388557819,
        "train_IoU": 93.61042380332947,
        "train_epoch_time": 20.46370816230774,
        "val_accuracy": 99.23969507217407,
        "val_loss": 0.6750334642435375,
        "val_IoU": 91.12200736999512,
        "val_epoch_time": 3.521233320236206
    },
    "14": {
        "train_accuracy": 99.14774298667908,
        "train_loss": 0.6600340280843818,
        "train_IoU": 93.70790719985962,
        "train_epoch_time": 20.390475034713745,
        "val_accuracy": 99.25206303596497,
        "val_loss": 0.6739297022945003,
        "val_IoU": 91.3597047328949,
        "val_epoch_time": 3.489318370819092
    },
    "15": {
        "train_accuracy": 99.1531491279602,
        "train_loss": 0.6597889083019204,
        "train_IoU": 93.74955892562866,
        "train_epoch_time": 20.512011289596558,
        "val_accuracy": 99.25830364227295,
        "val_loss": 0.6755670826686057,
        "val_IoU": 91.32573008537292,
        "val_epoch_time": 3.505577564239502
    },
    "16": {
        "train_accuracy": 99.1205632686615,
        "train_loss": 0.6602372846741608,
        "train_IoU": 93.53187084197998,
        "train_epoch_time": 20.42931628227234,
        "val_accuracy": 99.25304651260376,
        "val_loss": 0.6741262046914352,
        "val_IoU": 91.31981134414673,
        "val_epoch_time": 3.535271406173706
    },
    "17": {
        "train_accuracy": 99.09260869026184,
        "train_loss": 0.6600438580996749,
        "train_IoU": 93.35442781448364,
        "train_epoch_time": 20.52051544189453,
        "val_accuracy": 99.27800297737122,
        "val_loss": 0.6745099754709946,
        "val_IoU": 91.51535034179688,
        "val_epoch_time": 3.559872627258301
    },
    "18": {
        "train_accuracy": 99.09389615058899,
        "train_loss": 0.6600535153478817,
        "train_IoU": 93.36811304092407,
        "train_epoch_time": 20.423356771469116,
        "val_accuracy": 99.27875995635986,
        "val_loss": 0.6741513311862943,
        "val_IoU": 91.48594737052917,
        "val_epoch_time": 3.53031325340271
    },
    "19": {
        "train_accuracy": 99.08261895179749,
        "train_loss": 0.6599992073100545,
        "train_IoU": 93.29273700714111,
        "train_epoch_time": 20.487767934799194,
        "val_accuracy": 99.28823709487915,
        "val_loss": 0.6750462808107072,
        "val_IoU": 91.57018661499023,
        "val_epoch_time": 3.488389730453491
    },
    "20": {
        "train_accuracy": 99.19089674949646,
        "train_loss": 0.6593670283538708,
        "train_IoU": 94.01373267173767,
        "train_epoch_time": 20.387037754058838,
        "val_accuracy": 99.3217408657074,
        "val_loss": 0.6740658879280089,
        "val_IoU": 91.9541597366333,
        "val_epoch_time": 3.4814555644989014
    },
    "21": {
        "train_accuracy": 99.17211532592773,
        "train_loss": 0.658845153839692,
        "train_IoU": 93.90125870704651,
        "train_epoch_time": 20.388145446777344,
        "val_accuracy": 99.32176470756531,
        "val_loss": 0.6741110023699312,
        "val_IoU": 92.03348159790039,
        "val_epoch_time": 3.5280351638793945
    },
    "22": {
        "train_accuracy": 99.21985864639282,
        "train_loss": 0.6585420348506039,