{
    "0": {
        "train_accuracy": 92.50450134277344,
        "train_loss": 0.6896089064902153,
        "train_IoU": 65.91864228248596,
        "train_epoch_time": 20.66448211669922,
        "val_accuracy": 96.90151810646057,
        "val_loss": 0.6799496051512267,
        "val_IoU": 73.32378029823303,
        "val_epoch_time": 3.5380473136901855
    },
    "1": {
        "train_accuracy": 98.52272868156433,
        "train_loss": 0.6660324425800983,
        "train_IoU": 88.05370330810547,
        "train_epoch_time": 20.609118938446045,
        "val_accuracy": 99.15868639945984,
        "val_loss": 0.6760028726176213,
        "val_IoU": 88.910973072052,
        "val_epoch_time": 3.5133142471313477
    },
    "2": {
        "train_accuracy": 98.68103265762329,
        "train_loss": 0.664829607891,
        "train_IoU": 89.21334743499756,
        "train_epoch_time": 20.514386653900146,
        "val_accuracy": 99.23044443130493,
        "val_loss": 0.6759746388385169,
        "val_IoU": 89.38202261924744,
        "val_epoch_time": 3.4917807579040527
    },
    "3": {
        "train_accuracy": 98.84323477745056,
        "train_loss": 0.664131277281305,
        "train_IoU": 90.41709899902344,
        "train_epoch_time": 20.492982387542725,
        "val_accuracy": 96.39561772346497,
        "val_loss": 0.6776801943778993,
        "val_IoU": 70.57563066482544,
        "val_epoch_time": 3.5689589977264404
    },
    "4": {
        "train_accuracy": 98.81839752197266,
        "train_loss": 0.664279624603797,
        "train_IoU": 90.21610021591187,
        "train_epoch_time": 20.49263310432434,
        "val_accuracy": 99.09008741378784,
        "val_loss": 0.6761800678152788,
        "val_IoU": 87.66528367996216,
        "val_epoch_time": 3.4587416648864746
    },
    "5": {
        "train_accuracy": 98.80712628364563,
        "train_loss": 0.6642604470252992,
        "train_IoU": 90.1407778263092,
        "train_epoch_time": 20.43695616722107,
        "val_accuracy": 99.2921531200409,
        "val_loss": 0.6752839104125377,
        "val_IoU": 90.44535160064697,
        "val_epoch_time": 3.542905807495117
    },
    "6": {
        "train_accuracy": 98.89781475067139,
        "train_loss": 0.6635892762654073,
        "train_IoU": 90.81121683120728,
        "train_epoch_time": 20.552491426467896,
        "val_accuracy": 99.30522441864014,
        "val_loss": 0.6754351415132221,
        "val_IoU": 90.33840894699097,
        "val_epoch_time": 3.550307035446167
    },
    "7": {
        "train_accuracy": 98.855459690094,
        "train_loss": 0.6638224137865976,
        "train_IoU": 90.53584337234497,
        "train_epoch_time": 20.556527376174927,
        "val_accuracy": 98.86714816093445,
        "val_loss": 0.6757097918736309,
        "val_IoU": 85.92977523803711,
        "val_epoch_time": 3.530714750289917
    },
    "8": {
        "train_accuracy": 98.89902472496033,
        "train_loss": 0.6637739413890286,
        "train_IoU": 90.82584381103516,
        "train_epoch_time": 20.42211675643921,
        "val_accuracy": 99.28361773490906,
        "val_loss": 0.6756846747900311,
        "val_IoU": 90.0155782699585,
        "val_epoch_time": 3.484713315963745
    },
    "9": {
        "train_accuracy": 98.89389276504517,
        "train_loss": 0.66371484597524,
        "train_IoU": 90.81399440765381,
        "train_epoch_time": 20.378177642822266,
        "val_accuracy": 99.2842972278595,
        "val_loss": 0.6753526000600113,
        "val_IoU": 90.17057418823242,
        "val_epoch_time": 3.537055492401123
    },
    "10": {
        "train_accuracy": 98.8946259021759,
        "train_loss": 0.6635528198186901,
        "train_IoU": 90.81356525421143,
        "train_epoch_time": 20.4425311088562,
        "val_accuracy": 99.21985864639282,
        "val_loss": 0.6760300099849702,
        "val_IoU": 88.97079229354858,
        "val_epoch_time": 3.5130412578582764
    },
    "11": {
        "train_accuracy": 98.87522459030151,
        "train_loss": 0.6637122276900471,
        "train_IoU": 90.67960977554321,
        "train_epoch_time": 20.50899863243103,
        "val_accuracy": 99.24678206443787,
        "val_loss": 0.6758383324271756,
        "val_IoU": 90.09828567504883,
        "val_epoch_time": 3.5157041549682617
    },
    "12": {
        "train_accuracy": 98.8995611667633,
        "train_loss": 0.663640993228857,
        "train_IoU": 90.86160659790039,
        "train_epoch_time": 20.529979705810547,
        "val_accuracy": 99.28849339485168,
        "val_loss": 0.6753297259933069,
        "val_IoU": 90.20999670028687,
        "val_epoch_time": 3.5066120624542236
    },
    "13": {
        "train_accuracy": 98.87748956680298,
        "train_loss": 0.6637732369312337,
        "train_IoU": 90.6934380531311,
        "train_epoch_time": 20.497538566589355,
        "val_accuracy": 99.22617673873901,
        "val_loss": 0.6762889858923462,
        "val_IoU": 89.00882005691528,
        "val_epoch_time": 3.4805736541748047
    },
    "14": {
        "train_accuracy": 98.88772368431091,
        "train_loss": 0.6635461963605189,
        "train_IoU": 90.76540470123291,
        "train_epoch_time": 20.531043767929077,
        "val_accuracy": 99.31142330169678,
        "val_loss": 0.6750963816517277,
        "val_IoU": 90.6253457069397,
        "val_epoch_time": 3.544186592102051
    },
    "15": {
        "train_accuracy": 98.98320436477661,
        "train_loss": 0.6628831365834112,
        "train_IoU": 91.50043725967407,
        "train_epoch_time": 20.3641095161438,
        "val_accuracy": 99.34330582618713,
        "val_loss": 0.6751817731480848,
        "val_IoU": 90.80625772476196,
        "val_epoch_time": 3.521568775177002
    },
    "16": {
        "train_accuracy": 98.96270036697388,
        "train_loss": 0.6628420033316684,
        "train_IoU": 91.37710332870483,
        "train_epoch_time": 20.471007347106934,
        "val_accuracy": 99.37798380851746,
        "val_loss": 0.6749079996033718,
        "val_IoU": 91.30370616912842,
        "val_epoch_time": 3.5141024589538574
    },
    "17": {
        "train_accuracy": 99.05593991279602,
        "train_loss": 0.6624080206173056,
        "train_IoU": 92.09327697753906,
        "train_epoch_time": 20.54112434387207,
        "val_accuracy": 99.33319091796875,
        "val_loss": 0.6751873461823715,
        "val_IoU": 90.53541421890259,
        "val_epoch_time": 3.5278711318969727
    },
    "18": {
        "train_accuracy": 99.05197024345398,
        "train_loss": 0.6625313789084339,
        "train_IoU": 92.0424222946167,
        "train_epoch_time": 20.508493661880493,
        "val_accuracy": 99.34854507446289,
        "val_loss": 0.6747916874132658,
        "val_IoU": 91.05924367904663,
        "val_epoch_time": 3.5579051971435547
    },
    "19": {
        "train_accuracy": 99.04738068580627,
        "train_loss": 0.6625517563543455,
        "train_IoU": 91.99884533882141,
        "train_epoch_time": 20.542968273162842,
        "val_accuracy": 99.36701655387878,
        "val_loss": 0.6747182231200368,
        "val_IoU": 91.29799604415894,
        "val_epoch_time": 3.525909900665283
    },
    "20": {
        "train_accuracy": 99.00540113449097,
        "train_loss": 0.6625929548256638,
        "train_IoU": 91.7115330696106,
        "train_epoch_time": 20.563257455825806,
        "val_accuracy": 99.36951398849487,
        "val_loss": 0.6748599017921247,
        "val_IoU": 91.2129282951355,
        "val_epoch_time": 3.5338265895843506
    },
    "21": {
        "train_accuracy": 99.04791712760925,
        "train_loss": 0.6624341715073241,
        "train_IoU": 92.01759099960327,
        "train_epoch_time": 20.567963361740112,
        "val_accuracy": 99.37606453895569,
        "val_loss": 0.6747242604431354,
        "val_IoU": 91.31486415863037,
        "val_epoch_time": 3.47855806350708
    },
    "22": {
        "train_accuracy": 99.09765124320984,
        "train_loss": 0.6620988673058108,