{
    "0": {
        "train_accuracy": 91.92407131195068,
        "train_loss": 0.684419890244802,
        "train_IoU": 64.36172723770142,
        "train_epoch_time": 21.0280818939209,
        "val_accuracy": 98.74228239059448,
        "val_loss": 0.6815272553970939,
        "val_IoU": 84.18748378753662,
        "val_epoch_time": 3.567051410675049
    },
    "1": {
        "train_accuracy": 98.39019775390625,
        "train_loss": 0.6744541469691459,
        "train_IoU": 87.09050416946411,
        "train_epoch_time": 20.525063276290894,
        "val_accuracy": 99.16591048240662,
        "val_loss": 0.6816451424046566,
        "val_IoU": 88.29576969146729,
        "val_epoch_time": 3.5831146240234375
    },
    "2": {
        "train_accuracy": 98.72371554374695,
        "train_loss": 0.6729367271713583,
        "train_IoU": 89.4629716873169,
        "train_epoch_time": 20.53835129737854,
        "val_accuracy": 99.07704591751099,
        "val_loss": 0.6795618988965688,
        "val_IoU": 88.15155625343323,
        "val_epoch_time": 3.501854419708252
    },
    "3": {
        "train_accuracy": 98.7038791179657,
        "train_loss": 0.672908935425938,
        "train_IoU": 89.31573629379272,
        "train_epoch_time": 20.520632028579712,
        "val_accuracy": 98.79344701766968,
        "val_loss": 0.6798466004823381,
        "val_IoU": 85.63321828842163,
        "val_epoch_time": 3.514263868331909
    },
    "4": {
        "train_accuracy": 98.73688220977783,
        "train_loss": 0.6727139310560369,
        "train_IoU": 89.5764708518982,
        "train_epoch_time": 20.873361587524414,
        "val_accuracy": 99.3424117565155,
        "val_loss": 0.6796728827451406,
        "val_IoU": 90.76519012451172,
        "val_epoch_time": 3.5000956058502197
    },
    "5": {
        "train_accuracy": 98.92127513885498,
        "train_loss": 0.6715874373912811,
        "train_IoU": 90.95754027366638,
        "train_epoch_time": 20.346938848495483,
        "val_accuracy": 99.3026614189148,
        "val_loss": 0.6800956271196666,
        "val_IoU": 90.06990194320679,
        "val_epoch_time": 3.4865643978118896
    },
    "6": {
        "train_accuracy": 98.93002510070801,
        "train_loss": 0.6713946327783062,
        "train_IoU": 91.03516340255737,
        "train_epoch_time": 20.408325672149658,
        "val_accuracy": 98.89968037605286,
        "val_loss": 0.6794513040467314,
        "val_IoU": 86.60057783126831,
        "val_epoch_time": 3.525752305984497
    },
    "7": {
        "train_accuracy": 98.92361164093018,
        "train_loss": 0.6715792257716688,
        "train_IoU": 90.98976850509644,
        "train_epoch_time": 20.355385065078735,
        "val_accuracy": 99.37250018119812,
        "val_loss": 0.6797010333914505,
        "val_IoU": 91.23526215553284,
        "val_epoch_time": 3.4458301067352295
    },
    "8": {
        "train_accuracy": 99.02328848838806,
        "train_loss": 0.670474759046582,
        "train_IoU": 91.73851013183594,
        "train_epoch_time": 20.51345682144165,
        "val_accuracy": 99.41450953483582,
        "val_loss": 0.6800219730327003,
        "val_IoU": 91.63334369659424,
        "val_epoch_time": 3.526845932006836
    },
    "9": {
        "train_accuracy": 99.0294873714447,
        "train_loss": 0.6696923154851666,
        "train_IoU": 91.8582558631897,
        "train_epoch_time": 20.505769968032837,
        "val_accuracy": 99.43843483924866,
        "val_loss": 0.6787177920341492,
        "val_IoU": 91.80917739868164,
        "val_epoch_time": 3.458493232727051
    },
    "10": {
        "train_accuracy": 99.16854500770569,
        "train_loss": 0.6689762451510499,
        "train_IoU": 92.88628101348877,
        "train_epoch_time": 20.381122827529907,
        "val_accuracy": 99.50742721557617,
        "val_loss": 0.6783213144854495,
        "val_IoU": 92.89017915725708,
        "val_epoch_time": 3.5179734230041504
    },
    "11": {
        "train_accuracy": 98.88628125190735,
        "train_loss": 0.6686585269112524,
        "train_IoU": 90.868079662323,
        "train_epoch_time": 20.57658362388611,
        "val_accuracy": 99.4286596775055,
        "val_loss": 0.6780417247822411,
        "val_IoU": 91.92771911621094,
        "val_epoch_time": 3.5342142581939697
    },
    "12": {
        "train_accuracy": 98.97969365119934,
        "train_loss": 0.6685151807639911,
        "train_IoU": 91.51953458786011,
        "train_epoch_time": 20.465891122817993,
        "val_accuracy": 99.45700168609619,
        "val_loss": 0.6782611247740293,
        "val_IoU": 92.48862266540527,
        "val_epoch_time": 3.5225791931152344
    },
    "13": {
        "train_accuracy": 98.91292452812195,
        "train_loss": 0.6685918293137486,
        "train_IoU": 91.05424284934998,
        "train_epoch_time": 20.48995590209961,
        "val_accuracy": 99.3093729019165,
        "val_loss": 0.6776805159292723,
        "val_IoU": 90.68586826324463,
        "val_epoch_time": 3.513124704360962
    },
    "14": {
        "train_accuracy": 99.11244511604309,
        "train_loss": 0.6683391950268671,
        "train_IoU": 92.51261949539185,
        "train_epoch_time": 20.51366901397705,
        "val_accuracy": 99.40693378448486,
        "val_loss": 0.6790432475115123,
        "val_IoU": 91.5012538433075,
        "val_epoch_time": 3.520965099334717
    },
    "15": {
        "train_accuracy": 98.99712800979614,
        "train_loss": 0.6684333353802779,
        "train_IoU": 91.63048267364502,
        "train_epoch_time": 20.446073055267334,
        "val_accuracy": 99.45223927497864,
        "val_loss": 0.6777829810192709,
        "val_IoU": 92.2903060913086,
        "val_epoch_time": 3.5392088890075684
    },
    "16": {
        "train_accuracy": 99.00906682014465,
        "train_loss": 0.6683693135130235,
        "train_IoU": 91.7300820350647,
        "train_epoch_time": 20.489638090133667,
        "val_accuracy": 99.44397211074829,
        "val_loss": 0.6790648322356375,
        "val_IoU": 92.0444130897522,
        "val_epoch_time": 3.531325578689575
    },
    "17": {
        "train_accuracy": 99.12266135215759,
        "train_loss": 0.668415561966274,
        "train_IoU": 92.56285429000854,
        "train_epoch_time": 20.39350152015686,
        "val_accuracy": 99.41157698631287,
        "val_loss": 0.6779382683728868,
        "val_IoU": 91.84545278549194,
        "val_epoch_time": 3.538562774658203
    },
    "18": {
        "train_accuracy": 99.10826683044434,
        "train_loss": 0.6684815620166668,
        "train_IoU": 92.43923425674438,
        "train_epoch_time": 20.37645983695984,
        "val_accuracy": 99.3539571762085,
        "val_loss": 0.6779656472959018,
        "val_IoU": 91.27275347709656,
        "val_epoch_time": 3.5264978408813477
    },
    "19": {
        "train_accuracy": 98.98875951766968,
        "train_loss": 0.6683948605820754,
        "train_IoU": 91.5947437286377,
        "train_epoch_time": 20.50589156150818,
        "val_accuracy": 99.4050145149231,
        "val_loss": 0.678429313396153,
        "val_IoU": 91.62718653678894,
        "val_epoch_time": 3.518174648284912
    },
    "20": {
        "train_accuracy": 99.03148412704468,
        "train_loss": 0.6684815486272179,
        "train_IoU": 91.8499231338501,
        "train_epoch_time": 20.497722864151,
        "val_accuracy": 99.37939643859863,
        "val_loss": 0.6790377152593512,
        "val_IoU": 90.98520278930664,
        "val_epoch_time": 3.5788376331329346
    },
    "21": {
        "train_accuracy": 99.03033375740051,
        "train_loss": 0.6682321900042936,
        "train_IoU": 91.88854694366455,
        "train_epoch_time": 20.373034238815308,
        "val_accuracy": 99.52269792556763,
        "val_loss": 0.6784241764168991,
        "val_IoU": 93.161940574646,
        "val_epoch_time": 3.544232130050659
    },
    "22": {
        "train_accuracy": 98.75823259353638,
        "train_loss": 0.6678393038286681,
        "train_IoU": 90.02466201782227,