{
    "0": {
        "train_accuracy": 87.81218528747559,
        "train_loss": 0.6823556138121559,
        "train_IoU": 59.06630754470825,
        "train_epoch_time": 20.492951154708862,
        "val_accuracy": 98.77590537071228,
        "val_loss": 0.6793688786657233,
        "val_IoU": 86.40211224555969,
        "val_epoch_time": 3.538511037826538
    },
    "1": {
        "train_accuracy": 98.40444922447205,
        "train_loss": 0.6713918525239695,
        "train_IoU": 88.61885070800781,
        "train_epoch_time": 20.488391876220703,
        "val_accuracy": 97.87926077842712,
        "val_loss": 0.6785028153344203,
        "val_IoU": 80.24492859840393,
        "val_epoch_time": 3.536437749862671
    },
    "2": {
        "train_accuracy": 98.3783483505249,
        "train_loss": 0.6714330985062363,
        "train_IoU": 88.46293091773987,
        "train_epoch_time": 20.608787059783936,
        "val_accuracy": 99.11300539970398,
        "val_loss": 0.6790811215576373,
        "val_IoU": 89.23083543777466,
        "val_epoch_time": 3.558864116668701
    },
    "3": {
        "train_accuracy": 98.65629076957703,
        "train_loss": 0.6699273970679962,
        "train_IoU": 90.18697738647461,
        "train_epoch_time": 20.52806305885315,
        "val_accuracy": 99.10323023796082,
        "val_loss": 0.6784913273234118,
        "val_IoU": 89.50473070144653,
        "val_epoch_time": 3.548550605773926
    },
    "4": {
        "train_accuracy": 98.76652956008911,
        "train_loss": 0.6689313192298445,
        "train_IoU": 90.89478254318237,
        "train_epoch_time": 20.37542486190796,
        "val_accuracy": 99.1621196269989,
        "val_loss": 0.6783485945902373,
        "val_IoU": 89.9669885635376,
        "val_epoch_time": 3.530226707458496
    },
    "5": {
        "train_accuracy": 98.84186387062073,
        "train_loss": 0.6682031560635221,
        "train_IoU": 91.38246178627014,
        "train_epoch_time": 20.419185161590576,
        "val_accuracy": 99.23361539840698,
        "val_loss": 0.6775411775237635,
        "val_IoU": 90.6536340713501,
        "val_epoch_time": 3.553557872772217
    },
    "6": {
        "train_accuracy": 98.9270269870758,
        "train_loss": 0.6674557790376137,
        "train_IoU": 91.94032549858093,
        "train_epoch_time": 20.441951036453247,
        "val_accuracy": 99.22193884849548,
        "val_loss": 0.6759480583040337,
        "val_IoU": 90.68174362182617,
        "val_epoch_time": 3.527170419692993
    },
    "7": {
        "train_accuracy": 98.94710183143616,
        "train_loss": 0.6669388590515524,
        "train_IoU": 92.06432104110718,
        "train_epoch_time": 20.52343988418579,
        "val_accuracy": 99.1911768913269,
        "val_loss": 0.6760256164952329,
        "val_IoU": 90.4764711856842,
        "val_epoch_time": 3.4989049434661865
    },
    "8": {
        "train_accuracy": 98.97331595420837,
        "train_loss": 0.6668444025343745,
        "train_IoU": 92.24320650100708,
        "train_epoch_time": 20.532339096069336,
        "val_accuracy": 99.26121830940247,
        "val_loss": 0.6768797243896284,
        "val_IoU": 90.85075855255127,
        "val_epoch_time": 3.458908796310425
    },
    "9": {
        "train_accuracy": 98.99527430534363,
        "train_loss": 0.6661637377911722,
        "train_IoU": 92.38610863685608,
        "train_epoch_time": 20.43824815750122,
        "val_accuracy": 99.32934045791626,
        "val_loss": 0.677225101935236,
        "val_IoU": 91.64822697639465,
        "val_epoch_time": 3.4941821098327637
    },
    "10": {
        "train_accuracy": 99.02850985527039,
        "train_loss": 0.6654885536518654,
        "train_IoU": 92.61692762374878,
        "train_epoch_time": 20.438711643218994,
        "val_accuracy": 99.24460649490356,
        "val_loss": 0.6769247211908039,
        "val_IoU": 90.7716155052185,
        "val_epoch_time": 3.5028514862060547
    },
    "11": {
        "train_accuracy": 99.0401566028595,
        "train_loss": 0.6657511445059292,
        "train_IoU": 92.68510341644287,
        "train_epoch_time": 20.591000080108643,
        "val_accuracy": 99.25751686096191,
        "val_loss": 0.6772600820190028,
        "val_IoU": 91.00240468978882,
        "val_epoch_time": 3.478170156478882
    },
    "12": {
        "train_accuracy": 99.0250825881958,
        "train_loss": 0.665725359018298,
        "train_IoU": 92.58909821510315,
        "train_epoch_time": 20.461925983428955,
        "val_accuracy": 99.23661351203918,
        "val_loss": 0.6759046331832285,
        "val_IoU": 90.68970680236816,
        "val_epoch_time": 3.525315523147583
    },
    "13": {
        "train_accuracy": 99.02737736701965,
        "train_loss": 0.6657817026843196,
        "train_IoU": 92.59666204452515,
        "train_epoch_time": 20.39575481414795,
        "val_accuracy": 99.27935600280762,
        "val_loss": 0.6764371787246908,
        "val_IoU": 90.91819524765015,
        "val_epoch_time": 3.5387706756591797
    },
    "14": {
        "train_accuracy": 99.0113914012909,
        "train_loss": 0.6658770040325495,
        "train_IoU": 92.49206185340881,
        "train_epoch_time": 20.49933695793152,
        "val_accuracy": 99.22541975975037,
        "val_loss": 0.676543072650307,
        "val_IoU": 90.61152935028076,
        "val_epoch_time": 3.520988941192627
    },
    "15": {
        "train_accuracy": 98.99640679359436,
        "train_loss": 0.665857097376948,
        "train_IoU": 92.38876104354858,
        "train_epoch_time": 20.432552337646484,
        "val_accuracy": 99.27361607551575,
        "val_loss": 0.6773185384900947,
        "val_IoU": 90.71024656295776,
        "val_epoch_time": 3.54785418510437
    },
    "16": {
        "train_accuracy": 99.02285933494568,
        "train_loss": 0.6659074697805486,
        "train_IoU": 92.57016181945801,
        "train_epoch_time": 20.601296424865723,
        "val_accuracy": 99.2918312549591,
        "val_loss": 0.6758454222428172,
        "val_IoU": 91.44113063812256,
        "val_epoch_time": 3.5179030895233154
    },
    "17": {
        "train_accuracy": 99.01409149169922,
        "train_loss": 0.665731766085694,
        "train_IoU": 92.50362515449524,
        "train_epoch_time": 20.51146173477173,
        "val_accuracy": 99.30733442306519,
        "val_loss": 0.6766532141911356,
        "val_IoU": 91.5460467338562,
        "val_epoch_time": 3.479818105697632
    },
    "18": {
        "train_accuracy": 99.03808832168579,
        "train_loss": 0.665572256281756,
        "train_IoU": 92.67938733100891,
        "train_epoch_time": 20.52250385284424,
        "val_accuracy": 99.25801753997803,
        "val_loss": 0.6757905906752537,
        "val_IoU": 91.11232161521912,
        "val_epoch_time": 3.5569043159484863
    },
    "19": {
        "train_accuracy": 99.01795387268066,
        "train_loss": 0.6658195615678595,
        "train_IoU": 92.53973364830017,
        "train_epoch_time": 20.348807334899902,
        "val_accuracy": 99.27218556404114,
        "val_loss": 0.6760138947712748,
        "val_IoU": 91.2833571434021,
        "val_epoch_time": 3.535597562789917
    },
    "20": {
        "train_accuracy": 99.04904961585999,
        "train_loss": 0.6656710881253944,
        "train_IoU": 92.74996519088745,
        "train_epoch_time": 20.521570444107056,
        "val_accuracy": 99.27759766578674,
        "val_loss": 0.6755318422066539,
        "val_IoU": 91.3101077079773,
        "val_epoch_time": 3.4925153255462646
    },
    "21": {
        "train_accuracy": 99.02347922325134,
        "train_loss": 0.6657177084597988,
        "train_IoU": 92.57882237434387,
        "train_epoch_time": 20.405218362808228,
        "val_accuracy": 99.36084747314453,
        "val_loss": 0.6767133490035406,
        "val_IoU": 91.91895723342896,
        "val_epoch_time": 3.527968168258667
    },
    "22": {
        "train_accuracy": 98.94800782203674,
        "train_loss": 0.665249511383582,