{
    "0": {
        "train_accuracy": 82.18598365783691,
        "train_loss": 0.700194072464238,
        "train_IoU": 50.59611797332764,
        "train_epoch_time": 20.55439519882202,
        "val_accuracy": 98.18812012672424,
        "val_loss": 0.6795078908142291,
        "val_IoU": 79.34257984161377,
        "val_epoch_time": 3.4987800121307373
    },
    "1": {
        "train_accuracy": 98.14429879188538,
        "train_loss": 0.6667958675087367,
        "train_IoU": 85.65758466720581,
        "train_epoch_time": 20.46225357055664,
        "val_accuracy": 99.06571507453918,
        "val_loss": 0.6766556360219655,
        "val_IoU": 87.41763830184937,
        "val_epoch_time": 3.499870777130127
    },
    "2": {
        "train_accuracy": 98.73749613761902,
        "train_loss": 0.6634398042291835,
        "train_IoU": 90.00259637832642,
        "train_epoch_time": 20.437122106552124,
        "val_accuracy": 99.21133518218994,
        "val_loss": 0.6747345124420365,
        "val_IoU": 89.83023762702942,
        "val_epoch_time": 3.5335781574249268
    },
    "3": {
        "train_accuracy": 98.8621175289154,
        "train_loss": 0.6626683676588365,
        "train_IoU": 90.90965986251831,
        "train_epoch_time": 20.37094020843506,
        "val_accuracy": 99.20481443405151,
        "val_loss": 0.674379864805623,
        "val_IoU": 89.88019227981567,
        "val_epoch_time": 3.5326759815216064
    },
    "4": {
        "train_accuracy": 98.92752170562744,
        "train_loss": 0.6621024379695672,
        "train_IoU": 91.40116572380066,
        "train_epoch_time": 20.52158260345459,
        "val_accuracy": 99.34957027435303,
        "val_loss": 0.6740570115415673,
        "val_IoU": 91.43056869506836,
        "val_epoch_time": 3.5327606201171875
    },
    "5": {
        "train_accuracy": 98.97029995918274,
        "train_loss": 0.6616521607274595,
        "train_IoU": 91.73083305358887,
        "train_epoch_time": 20.59967851638794,
        "val_accuracy": 99.3553876876831,
        "val_loss": 0.6740189947580036,
        "val_IoU": 91.43780469894409,
        "val_epoch_time": 3.532071113586426
    },
    "6": {
        "train_accuracy": 98.995840549469,
        "train_loss": 0.6612721949383829,
        "train_IoU": 91.91443920135498,
        "train_epoch_time": 20.417713403701782,
        "val_accuracy": 99.35258030891418,
        "val_loss": 0.6738682436315636,
        "val_IoU": 91.43317937850952,
        "val_epoch_time": 3.5619168281555176
    },
    "7": {
        "train_accuracy": 98.9970326423645,
        "train_loss": 0.6615593083526776,
        "train_IoU": 91.94357395172119,
        "train_epoch_time": 20.488800525665283,
        "val_accuracy": 99.34715628623962,
        "val_loss": 0.6737281225229566,
        "val_IoU": 91.44171476364136,
        "val_epoch_time": 3.558382511138916
    },
    "8": {
        "train_accuracy": 99.02402758598328,
        "train_loss": 0.6611839303935786,
        "train_IoU": 92.13255643844604,
        "train_epoch_time": 20.465264081954956,
        "val_accuracy": 99.33737516403198,
        "val_loss": 0.6737267108340012,
        "val_IoU": 91.38634204864502,
        "val_epoch_time": 3.4555952548980713
    },
    "9": {
        "train_accuracy": 99.02202486991882,
        "train_loss": 0.6613443692525225,
        "train_IoU": 92.11938381195068,
        "train_epoch_time": 20.54498815536499,
        "val_accuracy": 99.28401112556458,
        "val_loss": 0.6740189022139499,
        "val_IoU": 90.95189571380615,
        "val_epoch_time": 3.520231008529663
    },
    "10": {
        "train_accuracy": 99.03005957603455,
        "train_loss": 0.6613865844581438,
        "train_IoU": 92.18430519104004,
        "train_epoch_time": 20.51695489883423,
        "val_accuracy": 99.32016134262085,
        "val_loss": 0.6739046808920409,
        "val_IoU": 91.03643894195557,
        "val_epoch_time": 3.478437662124634
    },
    "11": {
        "train_accuracy": 99.01757836341858,
        "train_loss": 0.6613243857155674,
        "train_IoU": 92.08366870880127,
        "train_epoch_time": 20.406981229782104,
        "val_accuracy": 99.17991161346436,
        "val_loss": 0.6746164136811308,
        "val_IoU": 90.00864028930664,
        "val_epoch_time": 3.5303804874420166
    },
    "12": {
        "train_accuracy": 99.01905059814453,
        "train_loss": 0.6613656027593475,
        "train_IoU": 92.09811687469482,
        "train_epoch_time": 20.53764533996582,
        "val_accuracy": 99.34436082839966,
        "val_loss": 0.6741328553149575,
        "val_IoU": 91.21029376983643,
        "val_epoch_time": 3.787393569946289
    },
    "13": {
        "train_accuracy": 99.01050329208374,
        "train_loss": 0.661345318607662,
        "train_IoU": 92.04192161560059,
        "train_epoch_time": 20.454358339309692,
        "val_accuracy": 99.37996864318848,
        "val_loss": 0.6735961515652507,
        "val_IoU": 91.86839461326599,
        "val_epoch_time": 3.504732608795166
    },
    "14": {
        "train_accuracy": 99.05746579170227,
        "train_loss": 0.660809901745423,
        "train_IoU": 92.3854410648346,
        "train_epoch_time": 20.417078495025635,
        "val_accuracy": 99.35441613197327,
        "val_loss": 0.6738464283315759,
        "val_IoU": 91.38656854629517,
        "val_epoch_time": 3.542564868927002
    },
    "15": {
        "train_accuracy": 99.05281662940979,
        "train_loss": 0.6609564129857047,
        "train_IoU": 92.35069751739502,
        "train_epoch_time": 20.53696846961975,
        "val_accuracy": 99.3065595626831,
        "val_loss": 0.6740204284065648,
        "val_IoU": 90.82329273223877,
        "val_epoch_time": 3.4872312545776367
    },
    "16": {
        "train_accuracy": 99.04888868331909,
        "train_loss": 0.661102597264276,
        "train_IoU": 92.31688976287842,
        "train_epoch_time": 20.504497289657593,
        "val_accuracy": 99.37448501586914,
        "val_loss": 0.6735102738204753,
        "val_IoU": 91.79806709289551,
        "val_epoch_time": 3.6917026042938232
    },
    "17": {
        "train_accuracy": 99.03925657272339,
        "train_loss": 0.6612056511035863,
        "train_IoU": 92.24140644073486,
        "train_epoch_time": 20.519596576690674,
        "val_accuracy": 99.39550757408142,
        "val_loss": 0.6736665917070287,
        "val_IoU": 91.87716841697693,
        "val_epoch_time": 3.5082039833068848
    },
    "18": {
        "train_accuracy": 99.07114505767822,
        "train_loss": 0.66068932198096,
        "train_IoU": 92.48940944671631,
        "train_epoch_time": 20.403828620910645,
        "val_accuracy": 99.36253428459167,
        "val_loss": 0.6736442854529933,
        "val_IoU": 91.80768132209778,
        "val_epoch_time": 3.5012190341949463
    },
    "19": {
        "train_accuracy": 99.05872344970703,
        "train_loss": 0.6606858821882722,
        "train_IoU": 92.39628911018372,
        "train_epoch_time": 20.521175146102905,
        "val_accuracy": 99.39454793930054,
        "val_loss": 0.6738059238383644,
        "val_IoU": 91.84280633926392,
        "val_epoch_time": 3.539417028427124
    },
    "20": {
        "train_accuracy": 99.05816912651062,
        "train_loss": 0.6609549777231352,
        "train_IoU": 92.38632917404175,
        "train_epoch_time": 20.60034680366516,
        "val_accuracy": 98.92317652702332,
        "val_loss": 0.6740074659648693,
        "val_IoU": 87.35246658325195,
        "val_epoch_time": 3.57071590423584
    },
    "21": {
        "train_accuracy": 99.07864928245544,
        "train_loss": 0.6608188990233598,
        "train_IoU": 92.54460334777832,
        "train_epoch_time": 20.350770235061646,
        "val_accuracy": 99.39425587654114,
        "val_loss": 0.6736226081848146,
        "val_IoU": 92.006516456604,
        "val_epoch_time": 3.5409390926361084
    },
    "22": {
        "train_accuracy": 99.0887999534607,
        "train_loss": 0.6605690380801323,