{
    "0": {
        "train_accuracy": 92.14664101600647,
        "train_loss": 0.6979525770921372,
        "train_IoU": 64.86102342605591,
        "train_epoch_time": 298.44295144081116,
        "val_accuracy": 98.38228225708008,
        "val_loss": 0.6805113149540765,
        "val_IoU": 80.57659864425659,
        "val_epoch_time": 27.05403447151184
    },
    "1": {
        "train_accuracy": 94.9867844581604,
        "train_loss": 0.6801713296391454,
        "train_IoU": 73.44136238098145,
        "train_epoch_time": 298.607271194458,
        "val_accuracy": 96.29809260368347,
        "val_loss": 0.6847608951585633,
        "val_IoU": 69.53391432762146,
        "val_epoch_time": 26.529135704040527
    },
    "2": {
        "train_accuracy": 94.8799192905426,
        "train_loss": 0.6811564317563688,
        "train_IoU": 73.2904314994812,
        "train_epoch_time": 308.7156813144684,
        "val_accuracy": 98.27402234077454,
        "val_loss": 0.6824861850057332,
        "val_IoU": 79.76078987121582,
        "val_epoch_time": 27.75392746925354
    },
    "3": {
        "train_accuracy": 95.00118494033813,
        "train_loss": 0.6796760922524985,
        "train_IoU": 73.66092205047607,
        "train_epoch_time": 316.3274350166321,
        "val_accuracy": 96.2450623512268,
        "val_loss": 0.6844811599169458,
        "val_IoU": 69.54375505447388,
        "val_epoch_time": 27.885671854019165
    },
    "4": {
        "train_accuracy": 95.3666627407074,
        "train_loss": 0.6787296388207414,
        "train_IoU": 74.72878694534302,
        "train_epoch_time": 320.3171920776367,
        "val_accuracy": 92.96095371246338,
        "val_loss": 0.6969074117285866,
        "val_IoU": 60.99085807800293,
        "val_epoch_time": 87.9953544139862
    },
    "5": {
        "train_accuracy": 94.9708342552185,
        "train_loss": 0.6799421741710447,
        "train_IoU": 73.33943247795105,
        "train_epoch_time": 296.7993929386139,
        "val_accuracy": 97.94960618019104,
        "val_loss": 0.6859223225287027,
        "val_IoU": 77.528977394104,
        "val_epoch_time": 28.440843105316162
    },
    "6": {
        "train_accuracy": 95.11610865592957,
        "train_loss": 0.6799678259748748,
        "train_IoU": 73.77665638923645,
        "train_epoch_time": 298.23092889785767,
        "val_accuracy": 94.74387168884277,
        "val_loss": 0.6871669058288846,
        "val_IoU": 64.63899612426758,
        "val_epoch_time": 27.449135065078735
    },
    "7": {
        "train_accuracy": 95.00487446784973,
        "train_loss": 0.6800824839894368,
        "train_IoU": 73.62221479415894,
        "train_epoch_time": 298.8894248008728,
        "val_accuracy": 87.91185021400452,
        "val_loss": 0.726018199963229,
        "val_IoU": 52.24125385284424,
        "val_epoch_time": 27.61204981803894
    },
    "8": {
        "train_accuracy": 95.04702687263489,
        "train_loss": 0.6791517621456443,
        "train_IoU": 73.82639646530151,
        "train_epoch_time": 300.1110026836395,
        "val_accuracy": 98.44180345535278,
        "val_loss": 0.6826307890670641,
        "val_IoU": 80.0641655921936,
        "val_epoch_time": 28.233572244644165
    },
    "9": {
        "train_accuracy": 95.03033757209778,
        "train_loss": 0.6803902928745201,
        "train_IoU": 73.94856214523315,
        "train_epoch_time": 300.99781227111816,
        "val_accuracy": 98.25106859207153,
        "val_loss": 0.6874258933322772,
        "val_IoU": 79.65598702430725,
        "val_epoch_time": 28.39701819419861
    },
    "10": {
        "train_accuracy": 95.11520266532898,
        "train_loss": 0.6791145019738012,
        "train_IoU": 73.92414808273315,
        "train_epoch_time": 301.30276918411255,
        "val_accuracy": 97.96101450920105,
        "val_loss": 0.6938460160579,
        "val_IoU": 78.67804765701294,
        "val_epoch_time": 28.1441330909729
    },
    "11": {
        "train_accuracy": 95.12695670127869,
        "train_loss": 0.6801839722850458,
        "train_IoU": 74.06594753265381,
        "train_epoch_time": 304.35719180107117,
        "val_accuracy": 85.78455448150635,
        "val_loss": 0.7131674076829637,
        "val_IoU": 50.91391205787659,
        "val_epoch_time": 26.937034845352173
    },
    "12": {
        "train_accuracy": 95.05420923233032,
        "train_loss": 0.6793423458166563,
        "train_IoU": 73.65114688873291,
        "train_epoch_time": 295.73057317733765,
        "val_accuracy": 89.59373831748962,
        "val_loss": 0.705681469823633,
        "val_IoU": 55.86281418800354,
        "val_epoch_time": 26.471384525299072
    },
    "13": {
        "train_accuracy": 95.35273313522339,
        "train_loss": 0.6795940874068717,
        "train_IoU": 74.8365581035614,
        "train_epoch_time": 293.45975637435913,
        "val_accuracy": 98.57631325721741,
        "val_loss": 0.6830164045095447,
        "val_IoU": 82.0897102355957,
        "val_epoch_time": 26.53170871734619
    },
    "14": {
        "train_accuracy": 95.35197019577026,
        "train_loss": 0.6757765039195862,
        "train_IoU": 75.5551815032959,
        "train_epoch_time": 293.2407863140106,
        "val_accuracy": 98.71543049812317,
        "val_loss": 0.6811999476381709,
        "val_IoU": 82.96804428100586,
        "val_epoch_time": 26.4608952999115
    },
    "15": {
        "train_accuracy": 95.71454524993896,
        "train_loss": 0.6743740919159682,
        "train_IoU": 76.9938588142395,
        "train_epoch_time": 293.5223619937897,
        "val_accuracy": 98.7148106098175,
        "val_loss": 0.6780837050506047,
        "val_IoU": 84.82751846313477,
        "val_epoch_time": 26.52752137184143
    },
    "16": {
        "train_accuracy": 96.6046929359436,
        "train_loss": 0.6705348772731249,
        "train_IoU": 80.24418354034424,
        "train_epoch_time": 293.55378794670105,
        "val_accuracy": 98.53394627571106,
        "val_loss": 0.6838480361870356,
        "val_IoU": 81.76795244216919,
        "val_epoch_time": 26.348352670669556
    },
    "17": {
        "train_accuracy": 96.3733971118927,
        "train_loss": 0.6714422754478973,
        "train_IoU": 79.38504219055176,
        "train_epoch_time": 293.4828841686249,
        "val_accuracy": 98.4711766242981,
        "val_loss": 0.6819219269922803,
        "val_IoU": 81.7055344581604,
        "val_epoch_time": 26.598201036453247
    },
    "18": {
        "train_accuracy": 96.70872092247009,
        "train_loss": 0.6706264657056745,
        "train_IoU": 80.5709958076477,
        "train_epoch_time": 293.8436908721924,
        "val_accuracy": 96.8696117401123,
        "val_loss": 0.6829548871942928,
        "val_IoU": 74.3326485157013,
        "val_epoch_time": 26.869134664535522
    },
    "19": {
        "train_accuracy": 96.73920273780823,
        "train_loss": 0.6701625727702606,
        "train_IoU": 80.828857421875,
        "train_epoch_time": 293.3886706829071,
        "val_accuracy": 94.61669921875,
        "val_loss": 0.6851812388215748,
        "val_IoU": 64.94565010070801,
        "val_epoch_time": 26.56095814704895
    },
    "20": {
        "train_accuracy": 96.14763259887695,
        "train_loss": 0.6722675057930673,
        "train_IoU": 78.67226600646973,
        "train_epoch_time": 293.477707862854,
        "val_accuracy": 98.97397756576538,
        "val_loss": 0.677460305392742,
        "val_IoU": 87.1142566204071,
        "val_epoch_time": 26.54043173789978
    },
    "21": {
        "train_accuracy": 97.15235829353333,
        "train_loss": 0.6681774074469159,
        "train_IoU": 82.6187252998352,
        "train_epoch_time": 293.8070938587189,
        "val_accuracy": 98.98130297660828,
        "val_loss": 0.6787988469004633,
        "val_IoU": 87.14351654052734,
        "val_epoch_time": 26.680747270584106
    },
    "22": {
        "train_accuracy": 97.18600511550903,
        "train_loss": 0.6668214310152419,
        "train_IoU": 82.93396234512329,