{
    "0": {
        "train_accuracy": 93.08958053588867,
        "train_loss": 0.6870579821307486,
        "train_IoU": 68.92350316047668,
        "train_epoch_time": 294.20856380462646,
        "val_accuracy": 97.00758457183838,
        "val_loss": 0.687089078128338,
        "val_IoU": 74.65949654579163,
        "val_epoch_time": 26.320196390151978
    },
    "1": {
        "train_accuracy": 95.53608894348145,
        "train_loss": 0.6836964058359145,
        "train_IoU": 76.76558494567871,
        "train_epoch_time": 293.4785945415497,
        "val_accuracy": 98.08759093284607,
        "val_loss": 0.6846469438501769,
        "val_IoU": 80.97916841506958,
        "val_epoch_time": 26.834797859191895
    },
    "2": {
        "train_accuracy": 95.37030458450317,
        "train_loss": 0.6815822182632084,
        "train_IoU": 76.8396258354187,
        "train_epoch_time": 293.60054087638855,
        "val_accuracy": 98.62012267112732,
        "val_loss": 0.6861567390816553,
        "val_IoU": 84.42094922065735,
        "val_epoch_time": 26.710824728012085
    },
    "3": {
        "train_accuracy": 94.93993520736694,
        "train_loss": 0.6792773379866026,
        "train_IoU": 75.90474486351013,
        "train_epoch_time": 293.81782579421997,
        "val_accuracy": 98.6973524093628,
        "val_loss": 0.6836654394865037,
        "val_IoU": 85.61031818389893,
        "val_epoch_time": 26.283844232559204
    },
    "4": {
        "train_accuracy": 94.89885568618774,
        "train_loss": 0.6775692770797704,
        "train_IoU": 75.96273422241211,
        "train_epoch_time": 293.57249450683594,
        "val_accuracy": 97.8778600692749,
        "val_loss": 0.6826323217579298,
        "val_IoU": 80.94152808189392,
        "val_epoch_time": 26.908500909805298
    },
    "5": {
        "train_accuracy": 95.65261602401733,
        "train_loss": 0.6775659999550192,
        "train_IoU": 78.28798294067383,
        "train_epoch_time": 293.2679030895233,
        "val_accuracy": 97.44418263435364,
        "val_loss": 0.6799677876489502,
        "val_IoU": 78.37110757827759,
        "val_epoch_time": 26.705854415893555
    },
    "6": {
        "train_accuracy": 94.54212188720703,
        "train_loss": 0.6773689292310698,
        "train_IoU": 74.97201561927795,
        "train_epoch_time": 293.62944078445435,
        "val_accuracy": 96.15104794502258,
        "val_loss": 0.6802516026156291,
        "val_IoU": 72.87934422492981,
        "val_epoch_time": 26.342832326889038
    },
    "7": {
        "train_accuracy": 95.37829160690308,
        "train_loss": 0.6771977038241334,
        "train_IoU": 77.3799479007721,
        "train_epoch_time": 293.37866139411926,
        "val_accuracy": 98.89717698097229,
        "val_loss": 0.6810647887842995,
        "val_IoU": 87.58407831192017,
        "val_epoch_time": 27.05269694328308
    },
    "8": {
        "train_accuracy": 95.1129674911499,
        "train_loss": 0.6753418311517088,
        "train_IoU": 76.69532299041748,
        "train_epoch_time": 293.9172897338867,
        "val_accuracy": 97.73353338241577,
        "val_loss": 0.688526157821928,
        "val_IoU": 72.40679860115051,
        "val_epoch_time": 26.812378644943237
    },
    "9": {
        "train_accuracy": 95.36054730415344,
        "train_loss": 0.675491995927764,
        "train_IoU": 77.3935317993164,
        "train_epoch_time": 293.68730878829956,
        "val_accuracy": 95.96291184425354,
        "val_loss": 0.6822168199079378,
        "val_IoU": 72.22027778625488,
        "val_epoch_time": 26.54186749458313
    },
    "10": {
        "train_accuracy": 94.93617415428162,
        "train_loss": 0.6753894412097569,
        "train_IoU": 76.05113983154297,
        "train_epoch_time": 294.00951647758484,
        "val_accuracy": 98.86389374732971,
        "val_loss": 0.6807837890727181,
        "val_IoU": 87.43779063224792,
        "val_epoch_time": 27.159804105758667
    },
    "11": {
        "train_accuracy": 95.37138342857361,
        "train_loss": 0.6753523033162762,
        "train_IoU": 77.55692601203918,
        "train_epoch_time": 294.1863420009613,
        "val_accuracy": 98.17096590995789,
        "val_loss": 0.6863711667912348,
        "val_IoU": 78.16737294197083,
        "val_epoch_time": 27.057162046432495
    },
    "12": {
        "train_accuracy": 95.47134041786194,
        "train_loss": 0.6749756030920074,
        "train_IoU": 77.83353328704834,
        "train_epoch_time": 293.757285118103,
        "val_accuracy": 98.84342551231384,
        "val_loss": 0.6823286360927993,
        "val_IoU": 86.8213415145874,
        "val_epoch_time": 26.550411462783813
    },
    "13": {
        "train_accuracy": 95.56321501731873,
        "train_loss": 0.674530358333898,
        "train_IoU": 78.3102035522461,
        "train_epoch_time": 293.71029472351074,
        "val_accuracy": 99.01570081710815,
        "val_loss": 0.6805038952401706,
        "val_IoU": 88.64032626152039,
        "val_epoch_time": 27.287458896636963
    },
    "14": {
        "train_accuracy": 95.45575380325317,
        "train_loss": 0.6726895573985607,
        "train_IoU": 77.99307107925415,
        "train_epoch_time": 293.90097856521606,
        "val_accuracy": 98.44339489936829,
        "val_loss": 0.6846265154225485,
        "val_IoU": 81.55399560928345,
        "val_epoch_time": 26.73977255821228
    },
    "15": {
        "train_accuracy": 95.36470770835876,
        "train_loss": 0.6735414264971004,
        "train_IoU": 77.56765484809875,
        "train_epoch_time": 294.1194417476654,
        "val_accuracy": 98.6595094203949,
        "val_loss": 0.678696201315948,
        "val_IoU": 86.09745502471924,
        "val_epoch_time": 26.696682929992676
    },
    "16": {
        "train_accuracy": 95.29712796211243,
        "train_loss": 0.6729598095423485,
        "train_IoU": 77.38861441612244,
        "train_epoch_time": 294.0580770969391,
        "val_accuracy": 98.87802600860596,
        "val_loss": 0.6793775952288085,
        "val_IoU": 87.70509958267212,
        "val_epoch_time": 26.94456458091736
    },
    "17": {
        "train_accuracy": 96.1800217628479,
        "train_loss": 0.6728169475467543,
        "train_IoU": 80.41813373565674,
        "train_epoch_time": 294.3657491207123,
        "val_accuracy": 99.01115894317627,
        "val_loss": 0.680350235530308,
        "val_IoU": 88.50975632667542,
        "val_epoch_time": 26.828493118286133
    },
    "18": {
        "train_accuracy": 95.06811499595642,
        "train_loss": 0.6729560510575942,
        "train_IoU": 76.58453583717346,
        "train_epoch_time": 294.01899003982544,
        "val_accuracy": 99.02739524841309,
        "val_loss": 0.6800496450492316,
        "val_IoU": 88.90663385391235,
        "val_epoch_time": 26.78563380241394
    },
    "19": {
        "train_accuracy": 95.59502005577087,
        "train_loss": 0.6707358180992007,
        "train_IoU": 78.58173847198486,
        "train_epoch_time": 294.25631523132324,
        "val_accuracy": 98.9502489566803,
        "val_loss": 0.681137105183942,
        "val_IoU": 87.97483444213867,
        "val_epoch_time": 26.816494464874268
    },
    "20": {
        "train_accuracy": 95.67286968231201,
        "train_loss": 0.6713711243011768,
        "train_IoU": 78.62672805786133,
        "train_epoch_time": 293.960914850235,
        "val_accuracy": 98.83891344070435,
        "val_loss": 0.67871234778847,
        "val_IoU": 87.40252256393433,
        "val_epoch_time": 26.410154819488525
    },
    "21": {
        "train_accuracy": 95.47503590583801,
        "train_loss": 0.6714874268547306,
        "train_IoU": 78.06978821754456,
        "train_epoch_time": 294.1328549385071,
        "val_accuracy": 98.96849393844604,
        "val_loss": 0.6815856162990843,
        "val_IoU": 88.06766271591187,
        "val_epoch_time": 26.904594659805298
    },
    "22": {
        "train_accuracy": 96.49362564086914,
        "train_loss": 0.6703065835686565,