{
    "0": {
        "train_accuracy": 91.07367992401123,
        "train_loss": 0.6887489699412813,
        "train_IoU": 63.11655044555664,
        "train_epoch_time": 300.35470747947693,
        "val_accuracy": 97.98733592033386,
        "val_loss": 0.6888556863580432,
        "val_IoU": 77.19974517822266,
        "val_epoch_time": 27.994518041610718
    },
    "1": {
        "train_accuracy": 96.59515023231506,
        "train_loss": 0.6857357706803943,
        "train_IoU": 78.75022292137146,
        "train_epoch_time": 293.0833215713501,
        "val_accuracy": 98.46948981285095,
        "val_loss": 0.6869435299720081,
        "val_IoU": 81.22283816337585,
        "val_epoch_time": 26.20018744468689
    },
    "2": {
        "train_accuracy": 96.8187689781189,
        "train_loss": 0.6840346450728133,
        "train_IoU": 80.04712462425232,
        "train_epoch_time": 293.0796740055084,
        "val_accuracy": 98.06522727012634,
        "val_loss": 0.6853335489119803,
        "val_IoU": 79.23628091812134,
        "val_epoch_time": 26.350845098495483
    },
    "3": {
        "train_accuracy": 96.6444194316864,
        "train_loss": 0.6837331082439687,
        "train_IoU": 79.3138861656189,
        "train_epoch_time": 293.2843294143677,
        "val_accuracy": 97.69074320793152,
        "val_loss": 0.6853480445487157,
        "val_IoU": 76.62519216537476,
        "val_epoch_time": 25.970890045166016
    },
    "4": {
        "train_accuracy": 96.63050174713135,
        "train_loss": 0.6839675242661774,
        "train_IoU": 79.34443950653076,
        "train_epoch_time": 292.81816363334656,
        "val_accuracy": 98.52920174598694,
        "val_loss": 0.6878472853984151,
        "val_IoU": 80.71665167808533,
        "val_epoch_time": 26.23944902420044
    },
    "5": {
        "train_accuracy": 96.6578722000122,
        "train_loss": 0.6839030149183303,
        "train_IoU": 79.49720621109009,
        "train_epoch_time": 293.0402047634125,
        "val_accuracy": 94.49141025543213,
        "val_loss": 0.6876361976776805,
        "val_IoU": 64.55098390579224,
        "val_epoch_time": 26.166271686553955
    },
    "6": {
        "train_accuracy": 96.8127965927124,
        "train_loss": 0.6836759918104347,
        "train_IoU": 80.12875318527222,
        "train_epoch_time": 292.3648593425751,
        "val_accuracy": 98.2875406742096,
        "val_loss": 0.6879614410655841,
        "val_IoU": 79.10698652267456,
        "val_epoch_time": 26.00212264060974
    },
    "7": {
        "train_accuracy": 96.54619097709656,
        "train_loss": 0.6839346594926785,
        "train_IoU": 78.937828540802,
        "train_epoch_time": 292.8782117366791,
        "val_accuracy": 98.26356172561646,
        "val_loss": 0.6864214486309458,
        "val_IoU": 79.86478805541992,
        "val_epoch_time": 26.3465359210968
    },
    "8": {
        "train_accuracy": 96.86064124107361,
        "train_loss": 0.683843862719652,
        "train_IoU": 80.33338785171509,
        "train_epoch_time": 293.11788630485535,
        "val_accuracy": 98.62453937530518,
        "val_loss": 0.6857026187436921,
        "val_IoU": 83.11218619346619,
        "val_epoch_time": 26.335530281066895
    },
    "9": {
        "train_accuracy": 95.66870927810669,
        "train_loss": 0.682229650375966,
        "train_IoU": 76.18402242660522,
        "train_epoch_time": 292.63426303863525,
        "val_accuracy": 98.760586977005,
        "val_loss": 0.6839288866945673,
        "val_IoU": 84.92291569709778,
        "val_epoch_time": 25.728015422821045
    },
    "10": {
        "train_accuracy": 95.76441049575806,
        "train_loss": 0.6803577534228483,
        "train_IoU": 76.703941822052,
        "train_epoch_time": 293.3698127269745,
        "val_accuracy": 97.12322354316711,
        "val_loss": 0.6852667746799331,
        "val_IoU": 74.34394359588623,
        "val_epoch_time": 26.338958501815796
    },
    "11": {
        "train_accuracy": 95.86686491966248,
        "train_loss": 0.6807083308212163,
        "train_IoU": 77.16675996780396,
        "train_epoch_time": 292.95246624946594,
        "val_accuracy": 98.8944947719574,
        "val_loss": 0.6850245594978334,
        "val_IoU": 85.31456589698792,
        "val_epoch_time": 25.989424467086792
    },
    "12": {
        "train_accuracy": 96.28864526748657,
        "train_loss": 0.6792838261702515,
        "train_IoU": 78.79704236984253,
        "train_epoch_time": 293.05666184425354,
        "val_accuracy": 99.15663003921509,
        "val_loss": 0.6818702923400061,
        "val_IoU": 88.84352445602417,
        "val_epoch_time": 25.682270050048828
    },
    "13": {
        "train_accuracy": 96.2734580039978,
        "train_loss": 0.6776396011918538,
        "train_IoU": 78.72653007507324,
        "train_epoch_time": 292.99857902526855,
        "val_accuracy": 99.1740345954895,
        "val_loss": 0.684241626943861,
        "val_IoU": 88.54585886001587,
        "val_epoch_time": 26.191805362701416
    },
    "14": {
        "train_accuracy": 96.22087478637695,
        "train_loss": 0.67753214645515,
        "train_IoU": 78.59412431716919,
        "train_epoch_time": 293.0388352870941,
        "val_accuracy": 99.12532567977905,
        "val_loss": 0.6825742019074302,
        "val_IoU": 87.51281499862671,
        "val_epoch_time": 26.129481315612793
    },
    "15": {
        "train_accuracy": 96.56382203102112,
        "train_loss": 0.6775715438331046,
        "train_IoU": 79.90039587020874,
        "train_epoch_time": 292.5439348220825,
        "val_accuracy": 99.12577867507935,
        "val_loss": 0.6810510041458268,
        "val_IoU": 88.45553398132324,
        "val_epoch_time": 25.872771501541138
    },
    "16": {
        "train_accuracy": 96.04153633117676,
        "train_loss": 0.6774478869709544,
        "train_IoU": 78.11861634254456,
        "train_epoch_time": 293.25656914711,
        "val_accuracy": 99.2130696773529,
        "val_loss": 0.683706816818033,
        "val_IoU": 88.47676515579224,
        "val_epoch_time": 26.141823530197144
    },
    "17": {
        "train_accuracy": 96.25173211097717,
        "train_loss": 0.6773525489378102,
        "train_IoU": 78.65091562271118,
        "train_epoch_time": 292.4908301830292,
        "val_accuracy": 99.37003254890442,
        "val_loss": 0.6832127762692313,
        "val_IoU": 90.84092378616333,
        "val_epoch_time": 26.332882165908813
    },
    "18": {
        "train_accuracy": 96.20956182479858,
        "train_loss": 0.6754156257401951,
        "train_IoU": 78.81827354431152,
        "train_epoch_time": 292.9978549480438,
        "val_accuracy": 99.02903437614441,
        "val_loss": 0.6791288075702531,
        "val_IoU": 87.63114213943481,
        "val_epoch_time": 26.285280227661133
    },
    "19": {
        "train_accuracy": 96.62469625473022,
        "train_loss": 0.6756305573432423,
        "train_IoU": 80.24726510047913,
        "train_epoch_time": 292.84391164779663,
        "val_accuracy": 99.19803142547607,
        "val_loss": 0.6832673389996801,
        "val_IoU": 88.61585855484009,
        "val_epoch_time": 25.938382625579834
    },
    "20": {
        "train_accuracy": 95.91564536094666,
        "train_loss": 0.6758499416878552,
        "train_IoU": 77.56699323654175,
        "train_epoch_time": 292.5791566371918,
        "val_accuracy": 99.34064149856567,
        "val_loss": 0.681983344256878,
        "val_IoU": 90.30802845954895,
        "val_epoch_time": 26.44446039199829
    },
    "21": {
        "train_accuracy": 96.0617184638977,
        "train_loss": 0.6753938296623024,
        "train_IoU": 78.11774015426636,
        "train_epoch_time": 292.6752624511719,
        "val_accuracy": 98.87328147888184,
        "val_loss": 0.6863542763250216,
        "val_IoU": 83.40637683868408,
        "val_epoch_time": 26.266939878463745
    },
    "22": {
        "train_accuracy": 96.34822607040405,
        "train_loss": 0.6759294995124424,