{
    "0": {
        "train_accuracy": 89.4551932811737,
        "train_loss": 0.7020570761789149,
        "train_IoU": 60.07049083709717,
        "train_epoch_time": 293.66988825798035,
        "val_accuracy": 97.95374274253845,
        "val_loss": 0.6852939150163105,
        "val_IoU": 77.12714672088623,
        "val_epoch_time": 26.59799599647522
    },
    "1": {
        "train_accuracy": 94.21228170394897,
        "train_loss": 0.6770251254402202,
        "train_IoU": 71.6598391532898,
        "train_epoch_time": 293.78359484672546,
        "val_accuracy": 98.07425737380981,
        "val_loss": 0.6826189639312881,
        "val_IoU": 79.52680587768555,
        "val_epoch_time": 26.451183795928955
    },
    "2": {
        "train_accuracy": 95.5623209476471,
        "train_loss": 0.6736425600723843,
        "train_IoU": 76.28535628318787,
        "train_epoch_time": 293.5933430194855,
        "val_accuracy": 98.2646644115448,
        "val_loss": 0.6869853319866317,
        "val_IoU": 80.74197769165039,
        "val_epoch_time": 26.884016036987305
    },
    "3": {
        "train_accuracy": 96.1086630821228,
        "train_loss": 0.6694771828367134,
        "train_IoU": 78.49891781806946,
        "train_epoch_time": 293.59396529197693,
        "val_accuracy": 98.37378263473511,
        "val_loss": 0.6836790112512452,
        "val_IoU": 80.55418133735657,
        "val_epoch_time": 26.46092462539673
    },
    "4": {
        "train_accuracy": 96.08998894691467,
        "train_loss": 0.6704601890995568,
        "train_IoU": 78.24974060058594,
        "train_epoch_time": 293.53190088272095,
        "val_accuracy": 97.64518141746521,
        "val_loss": 0.6876283181565147,
        "val_IoU": 71.006840467453,
        "val_epoch_time": 26.315609216690063
    },
    "5": {
        "train_accuracy": 95.71970105171204,
        "train_loss": 0.6705396831197146,
        "train_IoU": 77.11341381072998,
        "train_epoch_time": 293.9746000766754,
        "val_accuracy": 98.42031598091125,
        "val_loss": 0.6834161590252604,
        "val_IoU": 82.09636807441711,
        "val_epoch_time": 26.86364436149597
    },
    "6": {
        "train_accuracy": 96.68036699295044,
        "train_loss": 0.6670446851389196,
        "train_IoU": 80.7669997215271,
        "train_epoch_time": 294.07385754585266,
        "val_accuracy": 98.49069714546204,
        "val_loss": 0.6827509754470417,
        "val_IoU": 83.195960521698,
        "val_epoch_time": 26.570019006729126
    },
    "7": {
        "train_accuracy": 96.3883101940155,
        "train_loss": 0.666878648728213,
        "train_IoU": 79.7391951084137,
        "train_epoch_time": 293.7548899650574,
        "val_accuracy": 98.51865768432617,
        "val_loss": 0.6806650917444912,
        "val_IoU": 83.7900161743164,
        "val_epoch_time": 26.62149429321289
    },
    "8": {
        "train_accuracy": 96.05603814125061,
        "train_loss": 0.6669012111053877,
        "train_IoU": 78.77123355865479,
        "train_epoch_time": 293.84686040878296,
        "val_accuracy": 98.59041571617126,
        "val_loss": 0.6816639857632775,
        "val_IoU": 82.78592228889465,
        "val_epoch_time": 27.037047147750854
    },
    "9": {
        "train_accuracy": 96.86689972877502,
        "train_loss": 0.6644522127743334,
        "train_IoU": 81.87782168388367,
        "train_epoch_time": 293.6654312610626,
        "val_accuracy": 98.61619472503662,
        "val_loss": 0.6815141599093163,
        "val_IoU": 82.91158080101013,
        "val_epoch_time": 26.50961661338806
    },
    "10": {
        "train_accuracy": 97.0413863658905,
        "train_loss": 0.6647649853210138,
        "train_IoU": 82.46133923530579,
        "train_epoch_time": 293.92201042175293,
        "val_accuracy": 95.39708495140076,
        "val_loss": 0.6823855979101996,
        "val_IoU": 67.92593002319336,
        "val_epoch_time": 26.312256336212158
    },
    "11": {
        "train_accuracy": 96.62234783172607,
        "train_loss": 0.6664687479091537,
        "train_IoU": 80.67784905433655,
        "train_epoch_time": 293.61738681793213,
        "val_accuracy": 98.14497232437134,
        "val_loss": 0.6820327639579773,
        "val_IoU": 80.98299503326416,
        "val_epoch_time": 26.97722363471985
    },
    "12": {
        "train_accuracy": 96.76854610443115,
        "train_loss": 0.6650837735755009,
        "train_IoU": 81.37147426605225,
        "train_epoch_time": 293.85749864578247,
        "val_accuracy": 98.63641262054443,
        "val_loss": 0.6813003325036594,
        "val_IoU": 84.07323360443115,
        "val_epoch_time": 26.464961290359497
    },
    "13": {
        "train_accuracy": 96.08853459358215,
        "train_loss": 0.6658788872605095,
        "train_IoU": 78.80710363388062,
        "train_epoch_time": 293.929411649704,
        "val_accuracy": 98.48483204841614,
        "val_loss": 0.6819464809128216,
        "val_IoU": 83.83229374885559,
        "val_epoch_time": 26.394927501678467
    },
    "14": {
        "train_accuracy": 96.68075442314148,
        "train_loss": 0.664209053122254,
        "train_IoU": 81.17501735687256,
        "train_epoch_time": 294.12230348587036,
        "val_accuracy": 96.05771899223328,
        "val_loss": 0.6803359900202071,
        "val_IoU": 70.99752426147461,
        "val_epoch_time": 27.1611967086792
    },
    "15": {
        "train_accuracy": 97.20702171325684,
        "train_loss": 0.6635572861849771,
        "train_IoU": 83.26421976089478,
        "train_epoch_time": 293.9946644306183,
        "val_accuracy": 98.24609160423279,
        "val_loss": 0.6856847458652084,
        "val_IoU": 82.14002847671509,
        "val_epoch_time": 26.372501611709595
    },
    "16": {
        "train_accuracy": 96.7665433883667,
        "train_loss": 0.6647213080388094,
        "train_IoU": 81.46883249282837,
        "train_epoch_time": 293.5999984741211,
        "val_accuracy": 98.02525043487549,
        "val_loss": 0.6811038383415768,
        "val_IoU": 81.04295134544373,
        "val_epoch_time": 26.473418951034546
    },
    "17": {
        "train_accuracy": 97.39762544631958,
        "train_loss": 0.6619387535544916,
        "train_IoU": 84.34239625930786,
        "train_epoch_time": 293.63798570632935,
        "val_accuracy": 98.91307950019836,
        "val_loss": 0.6768104135990142,
        "val_IoU": 86.69476509094238,
        "val_epoch_time": 27.121573448181152
    },
    "18": {
        "train_accuracy": 97.23648428916931,
        "train_loss": 0.6629304023292977,
        "train_IoU": 83.600914478302,
        "train_epoch_time": 293.85796308517456,
        "val_accuracy": 98.6407995223999,
        "val_loss": 0.678018365587507,
        "val_IoU": 84.70205664634705,
        "val_epoch_time": 26.435152053833008
    },
    "19": {
        "train_accuracy": 97.31289744377136,
        "train_loss": 0.66217085662573,
        "train_IoU": 83.82277488708496,
        "train_epoch_time": 293.4111125469208,
        "val_accuracy": 98.56674671173096,
        "val_loss": 0.6795992351004054,
        "val_IoU": 81.88655376434326,
        "val_epoch_time": 26.528992891311646
    },
    "20": {
        "train_accuracy": 97.0829427242279,
        "train_loss": 0.662568380354543,
        "train_IoU": 83.00400972366333,
        "train_epoch_time": 293.6812720298767,
        "val_accuracy": 98.45167398452759,
        "val_loss": 0.680656692811421,
        "val_IoU": 83.44964981079102,
        "val_epoch_time": 27.129940032958984
    },
    "21": {
        "train_accuracy": 96.52044773101807,
        "train_loss": 0.6658140884505378,
        "train_IoU": 80.59254884719849,
        "train_epoch_time": 293.503173828125,
        "val_accuracy": 98.74383211135864,
        "val_loss": 0.6769796471510615,
        "val_IoU": 85.61797142028809,
        "val_epoch_time": 26.655633211135864
    },
    "22": {
        "train_accuracy": 97.12823033332825,
        "train_loss": 0.6631600948853225,