{
    "0": {
        "train_accuracy": 92.74409413337708,
        "train_loss": 0.6842304395466318,
        "train_IoU": 67.08757877349854,
        "train_epoch_time": 293.07897686958313,
        "val_accuracy": 86.05751991271973,
        "val_loss": 0.6919035741261071,
        "val_IoU": 51.39158368110657,
        "val_epoch_time": 26.16429305076599
    },
    "1": {
        "train_accuracy": 96.71193957328796,
        "train_loss": 0.6767756856553924,
        "train_IoU": 80.0402283668518,
        "train_epoch_time": 292.989782333374,
        "val_accuracy": 98.47156405448914,
        "val_loss": 0.6791227044803756,
        "val_IoU": 81.7582368850708,
        "val_epoch_time": 25.94572353363037
    },
    "2": {
        "train_accuracy": 96.87064290046692,
        "train_loss": 0.6747198423072894,
        "train_IoU": 80.78364133834839,
        "train_epoch_time": 292.9721314907074,
        "val_accuracy": 98.73665571212769,
        "val_loss": 0.6825662606528824,
        "val_IoU": 82.72430896759033,
        "val_epoch_time": 26.330594778060913
    },
    "3": {
        "train_accuracy": 96.95286154747009,
        "train_loss": 0.6727740359177107,
        "train_IoU": 81.26585483551025,
        "train_epoch_time": 292.6338403224945,
        "val_accuracy": 98.91282916069031,
        "val_loss": 0.677693250988211,
        "val_IoU": 86.48843765258789,
        "val_epoch_time": 26.093072175979614
    },
    "4": {
        "train_accuracy": 97.18572497367859,
        "train_loss": 0.6703464650526276,
        "train_IoU": 82.56278038024902,
        "train_epoch_time": 292.7877311706543,
        "val_accuracy": 99.13846850395203,
        "val_loss": 0.6786910966038706,
        "val_IoU": 88.3091926574707,
        "val_epoch_time": 25.90743923187256
    },
    "5": {
        "train_accuracy": 97.48229384422302,
        "train_loss": 0.6678172532458934,
        "train_IoU": 84.03087854385376,
        "train_epoch_time": 292.413202047348,
        "val_accuracy": 98.4653890132904,
        "val_loss": 0.6782553398183412,
        "val_IoU": 83.49887132644653,
        "val_epoch_time": 26.126668691635132
    },
    "6": {
        "train_accuracy": 97.3851203918457,
        "train_loss": 0.6689364079860491,
        "train_IoU": 83.59459638595581,
        "train_epoch_time": 293.0193016529083,
        "val_accuracy": 98.95913004875183,
        "val_loss": 0.6838419362902641,
        "val_IoU": 85.36201119422913,
        "val_epoch_time": 26.13342547416687
    },
    "7": {
        "train_accuracy": 97.4473237991333,
        "train_loss": 0.6690205497147274,
        "train_IoU": 83.85946750640869,
        "train_epoch_time": 292.6951196193695,
        "val_accuracy": 87.76121139526367,
        "val_loss": 0.6975108310580252,
        "val_IoU": 54.092592000961304,
        "val_epoch_time": 25.939878225326538
    },
    "8": {
        "train_accuracy": 97.4108338356018,
        "train_loss": 0.6683485430430588,
        "train_IoU": 83.68200063705444,
        "train_epoch_time": 293.05502915382385,
        "val_accuracy": 98.43820333480835,
        "val_loss": 0.6779091964874947,
        "val_IoU": 82.15750455856323,
        "val_epoch_time": 26.06277585029602
    },
    "9": {
        "train_accuracy": 97.41473197937012,
        "train_loss": 0.6681235288862938,
        "train_IoU": 83.74333381652832,
        "train_epoch_time": 292.62784910202026,
        "val_accuracy": 95.52298784255981,
        "val_loss": 0.6861049085855482,
        "val_IoU": 69.05394792556763,
        "val_epoch_time": 26.274730682373047
    },
    "10": {
        "train_accuracy": 97.46118783950806,
        "train_loss": 0.6681675251906477,
        "train_IoU": 83.9103102684021,
        "train_epoch_time": 293.18680930137634,
        "val_accuracy": 98.3508288860321,
        "val_loss": 0.6777955272368024,
        "val_IoU": 82.07279443740845,
        "val_epoch_time": 27.98364233970642
    },
    "11": {
        "train_accuracy": 97.48103022575378,
        "train_loss": 0.6681107578238815,
        "train_IoU": 84.03581380844116,
        "train_epoch_time": 292.9714322090149,
        "val_accuracy": 98.27895760536194,
        "val_loss": 0.6778638139367101,
        "val_IoU": 81.88049793243408,
        "val_epoch_time": 26.05962562561035
    },
    "12": {
        "train_accuracy": 97.41973876953125,
        "train_loss": 0.6683099817454334,
        "train_IoU": 83.751779794693,
        "train_epoch_time": 292.9309582710266,
        "val_accuracy": 98.76418709754944,
        "val_loss": 0.6771105921694212,
        "val_IoU": 85.4870080947876,
        "val_epoch_time": 26.41800618171692
    },
    "13": {
        "train_accuracy": 97.39561080932617,
        "train_loss": 0.6686657457170768,
        "train_IoU": 83.62260460853577,
        "train_epoch_time": 292.8275990486145,
        "val_accuracy": 99.0794837474823,
        "val_loss": 0.6768504285386631,
        "val_IoU": 88.2710337638855,
        "val_epoch_time": 26.19166851043701
    },
    "14": {
        "train_accuracy": 97.40915298461914,
        "train_loss": 0.668421332590625,
        "train_IoU": 83.69982838630676,
        "train_epoch_time": 292.7953267097473,
        "val_accuracy": 98.8974928855896,
        "val_loss": 0.676740796438285,
        "val_IoU": 86.6040587425232,
        "val_epoch_time": 25.983164310455322
    },
    "15": {
        "train_accuracy": 97.5797176361084,
        "train_loss": 0.667757087283664,
        "train_IoU": 84.5860481262207,
        "train_epoch_time": 292.5425934791565,
        "val_accuracy": 99.10492897033691,
        "val_loss": 0.6776721552014352,
        "val_IoU": 88.00864219665527,
        "val_epoch_time": 26.23896336555481
    },
    "16": {
        "train_accuracy": 97.24206328392029,
        "train_loss": 0.670172707498235,
        "train_IoU": 82.83587694168091,
        "train_epoch_time": 292.9874484539032,
        "val_accuracy": 99.139803647995,
        "val_loss": 0.6774715131946969,
        "val_IoU": 88.25609087944031,
        "val_epoch_time": 26.10797381401062
    },
    "17": {
        "train_accuracy": 97.28572368621826,
        "train_loss": 0.6689995727564905,
        "train_IoU": 83.0971896648407,
        "train_epoch_time": 293.157790184021,
        "val_accuracy": 99.18308854103088,
        "val_loss": 0.6780521518417769,
        "val_IoU": 88.51427435874939,
        "val_epoch_time": 25.79009199142456
    },
    "18": {
        "train_accuracy": 97.74994850158691,
        "train_loss": 0.6663999581724654,
        "train_IoU": 85.44201850891113,
        "train_epoch_time": 295.18018198013306,
        "val_accuracy": 98.87398481369019,
        "val_loss": 0.6764800612415585,
        "val_IoU": 86.36292219161987,
        "val_epoch_time": 28.52925157546997
    },
    "19": {
        "train_accuracy": 97.61300683021545,
        "train_loss": 0.6662094877341254,
        "train_IoU": 84.80800986289978,
        "train_epoch_time": 294.2542254924774,
        "val_accuracy": 98.94167184829712,
        "val_loss": 0.6768482072012766,
        "val_IoU": 86.8420958518982,
        "val_epoch_time": 26.193355798721313
    },
    "20": {
        "train_accuracy": 97.61403203010559,
        "train_loss": 0.6662544359359642,
        "train_IoU": 84.79564189910889,
        "train_epoch_time": 294.5936794281006,
        "val_accuracy": 99.21162724494934,
        "val_loss": 0.6764665586607799,
        "val_IoU": 89.60198760032654,
        "val_epoch_time": 26.244313955307007
    },
    "21": {
        "train_accuracy": 97.80858159065247,
        "train_loss": 0.6661466558774314,
        "train_IoU": 85.78222990036011,
        "train_epoch_time": 293.8386776447296,
        "val_accuracy": 84.66528654098511,
        "val_loss": 0.6872970962098666,
        "val_IoU": 50.48600435256958,
        "val_epoch_time": 26.41346836090088
    },
    "22": {
        "train_accuracy": 97.49531745910645,
        "train_loss": 0.6671093518171852,
        "train_IoU": 84.16310548782349,