{
    "0": {
        "train_accuracy": 82.06663727760315,
        "train_loss": 0.6925264989888225,
        "train_IoU": 46.24706506729126,
        "train_epoch_time": 40.32839775085449,
        "val_accuracy": 97.79215455055237,
        "val_loss": 0.6753979174058828,
        "val_IoU": 89.65728282928467,
        "val_epoch_time": 29.47670316696167
    },
    "1": {
        "train_accuracy": 99.05076026916504,
        "train_loss": 0.6859229904633982,
        "train_IoU": 87.07655072212219,
        "train_epoch_time": 11.387975692749023,
        "val_accuracy": 98.60959053039551,
        "val_loss": 0.6752456195318877,
        "val_IoU": 93.0516004562378,
        "val_epoch_time": 2.410895824432373
    },
    "2": {
        "train_accuracy": 98.99117946624756,
        "train_loss": 0.6853653996079055,
        "train_IoU": 86.4938735961914,
        "train_epoch_time": 11.236143827438354,
        "val_accuracy": 98.37672710418701,
        "val_loss": 0.6692826329772152,
        "val_IoU": 92.15763211250305,
        "val_epoch_time": 2.4307122230529785
    },
    "3": {
        "train_accuracy": 99.14671182632446,
        "train_loss": 0.6851266300236741,
        "train_IoU": 88.14064264297485,
        "train_epoch_time": 11.380831956863403,
        "val_accuracy": 98.41215014457703,
        "val_loss": 0.6664567829957649,
        "val_IoU": 92.32422113418579,
        "val_epoch_time": 2.4275527000427246
    },
    "4": {
        "train_accuracy": 99.31327104568481,
        "train_loss": 0.6851785615638446,
        "train_IoU": 90.01257419586182,
        "train_epoch_time": 11.37590217590332,
        "val_accuracy": 98.36812615394592,
        "val_loss": 0.6665959456073705,
        "val_IoU": 92.15818643569946,
        "val_epoch_time": 2.3575541973114014
    },
    "5": {
        "train_accuracy": 99.03430938720703,
        "train_loss": 0.6855376676276878,
        "train_IoU": 86.892569065094,
        "train_epoch_time": 11.33009123802185,
        "val_accuracy": 98.28304052352905,
        "val_loss": 0.6676974332154686,
        "val_IoU": 91.78569316864014,
        "val_epoch_time": 2.3928864002227783
    },
    "6": {
        "train_accuracy": 99.13353323936462,
        "train_loss": 0.6853438783574988,
        "train_IoU": 87.96761631965637,
        "train_epoch_time": 11.417768716812134,
        "val_accuracy": 98.21692109107971,
        "val_loss": 0.6674181943509114,
        "val_IoU": 91.53743982315063,
        "val_epoch_time": 2.423272132873535
    },
    "7": {
        "train_accuracy": 99.35494661331177,
        "train_loss": 0.6850440171029833,
        "train_IoU": 90.52649736404419,
        "train_epoch_time": 11.45672059059143,
        "val_accuracy": 98.094642162323,
        "val_loss": 0.6667570276046867,
        "val_IoU": 91.07673168182373,
        "val_epoch_time": 2.4062721729278564
    },
    "8": {
        "train_accuracy": 99.31802749633789,
        "train_loss": 0.6851625870775296,
        "train_IoU": 90.07155895233154,
        "train_epoch_time": 11.341668605804443,
        "val_accuracy": 98.59131574630737,
        "val_loss": 0.6693984536982294,
        "val_IoU": 93.08403730392456,
        "val_epoch_time": 2.4109573364257812
    },
    "9": {
        "train_accuracy": 99.12023544311523,
        "train_loss": 0.684401449892256,
        "train_IoU": 87.86755204200745,
        "train_epoch_time": 11.46348762512207,
        "val_accuracy": 98.28896522521973,
        "val_loss": 0.6625205732103604,
        "val_IoU": 91.88030362129211,
        "val_epoch_time": 2.6819050312042236
    },
    "10": {
        "train_accuracy": 99.43024516105652,
        "train_loss": 0.6843860842563488,
        "train_IoU": 91.46546125411987,
        "train_epoch_time": 11.440537691116333,
        "val_accuracy": 98.51015210151672,
        "val_loss": 0.6620543972769779,
        "val_IoU": 92.78820753097534,
        "val_epoch_time": 2.4154531955718994
    },
    "11": {
        "train_accuracy": 99.15418028831482,
        "train_loss": 0.6843746216208846,
        "train_IoU": 88.23591470718384,
        "train_epoch_time": 11.302527904510498,
        "val_accuracy": 98.58066439628601,
        "val_loss": 0.6667080281385735,
        "val_IoU": 93.06544065475464,
        "val_epoch_time": 2.3800129890441895
    },
    "12": {
        "train_accuracy": 99.40850734710693,
        "train_loss": 0.6843679609122103,
        "train_IoU": 91.18885397911072,
        "train_epoch_time": 11.44289231300354,
        "val_accuracy": 98.61501455307007,
        "val_loss": 0.665736938590434,
        "val_IoU": 93.20550560951233,
        "val_epoch_time": 2.4249610900878906
    },
    "13": {
        "train_accuracy": 98.99017214775085,
        "train_loss": 0.6837693157019435,
        "train_IoU": 86.54199838638306,
        "train_epoch_time": 11.387634754180908,
        "val_accuracy": 98.82129430770874,
        "val_loss": 0.6638954264014515,
        "val_IoU": 94.10199522972107,
        "val_epoch_time": 2.433093786239624
    },
    "14": {
        "train_accuracy": 98.90415668487549,
        "train_loss": 0.6832630091243319,
        "train_IoU": 85.7035756111145,
        "train_epoch_time": 11.346689224243164,
        "val_accuracy": 98.34490418434143,
        "val_loss": 0.658460287905451,
        "val_IoU": 92.12143421173096,
        "val_epoch_time": 2.4050185680389404
    },
    "15": {
        "train_accuracy": 99.32907819747925,
        "train_loss": 0.683193708349157,
        "train_IoU": 90.247642993927,
        "train_epoch_time": 11.426746129989624,
        "val_accuracy": 98.72547388076782,
        "val_loss": 0.6595174430021601,
        "val_IoU": 93.7179446220398,
        "val_epoch_time": 2.4158928394317627
    },
    "16": {
        "train_accuracy": 99.13897514343262,
        "train_loss": 0.6831513285636903,
        "train_IoU": 88.10022473335266,
        "train_epoch_time": 11.31665587425232,
        "val_accuracy": 98.6392617225647,
        "val_loss": 0.6579919759906937,
        "val_IoU": 93.34757328033447,
        "val_epoch_time": 2.408320426940918
    },
    "17": {
        "train_accuracy": 98.94323348999023,
        "train_loss": 0.6837173885769313,
        "train_IoU": 86.00050210952759,
        "train_epoch_time": 11.378030776977539,
        "val_accuracy": 98.37112426757812,
        "val_loss": 0.6626606886066605,
        "val_IoU": 92.19479560852051,
        "val_epoch_time": 2.38535213470459
    },
    "18": {
        "train_accuracy": 99.48415756225586,
        "train_loss": 0.6830988287925721,
        "train_IoU": 92.17596054077148,
        "train_epoch_time": 11.514028072357178,
        "val_accuracy": 98.80906939506531,
        "val_loss": 0.6617520077904661,
        "val_IoU": 94.08251643180847,
        "val_epoch_time": 2.3976147174835205
    },
    "19": {
        "train_accuracy": 99.08817410469055,
        "train_loss": 0.6832039749180829,
        "train_IoU": 87.56170868873596,
        "train_epoch_time": 11.415186882019043,
        "val_accuracy": 98.56621026992798,
        "val_loss": 0.6592001576921832,
        "val_IoU": 93.048095703125,
        "val_epoch_time": 2.415588617324829
    },
    "20": {
        "train_accuracy": 99.40410852432251,
        "train_loss": 0.6831142443197743,
        "train_IoU": 91.16172790527344,
        "train_epoch_time": 11.423731327056885,
        "val_accuracy": 98.58776926994324,
        "val_loss": 0.6592579074759978,
        "val_IoU": 93.12899112701416,
        "val_epoch_time": 2.4261114597320557
    },
    "21": {
        "train_accuracy": 99.09197688102722,
        "train_loss": 0.6831633280824733,
        "train_IoU": 87.60205507278442,
        "train_epoch_time": 11.400959968566895,
        "val_accuracy": 98.80178570747375,
        "val_loss": 0.6629000626393218,
        "val_IoU": 94.04588341712952,
        "val_epoch_time": 2.4056389331817627
    },
    "22": {
        "train_accuracy": 99.20483827590942,
        "train_loss": 0.6831843720542056,