{
    "0": {
        "train_accuracy": 92.2003984451294,
        "train_loss": 0.6865883502305721,
        "train_IoU": 65.94346761703491,
        "train_epoch_time": 218.9249336719513,
        "val_accuracy": 98.21949601173401,
        "val_loss": 0.6828824296975747,
        "val_IoU": 79.19736504554749,
        "val_epoch_time": 20.24106764793396
    },
    "1": {
        "train_accuracy": 95.9235429763794,
        "train_loss": 0.6754170766063761,
        "train_IoU": 77.41528749465942,
        "train_epoch_time": 218.9125051498413,
        "val_accuracy": 98.00657629966736,
        "val_loss": 0.6822450634760734,
        "val_IoU": 79.15909886360168,
        "val_epoch_time": 20.3332679271698
    },
    "2": {
        "train_accuracy": 95.96343040466309,
        "train_loss": 0.6759796584353732,
        "train_IoU": 77.6460587978363,
        "train_epoch_time": 219.01047134399414,
        "val_accuracy": 97.62919545173645,
        "val_loss": 0.6864522848373804,
        "val_IoU": 73.82379174232483,
        "val_epoch_time": 20.363580465316772
    },
    "3": {
        "train_accuracy": 95.92241644859314,
        "train_loss": 0.67552287718829,
        "train_IoU": 77.19746828079224,
        "train_epoch_time": 218.89364337921143,
        "val_accuracy": 97.8837251663208,
        "val_loss": 0.6831815349750032,
        "val_IoU": 78.09290289878845,
        "val_epoch_time": 20.421171188354492
    },
    "4": {
        "train_accuracy": 95.81317901611328,
        "train_loss": 0.676862326089073,
        "train_IoU": 76.9537091255188,
        "train_epoch_time": 219.02774691581726,
        "val_accuracy": 94.83568072319031,
        "val_loss": 0.6841748020587824,
        "val_IoU": 66.52071475982666,
        "val_epoch_time": 20.232922792434692
    },
    "5": {
        "train_accuracy": 95.82123160362244,
        "train_loss": 0.6761316647716593,
        "train_IoU": 76.87448263168335,
        "train_epoch_time": 218.9593391418457,
        "val_accuracy": 98.23238253593445,
        "val_loss": 0.6812999187371671,
        "val_IoU": 80.0163745880127,
        "val_epoch_time": 20.36333966255188
    },
    "6": {
        "train_accuracy": 96.32298946380615,
        "train_loss": 0.6729356291247348,
        "train_IoU": 79.32770848274231,
        "train_epoch_time": 219.21954607963562,
        "val_accuracy": 98.15537333488464,
        "val_loss": 0.6822473406791687,
        "val_IoU": 79.94384169578552,
        "val_epoch_time": 20.53481912612915
    },
    "7": {
        "train_accuracy": 96.26774787902832,
        "train_loss": 0.6735261120048224,
        "train_IoU": 78.78111600875854,
        "train_epoch_time": 219.19142174720764,
        "val_accuracy": 98.14261794090271,
        "val_loss": 0.6803901745722843,
        "val_IoU": 79.9321174621582,
        "val_epoch_time": 20.27385187149048
    },
    "8": {
        "train_accuracy": 96.2613046169281,
        "train_loss": 0.6732278468562105,
        "train_IoU": 78.81206274032593,
        "train_epoch_time": 219.03351259231567,
        "val_accuracy": 94.8178768157959,
        "val_loss": 0.6851493013210785,
        "val_IoU": 66.72887802124023,
        "val_epoch_time": 20.273425579071045
    },
    "9": {
        "train_accuracy": 96.23504281044006,
        "train_loss": 0.673310494656656,
        "train_IoU": 78.6359429359436,
        "train_epoch_time": 218.85019183158875,
        "val_accuracy": 98.17771315574646,
        "val_loss": 0.6811931438935108,
        "val_IoU": 80.34929037094116,
        "val_epoch_time": 20.455427408218384
    },
    "10": {
        "train_accuracy": 96.53993844985962,
        "train_loss": 0.6711562596115414,
        "train_IoU": 80.36565780639648,
        "train_epoch_time": 219.1044089794159,
        "val_accuracy": 98.23617935180664,
        "val_loss": 0.6816439017271385,
        "val_IoU": 80.99695444107056,
        "val_epoch_time": 20.394803524017334
    },
    "11": {
        "train_accuracy": 96.80032134056091,
        "train_loss": 0.6689638715164336,
        "train_IoU": 81.52843713760376,
        "train_epoch_time": 218.85744667053223,
        "val_accuracy": 98.5394537448883,
        "val_loss": 0.6789596248895695,
        "val_IoU": 83.24543237686157,
        "val_epoch_time": 20.412227869033813
    },
    "12": {
        "train_accuracy": 96.86298370361328,
        "train_loss": 0.6678422123778099,
        "train_IoU": 81.81270956993103,
        "train_epoch_time": 218.7649667263031,
        "val_accuracy": 98.6815333366394,
        "val_loss": 0.677051400526976,
        "val_IoU": 84.99069809913635,
        "val_epoch_time": 20.356760501861572
    },
    "13": {
        "train_accuracy": 97.08145260810852,
        "train_loss": 0.6660591599987999,
        "train_IoU": 83.1688642501831,
        "train_epoch_time": 219.0904095172882,
        "val_accuracy": 98.57761263847351,
        "val_loss": 0.6769224634537331,
        "val_IoU": 84.72878932952881,
        "val_epoch_time": 20.50814151763916
    },
    "14": {
        "train_accuracy": 97.15349674224854,
        "train_loss": 0.6664427161216736,
        "train_IoU": 83.23934078216553,
        "train_epoch_time": 218.7920572757721,
        "val_accuracy": 98.84111285209656,
        "val_loss": 0.678375577315306,
        "val_IoU": 85.95635890960693,
        "val_epoch_time": 20.674786806106567
    },
    "15": {
        "train_accuracy": 97.14612364768982,
        "train_loss": 0.6648681271309945,
        "train_IoU": 83.37218165397644,
        "train_epoch_time": 218.80551171302795,
        "val_accuracy": 97.7601945400238,
        "val_loss": 0.6780742208162942,
        "val_IoU": 78.60805988311768,
        "val_epoch_time": 20.4563090801239
    },
    "16": {
        "train_accuracy": 97.32155203819275,
        "train_loss": 0.6638453284899394,
        "train_IoU": 84.2012882232666,
        "train_epoch_time": 218.9831132888794,
        "val_accuracy": 98.8340973854065,
        "val_loss": 0.6779891435916607,
        "val_IoU": 85.99762320518494,
        "val_epoch_time": 20.551043033599854
    },
    "17": {
        "train_accuracy": 97.49336242675781,
        "train_loss": 0.6634422571051357,
        "train_IoU": 85.04728078842163,
        "train_epoch_time": 218.8244593143463,
        "val_accuracy": 98.95774722099304,
        "val_loss": 0.6764811384372225,
        "val_IoU": 87.53024339675903,
        "val_epoch_time": 20.530514240264893
    },
    "18": {
        "train_accuracy": 97.22705483436584,
        "train_loss": 0.662654350084417,
        "train_IoU": 83.9048683643341,
        "train_epoch_time": 218.80332899093628,
        "val_accuracy": 98.91313910484314,
        "val_loss": 0.6750147495514306,
        "val_IoU": 87.77074813842773,
        "val_epoch_time": 20.351162433624268
    },
    "19": {
        "train_accuracy": 97.38357663154602,
        "train_loss": 0.661224849785076,
        "train_IoU": 84.77048873901367,
        "train_epoch_time": 218.82062911987305,
        "val_accuracy": 98.9896833896637,
        "val_loss": 0.674677964968559,
        "val_IoU": 88.58000040054321,
        "val_epoch_time": 20.459089279174805
    },
    "20": {
        "train_accuracy": 97.36703634262085,
        "train_loss": 0.6616697841999584,
        "train_IoU": 84.7842812538147,
        "train_epoch_time": 219.177672624588,
        "val_accuracy": 99.0585207939148,
        "val_loss": 0.6763419891015078,
        "val_IoU": 88.52350115776062,
        "val_epoch_time": 20.454291105270386
    },
    "21": {
        "train_accuracy": 97.63845801353455,
        "train_loss": 0.6620777155838756,
        "train_IoU": 85.86993217468262,
        "train_epoch_time": 218.90078616142273,
        "val_accuracy": 98.927241563797,
        "val_loss": 0.6754003289418342,
        "val_IoU": 87.67805099487305,
        "val_epoch_time": 20.423079013824463
    },
    "22": {
        "train_accuracy": 97.68257141113281,
        "train_loss": 0.6602336095828637,
        "train_IoU": 86.22870445251465,