{
    "0": {
        "train_accuracy": 91.77708029747009,
        "train_loss": 0.6876500728083594,
        "train_IoU": 65.87905883789062,
        "train_epoch_time": 218.70651388168335,
        "val_accuracy": 98.40171337127686,
        "val_loss": 0.6802747142620575,
        "val_IoU": 81.46479725837708,
        "val_epoch_time": 20.26817798614502
    },
    "1": {
        "train_accuracy": 96.16332650184631,
        "train_loss": 0.6743323697763329,
        "train_IoU": 78.84212136268616,
        "train_epoch_time": 218.5261971950531,
        "val_accuracy": 98.66223931312561,
        "val_loss": 0.6801620034071116,
        "val_IoU": 83.84214639663696,
        "val_epoch_time": 20.296348571777344
    },
    "2": {
        "train_accuracy": 96.58306241035461,
        "train_loss": 0.6718309818529619,
        "train_IoU": 80.59967756271362,
        "train_epoch_time": 219.17054224014282,
        "val_accuracy": 77.13020443916321,
        "val_loss": 0.699062827305916,
        "val_IoU": 44.38827931880951,
        "val_epoch_time": 20.14469003677368
    },
    "3": {
        "train_accuracy": 96.58263921737671,
        "train_loss": 0.6720826663222969,
        "train_IoU": 80.53015470504761,
        "train_epoch_time": 218.97165155410767,
        "val_accuracy": 98.31074476242065,
        "val_loss": 0.6838786296355416,
        "val_IoU": 79.33282256126404,
        "val_epoch_time": 20.29929280281067
    },
    "4": {
        "train_accuracy": 96.60053849220276,
        "train_loss": 0.6723164785142041,
        "train_IoU": 80.6104063987732,
        "train_epoch_time": 218.8592791557312,
        "val_accuracy": 97.86683320999146,
        "val_loss": 0.6794768785819028,
        "val_IoU": 79.10885810852051,
        "val_epoch_time": 20.231771230697632
    },
    "5": {
        "train_accuracy": 96.5544044971466,
        "train_loss": 0.6724322459276986,
        "train_IoU": 80.48903942108154,
        "train_epoch_time": 218.7227087020874,
        "val_accuracy": 97.82206416130066,
        "val_loss": 0.6852083817506447,
        "val_IoU": 78.37188243865967,
        "val_epoch_time": 20.45978045463562
    },
    "6": {
        "train_accuracy": 96.47586941719055,
        "train_loss": 0.6738851862795209,
        "train_IoU": 79.98200058937073,
        "train_epoch_time": 218.56131291389465,
        "val_accuracy": 98.5182523727417,
        "val_loss": 0.6785985521781139,
        "val_IoU": 83.52373838424683,
        "val_epoch_time": 20.223254919052124
    },
    "7": {
        "train_accuracy": 96.44763469696045,
        "train_loss": 0.6730284735268238,
        "train_IoU": 79.90109324455261,
        "train_epoch_time": 218.8282380104065,
        "val_accuracy": 98.4883189201355,
        "val_loss": 0.67924892443877,
        "val_IoU": 83.1798255443573,
        "val_epoch_time": 20.279069423675537
    },
    "8": {
        "train_accuracy": 96.63998484611511,
        "train_loss": 0.6727407936956372,
        "train_IoU": 80.86484670639038,
        "train_epoch_time": 218.76748418807983,
        "val_accuracy": 97.88092374801636,
        "val_loss": 0.6837272659326209,
        "val_IoU": 78.61546277999878,
        "val_epoch_time": 20.43101954460144
    },
    "9": {
        "train_accuracy": 96.76502346992493,
        "train_loss": 0.671203622864742,
        "train_IoU": 81.38117790222168,
        "train_epoch_time": 218.67834973335266,
        "val_accuracy": 98.1660008430481,
        "val_loss": 0.6860877672831215,
        "val_IoU": 76.8665075302124,
        "val_epoch_time": 20.339808702468872
    },
    "10": {
        "train_accuracy": 96.71498537063599,
        "train_loss": 0.6713498426418674,
        "train_IoU": 81.1433494091034,
        "train_epoch_time": 218.80120730400085,
        "val_accuracy": 98.06817173957825,
        "val_loss": 0.683523197968801,
        "val_IoU": 80.13627529144287,
        "val_epoch_time": 20.411101818084717
    },
    "11": {
        "train_accuracy": 96.5655505657196,
        "train_loss": 0.6722257992800541,
        "train_IoU": 80.46566247940063,
        "train_epoch_time": 218.58623123168945,
        "val_accuracy": 97.57874608039856,
        "val_loss": 0.6867184822375957,
        "val_IoU": 71.96898460388184,
        "val_epoch_time": 20.531979084014893
    },
    "12": {
        "train_accuracy": 96.58727049827576,
        "train_loss": 0.6725053244946051,
        "train_IoU": 80.5984616279602,
        "train_epoch_time": 218.68271255493164,
        "val_accuracy": 98.58914613723755,
        "val_loss": 0.6803024197236086,
        "val_IoU": 83.46623182296753,
        "val_epoch_time": 20.554842710494995
    },
    "13": {
        "train_accuracy": 96.62339091300964,
        "train_loss": 0.6723525596599949,
        "train_IoU": 80.76920509338379,
        "train_epoch_time": 218.85138034820557,
        "val_accuracy": 98.24326038360596,
        "val_loss": 0.6796351885184263,
        "val_IoU": 81.36926293373108,
        "val_epoch_time": 20.42825198173523
    },
    "14": {
        "train_accuracy": 96.70249223709106,
        "train_loss": 0.6724132881445041,
        "train_IoU": 81.1511218547821,
        "train_epoch_time": 218.66252374649048,
        "val_accuracy": 98.56454730033875,
        "val_loss": 0.6796197065940272,
        "val_IoU": 83.81021618843079,
        "val_epoch_time": 20.635262727737427
    },
    "15": {
        "train_accuracy": 96.55388593673706,
        "train_loss": 0.6725401969516984,
        "train_IoU": 80.4559588432312,
        "train_epoch_time": 219.02451419830322,
        "val_accuracy": 98.37501645088196,
        "val_loss": 0.6836219475819513,
        "val_IoU": 80.98790049552917,
        "val_epoch_time": 20.540611267089844
    },
    "16": {
        "train_accuracy": 96.61719799041748,
        "train_loss": 0.6721922378914033,
        "train_IoU": 80.70863485336304,
        "train_epoch_time": 219.06738543510437,
        "val_accuracy": 98.750901222229,
        "val_loss": 0.6778884468934474,
        "val_IoU": 85.21733283996582,
        "val_epoch_time": 20.362326622009277
    },
    "17": {
        "train_accuracy": 96.80686593055725,
        "train_loss": 0.6702411679660571,
        "train_IoU": 81.64001703262329,
        "train_epoch_time": 219.30352640151978,
        "val_accuracy": 97.92337417602539,
        "val_loss": 0.6856444921248999,
        "val_IoU": 73.39671850204468,
        "val_epoch_time": 20.47117781639099
    },
    "18": {
        "train_accuracy": 96.70719504356384,
        "train_loss": 0.6704866287755032,
        "train_IoU": 80.99873065948486,
        "train_epoch_time": 218.90607070922852,
        "val_accuracy": 77.43483781814575,
        "val_loss": 0.7110372185707091,
        "val_IoU": 45.102059841156006,
        "val_epoch_time": 20.343128204345703
    },
    "19": {
        "train_accuracy": 96.80320024490356,
        "train_loss": 0.6703400186463895,
        "train_IoU": 81.58707022666931,
        "train_epoch_time": 219.17877054214478,
        "val_accuracy": 98.5859751701355,
        "val_loss": 0.6820395848689935,
        "val_IoU": 82.66345262527466,
        "val_epoch_time": 20.356738567352295
    },
    "20": {
        "train_accuracy": 96.86813950538635,
        "train_loss": 0.6697096798934187,
        "train_IoU": 81.80466890335083,
        "train_epoch_time": 219.0234546661377,
        "val_accuracy": 86.41572594642639,
        "val_loss": 0.7071688480866261,
        "val_IoU": 52.36489176750183,
        "val_epoch_time": 20.23555088043213
    },
    "21": {
        "train_accuracy": 96.86459302902222,
        "train_loss": 0.6699502970658096,
        "train_IoU": 81.80524110794067,
        "train_epoch_time": 219.32383608818054,
        "val_accuracy": 97.56736159324646,
        "val_loss": 0.6793664754965366,
        "val_IoU": 77.39405632019043,
        "val_epoch_time": 20.380762815475464
    },
    "22": {
        "train_accuracy": 96.79177403450012,
        "train_loss": 0.6706609653491599,