{
    "0": {
        "train_accuracy": 93.02724599838257,
        "train_loss": 0.6844594985831014,
        "train_IoU": 69.33037638664246,
        "train_epoch_time": 221.57499861717224,
        "val_accuracy": 98.55908155441284,
        "val_loss": 0.6809985897479912,
        "val_IoU": 84.44153666496277,
        "val_epoch_time": 20.277708530426025
    },
    "1": {
        "train_accuracy": 96.87530398368835,
        "train_loss": 0.6796310340656957,
        "train_IoU": 81.84208273887634,
        "train_epoch_time": 219.0955686569214,
        "val_accuracy": 99.16850328445435,
        "val_loss": 0.6825447296484924,
        "val_IoU": 89.28780555725098,
        "val_epoch_time": 22.866021394729614
    },
    "2": {
        "train_accuracy": 97.18149304389954,
        "train_loss": 0.6779013042356449,
        "train_IoU": 83.3669900894165,
        "train_epoch_time": 220.12056350708008,
        "val_accuracy": 80.42542934417725,
        "val_loss": 0.6933243794318958,
        "val_IoU": 47.01831340789795,
        "val_epoch_time": 20.2519793510437
    },
    "3": {
        "train_accuracy": 97.06262946128845,
        "train_loss": 0.678132032179365,
        "train_IoU": 82.75396823883057,
        "train_epoch_time": 218.58170652389526,
        "val_accuracy": 98.72546792030334,
        "val_loss": 0.6798409406955427,
        "val_IoU": 85.67522764205933,
        "val_epoch_time": 20.245328903198242
    },
    "4": {
        "train_accuracy": 97.1025824546814,
        "train_loss": 0.6782724471653209,
        "train_IoU": 82.91754126548767,
        "train_epoch_time": 218.76482129096985,
        "val_accuracy": 99.0843117237091,
        "val_loss": 0.6822958787282308,
        "val_IoU": 88.40523362159729,
        "val_epoch_time": 20.392296075820923
    },
    "5": {
        "train_accuracy": 97.10968732833862,
        "train_loss": 0.6784527883810156,
        "train_IoU": 83.01764130592346,
        "train_epoch_time": 218.81792855262756,
        "val_accuracy": 98.77846240997314,
        "val_loss": 0.6833339440516936,
        "val_IoU": 85.59967279434204,
        "val_epoch_time": 20.433001041412354
    },
    "6": {
        "train_accuracy": 97.10631966590881,
        "train_loss": 0.6781886481771285,
        "train_IoU": 82.9588532447815,
        "train_epoch_time": 218.8881561756134,
        "val_accuracy": 95.4821765422821,
        "val_loss": 0.6807222427465976,
        "val_IoU": 69.0508484840393,
        "val_epoch_time": 20.301549911499023
    },
    "7": {
        "train_accuracy": 97.11756706237793,
        "train_loss": 0.6778321284873812,
        "train_IoU": 82.96438455581665,
        "train_epoch_time": 219.21833109855652,
        "val_accuracy": 98.94559383392334,
        "val_loss": 0.6837876301545363,
        "val_IoU": 86.85160875320435,
        "val_epoch_time": 20.332467317581177
    },
    "8": {
        "train_accuracy": 97.12955355644226,
        "train_loss": 0.6782210289263259,
        "train_IoU": 83.03682208061218,
        "train_epoch_time": 219.04768919944763,
        "val_accuracy": 55.1322340965271,
        "val_loss": 0.7333614688653213,
        "val_IoU": 30.26873469352722,
        "val_epoch_time": 20.447709321975708
    },
    "9": {
        "train_accuracy": 97.21490740776062,
        "train_loss": 0.6774697986303594,
        "train_IoU": 83.55833888053894,
        "train_epoch_time": 219.62106704711914,
        "val_accuracy": 98.08544516563416,
        "val_loss": 0.6883465326749361,
        "val_IoU": 74.24811124801636,
        "val_epoch_time": 20.658865451812744
    },
    "10": {
        "train_accuracy": 97.12212085723877,
        "train_loss": 0.6779222144800078,
        "train_IoU": 83.04440975189209,
        "train_epoch_time": 218.67472076416016,
        "val_accuracy": 98.95243644714355,
        "val_loss": 0.6854387934391314,
        "val_IoU": 86.2614393234253,
        "val_epoch_time": 20.36419129371643
    },
    "11": {
        "train_accuracy": 97.09967970848083,
        "train_loss": 0.6782452029340408,
        "train_IoU": 82.87408351898193,
        "train_epoch_time": 218.92614316940308,
        "val_accuracy": 98.07286858558655,
        "val_loss": 0.6844822214199948,
        "val_IoU": 79.9013614654541,
        "val_epoch_time": 20.604770183563232
    },
    "12": {
        "train_accuracy": 97.09435105323792,
        "train_loss": 0.6779340926338646,
        "train_IoU": 82.88856148719788,
        "train_epoch_time": 218.91886925697327,
        "val_accuracy": 99.04559850692749,
        "val_loss": 0.6852456866166531,
        "val_IoU": 87.17166781425476,
        "val_epoch_time": 20.381240844726562
    },
    "13": {
        "train_accuracy": 97.16535806655884,
        "train_loss": 0.6777441122952631,
        "train_IoU": 83.28909873962402,
        "train_epoch_time": 218.98539662361145,
        "val_accuracy": 97.4530279636383,
        "val_loss": 0.6832107977989392,
        "val_IoU": 76.84561610221863,
        "val_epoch_time": 20.441463947296143
    },
    "14": {
        "train_accuracy": 97.21789956092834,
        "train_loss": 0.678007673282249,
        "train_IoU": 83.52144956588745,
        "train_epoch_time": 218.92797541618347,
        "val_accuracy": 99.029940366745,
        "val_loss": 0.6843817875935482,
        "val_IoU": 87.15618848800659,
        "val_epoch_time": 20.43934917449951
    },
    "15": {
        "train_accuracy": 97.05315232276917,
        "train_loss": 0.6781667368084779,
        "train_IoU": 82.72988796234131,
        "train_epoch_time": 218.71263647079468,
        "val_accuracy": 99.1546094417572,
        "val_loss": 0.6818402241437863,
        "val_IoU": 89.17670845985413,
        "val_epoch_time": 20.314252853393555
    },
    "16": {
        "train_accuracy": 97.16994762420654,
        "train_loss": 0.6779917473886531,
        "train_IoU": 83.3014965057373,
        "train_epoch_time": 218.74174094200134,
        "val_accuracy": 58.99028182029724,
        "val_loss": 0.7183684844237107,
        "val_IoU": 32.64528512954712,
        "val_epoch_time": 20.523571014404297
    },
    "17": {
        "train_accuracy": 97.16667532920837,
        "train_loss": 0.6776318648282218,
        "train_IoU": 83.18864107131958,
        "train_epoch_time": 218.97779297828674,
        "val_accuracy": 89.851975440979,
        "val_loss": 0.6872925406847245,
        "val_IoU": 57.28989839553833,
        "val_epoch_time": 20.510549783706665
    },
    "18": {
        "train_accuracy": 97.16535210609436,
        "train_loss": 0.6780221179419869,
        "train_IoU": 83.24606418609619,
        "train_epoch_time": 219.1181914806366,
        "val_accuracy": 98.56727719306946,
        "val_loss": 0.6884877146818698,
        "val_IoU": 80.36953210830688,
        "val_epoch_time": 20.39901065826416
    },
    "19": {
        "train_accuracy": 97.09513187408447,
        "train_loss": 0.6779696249494364,
        "train_IoU": 82.91552066802979,
        "train_epoch_time": 218.98278331756592,
        "val_accuracy": 98.25378656387329,
        "val_loss": 0.6793164656712458,
        "val_IoU": 82.29981064796448,
        "val_epoch_time": 20.43442463874817
    },
    "20": {
        "train_accuracy": 97.22959399223328,
        "train_loss": 0.677820300822165,
        "train_IoU": 83.59954357147217,
        "train_epoch_time": 218.8598666191101,
        "val_accuracy": 98.84270429611206,
        "val_loss": 0.6835806476764189,
        "val_IoU": 86.03511452674866,
        "val_epoch_time": 20.455268383026123
    },
    "21": {
        "train_accuracy": 97.17261791229248,
        "train_loss": 0.6776975374595788,
        "train_IoU": 83.26408267021179,
        "train_epoch_time": 218.85539865493774,
        "val_accuracy": 82.24671483039856,
        "val_loss": 0.6902883220941592,
        "val_IoU": 49.091553688049316,
        "val_epoch_time": 20.355364322662354
    },
    "22": {
        "train_accuracy": 97.13037014007568,
        "train_loss": 0.6779987571286219,