{
    "0": {
        "train_accuracy": 92.91388988494873,
        "train_loss": 0.6886172385776743,
        "train_IoU": 66.12584590911865,
        "train_epoch_time": 161.3055181503296,
        "val_accuracy": 90.16889333724976,
        "val_loss": 0.6965202643321111,
        "val_IoU": 55.237966775894165,
        "val_epoch_time": 11.08735179901123
    },
    "1": {
        "train_accuracy": 96.16026878356934,
        "train_loss": 0.6769410706033896,
        "train_IoU": 76.34336948394775,
        "train_epoch_time": 161.21380996704102,
        "val_accuracy": 98.23657274246216,
        "val_loss": 0.6838867954718759,
        "val_IoU": 79.75426912307739,
        "val_epoch_time": 11.050266742706299
    },
    "2": {
        "train_accuracy": 96.58541083335876,
        "train_loss": 0.673830260716232,
        "train_IoU": 78.54185104370117,
        "train_epoch_time": 161.29738068580627,
        "val_accuracy": 98.65502119064331,
        "val_loss": 0.6828731848643377,
        "val_IoU": 81.86464309692383,
        "val_epoch_time": 11.047428369522095
    },
    "3": {
        "train_accuracy": 96.84790372848511,
        "train_loss": 0.6712063716907127,
        "train_IoU": 79.97106909751892,
        "train_epoch_time": 161.28805446624756,
        "val_accuracy": 98.75484108924866,
        "val_loss": 0.6794753792958383,
        "val_IoU": 83.7867259979248,
        "val_epoch_time": 11.072694540023804
    },
    "4": {
        "train_accuracy": 97.05979824066162,
        "train_loss": 0.6698643083665888,
        "train_IoU": 80.9950590133667,
        "train_epoch_time": 161.27077674865723,
        "val_accuracy": 97.96520471572876,
        "val_loss": 0.6845861474672953,
        "val_IoU": 79.29747104644775,
        "val_epoch_time": 11.086785793304443
    },
    "5": {
        "train_accuracy": 97.18890190124512,
        "train_loss": 0.6694236855880887,
        "train_IoU": 81.61026239395142,
        "train_epoch_time": 161.2620449066162,
        "val_accuracy": 98.21948409080505,
        "val_loss": 0.6807143535369483,
        "val_IoU": 79.66524362564087,
        "val_epoch_time": 11.110731363296509
    },
    "6": {
        "train_accuracy": 97.2841203212738,
        "train_loss": 0.6684669197774407,
        "train_IoU": 82.1953296661377,
        "train_epoch_time": 161.29927468299866,
        "val_accuracy": 94.68581676483154,
        "val_loss": 0.6822920533326956,
        "val_IoU": 64.85223770141602,
        "val_epoch_time": 11.038830995559692
    },
    "7": {
        "train_accuracy": 97.10118174552917,
        "train_loss": 0.6696545096004711,
        "train_IoU": 81.09990954399109,
        "train_epoch_time": 161.25502276420593,
        "val_accuracy": 95.1738715171814,
        "val_loss": 0.6888274122507144,
        "val_IoU": 66.98409914970398,
        "val_epoch_time": 11.066920280456543
    },
    "8": {
        "train_accuracy": 97.1969723701477,
        "train_loss": 0.6688957801052168,
        "train_IoU": 81.80911540985107,
        "train_epoch_time": 161.1381640434265,
        "val_accuracy": 98.39693903923035,
        "val_loss": 0.6790518348033612,
        "val_IoU": 80.81974387168884,
        "val_epoch_time": 11.056627750396729
    },
    "9": {
        "train_accuracy": 97.20221757888794,
        "train_loss": 0.6691123623473968,
        "train_IoU": 81.69453144073486,
        "train_epoch_time": 161.2099916934967,
        "val_accuracy": 93.5996413230896,
        "val_loss": 0.6946988365589043,
        "val_IoU": 63.08603286743164,
        "val_epoch_time": 11.067301034927368
    },
    "10": {
        "train_accuracy": 97.21392393112183,
        "train_loss": 0.6684220839949211,
        "train_IoU": 81.8240761756897,
        "train_epoch_time": 161.18069648742676,
        "val_accuracy": 98.7558662891388,
        "val_loss": 0.6802762166047706,
        "val_IoU": 83.1974744796753,
        "val_epoch_time": 11.053095817565918
    },
    "11": {
        "train_accuracy": 97.16545343399048,
        "train_loss": 0.6692869903994538,
        "train_IoU": 81.56093955039978,
        "train_epoch_time": 161.3268177509308,
        "val_accuracy": 98.443603515625,
        "val_loss": 0.6846422262680837,
        "val_IoU": 77.88006067276001,
        "val_epoch_time": 11.110256671905518
    },
    "12": {
        "train_accuracy": 97.13720679283142,
        "train_loss": 0.6695664824223986,
        "train_IoU": 81.44267797470093,
        "train_epoch_time": 161.2450888156891,
        "val_accuracy": 98.60866665840149,
        "val_loss": 0.6838398957863834,
        "val_IoU": 80.24038076400757,
        "val_epoch_time": 11.081679105758667
    },
    "13": {
        "train_accuracy": 97.18946814537048,
        "train_loss": 0.6688735150823402,
        "train_IoU": 81.6220760345459,
        "train_epoch_time": 161.18675422668457,
        "val_accuracy": 98.43268394470215,
        "val_loss": 0.6811472697135731,
        "val_IoU": 81.31252527236938,
        "val_epoch_time": 11.086855173110962
    },
    "14": {
        "train_accuracy": 97.18570709228516,
        "train_loss": 0.6690765862371407,
        "train_IoU": 81.68553113937378,
        "train_epoch_time": 161.14609050750732,
        "val_accuracy": 98.4514594078064,
        "val_loss": 0.6851105032823023,
        "val_IoU": 77.88058519363403,
        "val_epoch_time": 11.100202083587646
    },
    "15": {
        "train_accuracy": 97.17878699302673,
        "train_loss": 0.66903025636486,
        "train_IoU": 81.61205053329468,
        "train_epoch_time": 161.26986575126648,
        "val_accuracy": 98.28629493713379,
        "val_loss": 0.6801859812858776,
        "val_IoU": 80.60165643692017,
        "val_epoch_time": 11.045581817626953
    },
    "16": {
        "train_accuracy": 97.16152548789978,
        "train_loss": 0.6696717456275341,
        "train_IoU": 81.482595205307,
        "train_epoch_time": 161.38811612129211,
        "val_accuracy": 75.3851592540741,
        "val_loss": 0.7072442021125404,
        "val_IoU": 42.895227670669556,
        "val_epoch_time": 11.025684595108032
    },
    "17": {
        "train_accuracy": 97.18384742736816,
        "train_loss": 0.668951478892681,
        "train_IoU": 81.64117932319641,
        "train_epoch_time": 161.46749639511108,
        "val_accuracy": 73.66750836372375,
        "val_loss": 0.7513312177780347,
        "val_IoU": 41.793447732925415,
        "val_epoch_time": 11.065118074417114
    },
    "18": {
        "train_accuracy": 97.18920588493347,
        "train_loss": 0.6687059397790946,
        "train_IoU": 81.70874118804932,
        "train_epoch_time": 161.22039341926575,
        "val_accuracy": 98.14844727516174,
        "val_loss": 0.6797922314741672,
        "val_IoU": 78.94673347473145,
        "val_epoch_time": 11.059258699417114
    },
    "19": {
        "train_accuracy": 97.23588824272156,
        "train_loss": 0.6692827297191993,
        "train_IoU": 81.81682229042053,
        "train_epoch_time": 161.1758964061737,
        "val_accuracy": 94.56642270088196,
        "val_loss": 0.6885260343551636,
        "val_IoU": 64.91420269012451,
        "val_epoch_time": 11.096714973449707
    },
    "20": {
        "train_accuracy": 96.95448875427246,
        "train_loss": 0.6714324369150049,
        "train_IoU": 80.46301603317261,
        "train_epoch_time": 161.2114918231964,
        "val_accuracy": 98.31215143203735,
        "val_loss": 0.680612189647479,
        "val_IoU": 80.70997595787048,
        "val_epoch_time": 11.068798542022705
    },
    "21": {
        "train_accuracy": 97.16054797172546,
        "train_loss": 0.6697338375390746,
        "train_IoU": 81.53676986694336,
        "train_epoch_time": 161.32237553596497,
        "val_accuracy": 98.5564649105072,
        "val_loss": 0.6815483142168094,
        "val_IoU": 81.55999183654785,
        "val_epoch_time": 11.12663221359253
    },
    "22": {
        "train_accuracy": 97.10043668746948,
        "train_loss": 0.6692458316391592,