{
    "0": {
        "train_accuracy": 79.26769256591797,
        "train_loss": 0.702701714693331,
        "train_IoU": 49.5034784078598,
        "train_epoch_time": 218.567622423172,
        "val_accuracy": 96.71361446380615,
        "val_loss": 0.6822886696228616,
        "val_IoU": 72.7429747581482,
        "val_epoch_time": 20.23248815536499
    },
    "1": {
        "train_accuracy": 95.43871879577637,
        "train_loss": 0.6753980893714752,
        "train_IoU": 76.27561092376709,
        "train_epoch_time": 219.2069969177246,
        "val_accuracy": 98.36345911026001,
        "val_loss": 0.6858764779873383,
        "val_IoU": 79.26067113876343,
        "val_epoch_time": 20.471122980117798
    },
    "2": {
        "train_accuracy": 95.9519624710083,
        "train_loss": 0.6702726672677438,
        "train_IoU": 78.06004285812378,
        "train_epoch_time": 218.95911645889282,
        "val_accuracy": 97.5009560585022,
        "val_loss": 0.6901542590214655,
        "val_IoU": 76.12746953964233,
        "val_epoch_time": 20.49922013282776
    },
    "3": {
        "train_accuracy": 96.19682431221008,
        "train_loss": 0.6710404424106373,
        "train_IoU": 78.98571491241455,
        "train_epoch_time": 218.90576362609863,
        "val_accuracy": 98.59134554862976,
        "val_loss": 0.6815441709298354,
        "val_IoU": 83.92518758773804,
        "val_epoch_time": 20.328366994857788
    },
    "4": {
        "train_accuracy": 96.79134488105774,
        "train_loss": 0.667424621301539,
        "train_IoU": 81.38939142227173,
        "train_epoch_time": 218.86287927627563,
        "val_accuracy": 98.60140681266785,
        "val_loss": 0.6827485102873583,
        "val_IoU": 82.51063823699951,
        "val_epoch_time": 20.273716688156128
    },
    "5": {
        "train_accuracy": 96.74922823905945,
        "train_loss": 0.6676409312323027,
        "train_IoU": 81.13645315170288,
        "train_epoch_time": 218.8980791568756,
        "val_accuracy": 89.7835373878479,
        "val_loss": 0.7299454013506571,
        "val_IoU": 57.40540623664856,
        "val_epoch_time": 20.239946603775024
    },
    "6": {
        "train_accuracy": 96.94291353225708,
        "train_loss": 0.6668995950736243,
        "train_IoU": 81.82132840156555,
        "train_epoch_time": 218.73574590682983,
        "val_accuracy": 98.8888680934906,
        "val_loss": 0.6792662372955909,
        "val_IoU": 86.44312620162964,
        "val_epoch_time": 20.30285096168518
    },
    "7": {
        "train_accuracy": 97.44380116462708,
        "train_loss": 0.664096502463023,
        "train_IoU": 84.10729169845581,
        "train_epoch_time": 218.79711532592773,
        "val_accuracy": 99.02440905570984,
        "val_loss": 0.6757758748837005,
        "val_IoU": 88.05159330368042,
        "val_epoch_time": 20.27083992958069
    },
    "8": {
        "train_accuracy": 97.34871983528137,
        "train_loss": 0.6635577155094515,
        "train_IoU": 83.7072491645813,
        "train_epoch_time": 219.7716555595398,
        "val_accuracy": 99.0868866443634,
        "val_loss": 0.6751865698741032,
        "val_IoU": 88.74623775482178,
        "val_epoch_time": 20.354350090026855
    },
    "9": {
        "train_accuracy": 97.44526743888855,
        "train_loss": 0.6641340681150846,
        "train_IoU": 84.26333665847778,
        "train_epoch_time": 218.93718934059143,
        "val_accuracy": 98.65663051605225,
        "val_loss": 0.6817888021469114,
        "val_IoU": 81.70994520187378,
        "val_epoch_time": 20.4452064037323
    },
    "10": {
        "train_accuracy": 97.63378500938416,
        "train_loss": 0.6614830940377477,
        "train_IoU": 85.16157865524292,
        "train_epoch_time": 219.10963606834412,
        "val_accuracy": 98.7691342830658,
        "val_loss": 0.6804400407350979,
        "val_IoU": 86.25645637512207,
        "val_epoch_time": 20.38881230354309
    },
    "11": {
        "train_accuracy": 98.04585576057434,
        "train_loss": 0.6592455952775249,
        "train_IoU": 87.34806776046753,
        "train_epoch_time": 218.64018511772156,
        "val_accuracy": 99.04022216796875,
        "val_loss": 0.6753412561538892,
        "val_IoU": 88.03740739822388,
        "val_epoch_time": 20.410181760787964
    },
    "12": {
        "train_accuracy": 97.90624976158142,
        "train_loss": 0.661064000456941,
        "train_IoU": 86.53120994567871,
        "train_epoch_time": 219.03638195991516,
        "val_accuracy": 98.97061586380005,
        "val_loss": 0.6753303928252977,
        "val_IoU": 87.63224482536316,
        "val_epoch_time": 20.47825288772583
    },
    "13": {
        "train_accuracy": 97.6560890674591,
        "train_loss": 0.6609176322525621,
        "train_IoU": 85.26126146316528,
        "train_epoch_time": 219.029314994812,
        "val_accuracy": 99.23736453056335,
        "val_loss": 0.6745182505020728,
        "val_IoU": 90.45946002006531,
        "val_epoch_time": 20.468286275863647
    },
    "14": {
        "train_accuracy": 97.77988195419312,
        "train_loss": 0.6613545714640149,
        "train_IoU": 86.02449893951416,
        "train_epoch_time": 219.2029469013214,
        "val_accuracy": 93.8614547252655,
        "val_loss": 0.6862606650743727,
        "val_IoU": 63.47591280937195,
        "val_epoch_time": 20.38590979576111
    },
    "15": {
        "train_accuracy": 97.52487540245056,
        "train_loss": 0.6610201424243405,
        "train_IoU": 84.80921983718872,
        "train_epoch_time": 218.7300899028778,
        "val_accuracy": 98.9584743976593,
        "val_loss": 0.6763601333667072,
        "val_IoU": 87.45269179344177,
        "val_epoch_time": 20.492225646972656
    },
    "16": {
        "train_accuracy": 97.77508974075317,
        "train_loss": 0.6614246092590629,
        "train_IoU": 85.90666651725769,
        "train_epoch_time": 218.71368098258972,
        "val_accuracy": 98.35262298583984,
        "val_loss": 0.6807237282777444,
        "val_IoU": 82.994544506073,
        "val_epoch_time": 20.533373594284058
    },
    "17": {
        "train_accuracy": 97.63765931129456,
        "train_loss": 0.6602279251697015,
        "train_IoU": 85.39117574691772,
        "train_epoch_time": 218.52547192573547,
        "val_accuracy": 99.1503119468689,
        "val_loss": 0.6750362148651712,
        "val_IoU": 89.0015721321106,
        "val_epoch_time": 20.48383665084839
    },
    "18": {
        "train_accuracy": 97.9780375957489,
        "train_loss": 0.6590298203861013,
        "train_IoU": 86.97894811630249,
        "train_epoch_time": 219.35239434242249,
        "val_accuracy": 98.9255428314209,
        "val_loss": 0.6782392110580053,
        "val_IoU": 85.65120697021484,
        "val_epoch_time": 20.469809532165527
    },
    "19": {
        "train_accuracy": 97.9469358921051,
        "train_loss": 0.6595986887520433,
        "train_IoU": 86.91068887710571,
        "train_epoch_time": 218.55485582351685,
        "val_accuracy": 98.81287813186646,
        "val_loss": 0.6775374061022047,
        "val_IoU": 86.52806878089905,
        "val_epoch_time": 20.517926931381226
    },
    "20": {
        "train_accuracy": 97.97018766403198,
        "train_loss": 0.6584473600574567,
        "train_IoU": 87.06749677658081,
        "train_epoch_time": 218.66412734985352,
        "val_accuracy": 98.70721101760864,
        "val_loss": 0.6804768152726001,
        "val_IoU": 82.546067237854,
        "val_epoch_time": 20.591145992279053
    },
    "21": {
        "train_accuracy": 97.6889967918396,
        "train_loss": 0.6623741191976209,
        "train_IoU": 85.49575209617615,
        "train_epoch_time": 218.7195167541504,
        "val_accuracy": 98.70118498802185,
        "val_loss": 0.6766769717901182,
        "val_IoU": 85.46113967895508,
        "val_epoch_time": 20.386691093444824
    },
    "22": {
        "train_accuracy": 97.8414237499237,
        "train_loss": 0.6603363857549782,