{
    "0": {
        "train_accuracy": 81.24994039535522,
        "train_loss": 0.6930138511317113,
        "train_IoU": 50.82525014877319,
        "train_epoch_time": 18.422684907913208,
        "val_accuracy": 98.53997230529785,
        "val_loss": 0.6776239474614462,
        "val_IoU": 83.91577005386353,
        "val_epoch_time": 3.136101722717285
    },
    "1": {
        "train_accuracy": 98.13347458839417,
        "train_loss": 0.6654615942920957,
        "train_IoU": 86.67850494384766,
        "train_epoch_time": 18.453803062438965,
        "val_accuracy": 98.87557029724121,
        "val_loss": 0.6763832798370948,
        "val_IoU": 86.79091930389404,
        "val_epoch_time": 3.1106863021850586
    },
    "2": {
        "train_accuracy": 98.44439029693604,
        "train_loss": 0.6638302837099347,
        "train_IoU": 88.56704235076904,
        "train_epoch_time": 18.430341243743896,
        "val_accuracy": 99.0018367767334,
        "val_loss": 0.675680339336395,
        "val_IoU": 88.04292678833008,
        "val_epoch_time": 3.1424925327301025
    },
    "3": {
        "train_accuracy": 98.67802262306213,
        "train_loss": 0.6625083080359866,
        "train_IoU": 90.13746976852417,
        "train_epoch_time": 18.256714582443237,
        "val_accuracy": 98.7076461315155,
        "val_loss": 0.6755371460547815,
        "val_IoU": 85.77529788017273,
        "val_epoch_time": 3.0693001747131348
    },
    "4": {
        "train_accuracy": 98.68705868721008,
        "train_loss": 0.6625336446932385,
        "train_IoU": 90.17115831375122,
        "train_epoch_time": 18.34155535697937,
        "val_accuracy": 99.112468957901,
        "val_loss": 0.6748320017105494,
        "val_IoU": 89.18991088867188,
        "val_epoch_time": 3.165219306945801
    },
    "5": {
        "train_accuracy": 98.78487586975098,
        "train_loss": 0.6616589388677052,
        "train_IoU": 90.86347818374634,
        "train_epoch_time": 18.216119289398193,
        "val_accuracy": 99.20125007629395,
        "val_loss": 0.6738479015154716,
        "val_IoU": 90.1286780834198,
        "val_epoch_time": 3.1017940044403076
    },
    "6": {
        "train_accuracy": 98.88298511505127,
        "train_loss": 0.6607181749173576,
        "train_IoU": 91.54359102249146,
        "train_epoch_time": 18.262925624847412,
        "val_accuracy": 99.2513358592987,
        "val_loss": 0.673467911206759,
        "val_IoU": 90.6615674495697,
        "val_epoch_time": 3.125176191329956
    },
    "7": {
        "train_accuracy": 98.96820783615112,
        "train_loss": 0.6599746337958745,
        "train_IoU": 92.15935468673706,
        "train_epoch_time": 18.291757345199585,
        "val_accuracy": 99.24207329750061,
        "val_loss": 0.6728001695412857,
        "val_IoU": 90.90842008590698,
        "val_epoch_time": 3.1291253566741943
    },
    "8": {
        "train_accuracy": 99.00210499763489,
        "train_loss": 0.6594038345984051,
        "train_IoU": 92.40566492080688,
        "train_epoch_time": 18.32406783103943,
        "val_accuracy": 99.30431842803955,
        "val_loss": 0.6727857299340078,
        "val_IoU": 91.52488708496094,
        "val_epoch_time": 3.0975592136383057
    },
    "9": {
        "train_accuracy": 99.07325506210327,
        "train_loss": 0.6590115840945924,
        "train_IoU": 92.88932085037231,
        "train_epoch_time": 18.503824949264526,
        "val_accuracy": 99.2933452129364,
        "val_loss": 0.6728904522382297,
        "val_IoU": 91.27163887023926,
        "val_epoch_time": 3.14286208152771
    },
    "10": {
        "train_accuracy": 99.07948970794678,
        "train_loss": 0.6590731365340097,
        "train_IoU": 92.93866157531738,
        "train_epoch_time": 18.40025758743286,
        "val_accuracy": 99.3556022644043,
        "val_loss": 0.6724890378805308,
        "val_IoU": 91.970294713974,
        "val_epoch_time": 3.0519967079162598
    },
    "11": {
        "train_accuracy": 99.08932447433472,
        "train_loss": 0.6586963142667496,
        "train_IoU": 93.01103353500366,
        "train_epoch_time": 18.324862241744995,
        "val_accuracy": 99.30219650268555,
        "val_loss": 0.6724053223927817,
        "val_IoU": 91.36813879013062,
        "val_epoch_time": 3.080195665359497
    },
    "12": {
        "train_accuracy": 99.07323718070984,
        "train_loss": 0.6585410028696059,
        "train_IoU": 92.91877746582031,
        "train_epoch_time": 18.434645652770996,
        "val_accuracy": 99.27855134010315,
        "val_loss": 0.6724933416415482,
        "val_IoU": 91.07086658477783,
        "val_epoch_time": 3.1080942153930664
    },
    "13": {
        "train_accuracy": 99.11337494850159,
        "train_loss": 0.6585182841335026,
        "train_IoU": 93.1872010231018,
        "train_epoch_time": 18.280564308166504,
        "val_accuracy": 99.29646253585815,
        "val_loss": 0.6726533266214223,
        "val_IoU": 91.36638045310974,
        "val_epoch_time": 3.140066385269165
    },
    "14": {
        "train_accuracy": 99.10809993743896,
        "train_loss": 0.658623963168689,
        "train_IoU": 93.15648674964905,
        "train_epoch_time": 18.350353002548218,
        "val_accuracy": 99.24373626708984,
        "val_loss": 0.6725779313307542,
        "val_IoU": 90.78477621078491,
        "val_epoch_time": 3.1111013889312744
    },
    "15": {
        "train_accuracy": 99.09301996231079,
        "train_loss": 0.6586895780903953,
        "train_IoU": 93.0402159690857,
        "train_epoch_time": 18.206527709960938,
        "val_accuracy": 99.25646185874939,
        "val_loss": 0.6726935979647515,
        "val_IoU": 90.98685383796692,
        "val_epoch_time": 3.1101279258728027
    },
    "16": {
        "train_accuracy": 99.09147620201111,
        "train_loss": 0.6588294139930182,
        "train_IoU": 93.03344488143921,
        "train_epoch_time": 18.40825366973877,
        "val_accuracy": 99.31910037994385,
        "val_loss": 0.6723106289521243,
        "val_IoU": 91.56043529510498,
        "val_epoch_time": 3.1544597148895264
    },
    "17": {
        "train_accuracy": 99.1168200969696,
        "train_loss": 0.6587357223033905,
        "train_IoU": 93.20919513702393,
        "train_epoch_time": 18.529858589172363,
        "val_accuracy": 99.34837222099304,
        "val_loss": 0.6726851998231349,
        "val_IoU": 91.83316230773926,
        "val_epoch_time": 3.125361919403076
    },
    "18": {
        "train_accuracy": 99.08376932144165,
        "train_loss": 0.6587429715054374,
        "train_IoU": 92.97081232070923,
        "train_epoch_time": 18.4848530292511,
        "val_accuracy": 99.3515133857727,
        "val_loss": 0.6725099621674953,
        "val_IoU": 91.9519305229187,
        "val_epoch_time": 3.0959272384643555
    },
    "19": {
        "train_accuracy": 99.10627007484436,
        "train_loss": 0.658716621994972,
        "train_IoU": 93.13048124313354,
        "train_epoch_time": 18.474354028701782,
        "val_accuracy": 99.33275580406189,
        "val_loss": 0.6723157198001176,
        "val_IoU": 91.82437658309937,
        "val_epoch_time": 3.086963176727295
    },
    "20": {
        "train_accuracy": 99.09916520118713,
        "train_loss": 0.6587165436574393,
        "train_IoU": 93.0833637714386,
        "train_epoch_time": 18.431063652038574,
        "val_accuracy": 99.32360053062439,
        "val_loss": 0.6727214868252093,
        "val_IoU": 91.44912958145142,
        "val_epoch_time": 3.0987324714660645
    },
    "21": {
        "train_accuracy": 99.11283254623413,
        "train_loss": 0.6585377740008491,
        "train_IoU": 93.17578077316284,
        "train_epoch_time": 18.308632135391235,
        "val_accuracy": 99.29938316345215,
        "val_loss": 0.6728505965990897,
        "val_IoU": 91.40549898147583,
        "val_epoch_time": 3.136228084564209
    },
    "22": {
        "train_accuracy": 99.10072684288025,
        "train_loss": 0.6586549367223467,