{
    "0": {
        "train_accuracy": 92.33087301254272,
        "train_loss": 0.6838126382657458,
        "train_IoU": 66.08983874320984,
        "train_epoch_time": 18.52207326889038,
        "val_accuracy": 98.8718330860138,
        "val_loss": 0.6761706777108022,
        "val_IoU": 86.83290481567383,
        "val_epoch_time": 3.128682851791382
    },
    "1": {
        "train_accuracy": 98.61354231834412,
        "train_loss": 0.6668348027127131,
        "train_IoU": 89.35010433197021,
        "train_epoch_time": 18.153007984161377,
        "val_accuracy": 99.27900433540344,
        "val_loss": 0.6758054800522633,
        "val_IoU": 90.62325954437256,
        "val_epoch_time": 3.1481854915618896
    },
    "2": {
        "train_accuracy": 98.83976578712463,
        "train_loss": 0.6658744680030007,
        "train_IoU": 90.87910056114197,
        "train_epoch_time": 18.461191415786743,
        "val_accuracy": 99.31965470314026,
        "val_loss": 0.6755346166781891,
        "val_IoU": 91.1601185798645,
        "val_epoch_time": 3.1464433670043945
    },
    "3": {
        "train_accuracy": 98.9111065864563,
        "train_loss": 0.6651503192526955,
        "train_IoU": 91.3884162902832,
        "train_epoch_time": 18.40010142326355,
        "val_accuracy": 99.31541085243225,
        "val_loss": 0.6751401286858778,
        "val_IoU": 91.14608764648438,
        "val_epoch_time": 3.081341028213501
    },
    "4": {
        "train_accuracy": 98.87654781341553,
        "train_loss": 0.6651821170534411,
        "train_IoU": 91.166090965271,
        "train_epoch_time": 18.219382286071777,
        "val_accuracy": 98.96470904350281,
        "val_loss": 0.6751625721271222,
        "val_IoU": 87.87646293640137,
        "val_epoch_time": 3.096606969833374
    },
    "5": {
        "train_accuracy": 98.89751076698303,
        "train_loss": 0.6652080484798976,
        "train_IoU": 91.29822254180908,
        "train_epoch_time": 18.426239013671875,
        "val_accuracy": 99.3373692035675,
        "val_loss": 0.6755304871461331,
        "val_IoU": 91.33572578430176,
        "val_epoch_time": 3.1008999347686768
    },
    "6": {
        "train_accuracy": 98.95818829536438,
        "train_loss": 0.6646499829632897,
        "train_IoU": 91.72882437705994,
        "train_epoch_time": 18.36683988571167,
        "val_accuracy": 99.240243434906,
        "val_loss": 0.674525036261632,
        "val_IoU": 90.46815037727356,
        "val_epoch_time": 3.1446359157562256
    },
    "7": {
        "train_accuracy": 98.9501953125,
        "train_loss": 0.6646901237113135,
        "train_IoU": 91.67000651359558,
        "train_epoch_time": 18.236759901046753,
        "val_accuracy": 99.392169713974,
        "val_loss": 0.6750843479083135,
        "val_IoU": 91.90889000892639,
        "val_epoch_time": 3.0375630855560303
    },
    "8": {
        "train_accuracy": 98.96482825279236,
        "train_loss": 0.6643320249659675,
        "train_IoU": 91.76991581916809,
        "train_epoch_time": 18.4740309715271,
        "val_accuracy": 99.40651059150696,
        "val_loss": 0.6744209910050414,
        "val_IoU": 92.18547940254211,
        "val_epoch_time": 3.1433398723602295
    },
    "9": {
        "train_accuracy": 99.02665615081787,
        "train_loss": 0.6639595917293006,
        "train_IoU": 92.20552444458008,
        "train_epoch_time": 18.331515073776245,
        "val_accuracy": 98.9784836769104,
        "val_loss": 0.6753710722311949,
        "val_IoU": 87.73256540298462,
        "val_epoch_time": 3.1006581783294678
    },
    "10": {
        "train_accuracy": 99.04760718345642,
        "train_loss": 0.663804247549602,
        "train_IoU": 92.36690402030945,
        "train_epoch_time": 18.505768060684204,
        "val_accuracy": 99.01334047317505,
        "val_loss": 0.6747040855578887,
        "val_IoU": 88.24100494384766,
        "val_epoch_time": 3.128490924835205
    },
    "11": {
        "train_accuracy": 99.05362129211426,
        "train_loss": 0.6638320858989444,
        "train_IoU": 92.39673018455505,
        "train_epoch_time": 18.336445093154907,
        "val_accuracy": 99.41083788871765,
        "val_loss": 0.6745603604194447,
        "val_IoU": 92.27222204208374,
        "val_epoch_time": 3.151470899581909
    },
    "12": {
        "train_accuracy": 99.08283352851868,
        "train_loss": 0.6634278391088761,
        "train_IoU": 92.61616468429565,
        "train_epoch_time": 18.326972723007202,
        "val_accuracy": 99.4586706161499,
        "val_loss": 0.6744828010216739,
        "val_IoU": 92.72773265838623,
        "val_epoch_time": 3.1293623447418213
    },
    "13": {
        "train_accuracy": 99.082350730896,
        "train_loss": 0.6631888734442848,
        "train_IoU": 92.61062145233154,
        "train_epoch_time": 18.398717641830444,
        "val_accuracy": 99.45371150970459,
        "val_loss": 0.6745833097360073,
        "val_IoU": 92.6504373550415,
        "val_epoch_time": 3.0824291706085205
    },
    "14": {
        "train_accuracy": 99.09690618515015,
        "train_loss": 0.6631117305585317,
        "train_IoU": 92.71378517150879,
        "train_epoch_time": 18.462045669555664,
        "val_accuracy": 99.4233250617981,
        "val_loss": 0.6739403360929244,
        "val_IoU": 92.45469570159912,
        "val_epoch_time": 3.0883424282073975
    },
    "15": {
        "train_accuracy": 99.0986704826355,
        "train_loss": 0.6630915990897586,
        "train_IoU": 92.7288293838501,
        "train_epoch_time": 18.440670251846313,
        "val_accuracy": 99.4441270828247,
        "val_loss": 0.6738397677739462,
        "val_IoU": 92.67686605453491,
        "val_epoch_time": 3.1307456493377686
    },
    "16": {
        "train_accuracy": 99.03846383094788,
        "train_loss": 0.6631964117288588,
        "train_IoU": 92.3030138015747,
        "train_epoch_time": 18.37882137298584,
        "val_accuracy": 99.42673444747925,
        "val_loss": 0.6745331226251066,
        "val_IoU": 92.39780902862549,
        "val_epoch_time": 3.1504602432250977
    },
    "17": {
        "train_accuracy": 99.05298352241516,
        "train_loss": 0.6631667124373569,
        "train_IoU": 92.41555333137512,
        "train_epoch_time": 18.479928731918335,
        "val_accuracy": 99.4254469871521,
        "val_loss": 0.6743805194512391,
        "val_IoU": 92.35415458679199,
        "val_epoch_time": 3.0984020233154297
    },
    "18": {
        "train_accuracy": 99.08331036567688,
        "train_loss": 0.6632570969206948,
        "train_IoU": 92.6137924194336,
        "train_epoch_time": 18.47065782546997,
        "val_accuracy": 99.4452953338623,
        "val_loss": 0.6748377634928775,
        "val_IoU": 92.49272346496582,
        "val_epoch_time": 3.1595163345336914
    },
    "19": {
        "train_accuracy": 99.04729723930359,
        "train_loss": 0.6632162549665997,
        "train_IoU": 92.36910343170166,
        "train_epoch_time": 18.42093563079834,
        "val_accuracy": 99.41180944442749,
        "val_loss": 0.6755365377817398,
        "val_IoU": 91.99143052101135,
        "val_epoch_time": 3.0733420848846436
    },
    "20": {
        "train_accuracy": 99.09984469413757,
        "train_loss": 0.6630521250622613,
        "train_IoU": 92.74040460586548,
        "train_epoch_time": 18.29874587059021,
        "val_accuracy": 99.39677119255066,
        "val_loss": 0.6741627057393392,
        "val_IoU": 92.22586154937744,
        "val_epoch_time": 3.1070902347564697
    },
    "21": {
        "train_accuracy": 99.08164143562317,
        "train_loss": 0.6631900480815343,
        "train_IoU": 92.61044263839722,
        "train_epoch_time": 18.42356848716736,
        "val_accuracy": 99.43287968635559,
        "val_loss": 0.674270218763596,
        "val_IoU": 92.50587821006775,
        "val_epoch_time": 3.105588436126709
    },
    "22": {
        "train_accuracy": 99.07727837562561,
        "train_loss": 0.6631575060742241,