{
    "0": {
        "train_accuracy": 81.57435059547424,
        "train_loss": 0.6873343199491497,
        "train_IoU": 50.709068775177,
        "train_epoch_time": 18.468321800231934,
        "val_accuracy": 98.84520173072815,
        "val_loss": 0.6802933796858177,
        "val_IoU": 85.5548083782196,
        "val_epoch_time": 3.100553274154663
    },
    "1": {
        "train_accuracy": 98.37613105773926,
        "train_loss": 0.6723470981631958,
        "train_IoU": 87.30300664901733,
        "train_epoch_time": 18.5347101688385,
        "val_accuracy": 99.00235533714294,
        "val_loss": 0.6788420310387244,
        "val_IoU": 87.39688396453857,
        "val_epoch_time": 3.358302116394043
    },
    "2": {
        "train_accuracy": 98.6944317817688,
        "train_loss": 0.6707461071865903,
        "train_IoU": 89.4718587398529,
        "train_epoch_time": 18.421746253967285,
        "val_accuracy": 99.18913245201111,
        "val_loss": 0.6786931890707747,
        "val_IoU": 89.25092220306396,
        "val_epoch_time": 3.1503982543945312
    },
    "3": {
        "train_accuracy": 98.88913035392761,
        "train_loss": 0.6695195393902915,
        "train_IoU": 90.87967276573181,
        "train_epoch_time": 18.405088424682617,
        "val_accuracy": 98.89962673187256,
        "val_loss": 0.6785174516531138,
        "val_IoU": 86.15368604660034,
        "val_epoch_time": 3.147818088531494
    },
    "4": {
        "train_accuracy": 98.87976050376892,
        "train_loss": 0.6694916746446065,
        "train_IoU": 90.82001447677612,
        "train_epoch_time": 18.437004804611206,
        "val_accuracy": 98.92648458480835,
        "val_loss": 0.6784559977360262,
        "val_IoU": 86.60333156585693,
        "val_epoch_time": 3.1072304248809814
    },
    "5": {
        "train_accuracy": 98.91424179077148,
        "train_loss": 0.6693473024027687,
        "train_IoU": 91.06838703155518,
        "train_epoch_time": 18.32074999809265,
        "val_accuracy": 99.28072690963745,
        "val_loss": 0.6778570199624087,
        "val_IoU": 90.36544561386108,
        "val_epoch_time": 3.163069486618042
    },
    "6": {
        "train_accuracy": 99.0412950515747,
        "train_loss": 0.6683174593108038,
        "train_IoU": 92.04221963882446,
        "train_epoch_time": 18.372113943099976,
        "val_accuracy": 99.32995438575745,
        "val_loss": 0.6775834621527257,
        "val_IoU": 90.96192121505737,
        "val_epoch_time": 3.1073203086853027
    },
    "7": {
        "train_accuracy": 99.16111826896667,
        "train_loss": 0.6675993038075313,
        "train_IoU": 92.95400977134705,
        "train_epoch_time": 18.4553542137146,
        "val_accuracy": 99.41288232803345,
        "val_loss": 0.6785106108738824,
        "val_IoU": 91.94951057434082,
        "val_epoch_time": 3.170581817626953
    },
    "8": {
        "train_accuracy": 99.19778108596802,
        "train_loss": 0.6668726818902153,
        "train_IoU": 93.25062036514282,
        "train_epoch_time": 18.405569553375244,
        "val_accuracy": 99.43675398826599,
        "val_loss": 0.6760692947950119,
        "val_IoU": 92.2976553440094,
        "val_epoch_time": 3.0972001552581787
    },
    "9": {
        "train_accuracy": 99.25185441970825,
        "train_loss": 0.6663466998508996,
        "train_IoU": 93.67443323135376,
        "train_epoch_time": 18.478017807006836,
        "val_accuracy": 99.40903186798096,
        "val_loss": 0.676175016623277,
        "val_IoU": 91.97899103164673,
        "val_epoch_time": 3.0970184803009033
    },
    "10": {
        "train_accuracy": 99.19131398200989,
        "train_loss": 0.6662375556571138,
        "train_IoU": 93.21781396865845,
        "train_epoch_time": 18.520193338394165,
        "val_accuracy": 99.4979202747345,
        "val_loss": 0.6767595761861556,
        "val_IoU": 93.00806522369385,
        "val_epoch_time": 3.0854434967041016
    },
    "11": {
        "train_accuracy": 99.33067560195923,
        "train_loss": 0.6654665040118352,
        "train_IoU": 94.29018497467041,
        "train_epoch_time": 18.512224674224854,
        "val_accuracy": 99.4555652141571,
        "val_loss": 0.6762479895200483,
        "val_IoU": 92.5268292427063,
        "val_epoch_time": 3.073878526687622
    },
    "12": {
        "train_accuracy": 99.33276772499084,
        "train_loss": 0.6656523921660015,
        "train_IoU": 94.30513381958008,
        "train_epoch_time": 18.313161611557007,
        "val_accuracy": 99.52327609062195,
        "val_loss": 0.676369926868341,
        "val_IoU": 93.31450462341309,
        "val_epoch_time": 3.1395981311798096
    },
    "13": {
        "train_accuracy": 99.31250214576721,
        "train_loss": 0.6650415203401018,
        "train_IoU": 94.16929483413696,
        "train_epoch_time": 18.242438077926636,
        "val_accuracy": 99.51812624931335,
        "val_loss": 0.6759827916438761,
        "val_IoU": 93.26950907707214,
        "val_epoch_time": 3.0925726890563965
    },
    "14": {
        "train_accuracy": 99.33576583862305,
        "train_loss": 0.6652490598814829,
        "train_IoU": 94.34486627578735,
        "train_epoch_time": 18.374540090560913,
        "val_accuracy": 99.52133893966675,
        "val_loss": 0.6761471720842215,
        "val_IoU": 93.25665235519409,
        "val_epoch_time": 3.137760877609253
    },
    "15": {
        "train_accuracy": 99.30951595306396,
        "train_loss": 0.6650962131364007,
        "train_IoU": 94.14114952087402,
        "train_epoch_time": 18.43465805053711,
        "val_accuracy": 99.49257373809814,
        "val_loss": 0.6760292251904806,
        "val_IoU": 92.95403361320496,
        "val_epoch_time": 3.077150821685791
    },
    "16": {
        "train_accuracy": 99.34273958206177,
        "train_loss": 0.6648964860609601,
        "train_IoU": 94.40807104110718,
        "train_epoch_time": 18.42320203781128,
        "val_accuracy": 99.5263159275055,
        "val_loss": 0.6767745094421582,
        "val_IoU": 93.42687129974365,
        "val_epoch_time": 3.150078058242798
    },
    "17": {
        "train_accuracy": 99.33459758758545,
        "train_loss": 0.6646854132413863,
        "train_IoU": 94.33370232582092,
        "train_epoch_time": 18.353230237960815,
        "val_accuracy": 99.47671890258789,
        "val_loss": 0.6762447785108519,
        "val_IoU": 92.89911389350891,
        "val_epoch_time": 3.125749349594116
    },
    "18": {
        "train_accuracy": 99.35104846954346,
        "train_loss": 0.6646714129618231,
        "train_IoU": 94.46560740470886,
        "train_epoch_time": 18.381317138671875,
        "val_accuracy": 99.56201910972595,
        "val_loss": 0.6771811338571402,
        "val_IoU": 93.79514455795288,
        "val_epoch_time": 3.1219661235809326
    },
    "19": {
        "train_accuracy": 99.40714240074158,
        "train_loss": 0.6641607918909618,
        "train_IoU": 94.913649559021,
        "train_epoch_time": 18.388680934906006,
        "val_accuracy": 99.5133101940155,
        "val_loss": 0.6758446815686348,
        "val_IoU": 93.32740306854248,
        "val_epoch_time": 3.1385750770568848
    },
    "20": {
        "train_accuracy": 99.2600679397583,
        "train_loss": 0.6644249298742839,
        "train_IoU": 93.77448558807373,
        "train_epoch_time": 18.413079738616943,
        "val_accuracy": 99.5476245880127,
        "val_loss": 0.6748889348445797,
        "val_IoU": 93.576580286026,
        "val_epoch_time": 3.1361708641052246
    },
    "21": {
        "train_accuracy": 99.32861328125,
        "train_loss": 0.6642064494746075,
        "train_IoU": 94.31116580963135,
        "train_epoch_time": 18.367541074752808,
        "val_accuracy": 99.52892661094666,
        "val_loss": 0.6753779481618832,
        "val_IoU": 93.35858821868896,
        "val_epoch_time": 3.138770341873169
    },
    "22": {
        "train_accuracy": 99.31325316429138,
        "train_loss": 0.6640748270920345,