{
    "0": {
        "train_accuracy": 78.37346196174622,
        "train_loss": 0.6926499358245306,
        "train_IoU": 47.7887898683548,
        "train_epoch_time": 18.500818967819214,
        "val_accuracy": 99.0833580493927,
        "val_loss": 0.6777309974034628,
        "val_IoU": 88.14859390258789,
        "val_epoch_time": 3.1479861736297607
    },
    "1": {
        "train_accuracy": 98.72119426727295,
        "train_loss": 0.6641565880605155,
        "train_IoU": 90.20555019378662,
        "train_epoch_time": 18.53877878189087,
        "val_accuracy": 99.19431209564209,
        "val_loss": 0.674602543696379,
        "val_IoU": 90.04743099212646,
        "val_epoch_time": 3.048515796661377
    },
    "2": {
        "train_accuracy": 98.90633225440979,
        "train_loss": 0.6630835890769959,
        "train_IoU": 91.47323369979858,
        "train_epoch_time": 18.377488136291504,
        "val_accuracy": 99.32436943054199,
        "val_loss": 0.6741835398551743,
        "val_IoU": 91.38627052307129,
        "val_epoch_time": 3.1647233963012695
    },
    "3": {
        "train_accuracy": 98.97592663764954,
        "train_loss": 0.6625763505697251,
        "train_IoU": 91.96049571037292,
        "train_epoch_time": 18.412042140960693,
        "val_accuracy": 99.32515025138855,
        "val_loss": 0.6742305327684449,
        "val_IoU": 91.30932688713074,
        "val_epoch_time": 3.091191530227661
    },
    "4": {
        "train_accuracy": 98.98799061775208,
        "train_loss": 0.6626215181180407,
        "train_IoU": 92.04099178314209,
        "train_epoch_time": 18.361064672470093,
        "val_accuracy": 97.26590514183044,
        "val_loss": 0.6757113933563232,
        "val_IoU": 76.47227644920349,
        "val_epoch_time": 3.146010160446167
    },
    "5": {
        "train_accuracy": 98.9851176738739,
        "train_loss": 0.6625775967325485,
        "train_IoU": 92.02941656112671,
        "train_epoch_time": 18.50568151473999,
        "val_accuracy": 44.194695353507996,
        "val_loss": 0.7411362162003149,
        "val_IoU": 24.040544033050537,
        "val_epoch_time": 3.1459968090057373
    },
    "6": {
        "train_accuracy": 98.98427128791809,
        "train_loss": 0.6626047053507397,
        "train_IoU": 92.00983047485352,
        "train_epoch_time": 18.257996797561646,
        "val_accuracy": 99.2916464805603,
        "val_loss": 0.673763110087468,
        "val_IoU": 91.10920429229736,
        "val_epoch_time": 3.087334394454956
    },
    "7": {
        "train_accuracy": 98.975670337677,
        "train_loss": 0.6625755020550325,
        "train_IoU": 91.96364879608154,
        "train_epoch_time": 18.405232429504395,
        "val_accuracy": 99.31497573852539,
        "val_loss": 0.6738286492152092,
        "val_IoU": 91.28309488296509,
        "val_epoch_time": 3.0709781646728516
    },
    "8": {
        "train_accuracy": 98.97043704986572,
        "train_loss": 0.6625579684972764,
        "train_IoU": 91.91732406616211,
        "train_epoch_time": 18.39420199394226,
        "val_accuracy": 99.37649965286255,
        "val_loss": 0.6737512915562359,
        "val_IoU": 91.9044017791748,
        "val_epoch_time": 3.1384084224700928
    },
    "9": {
        "train_accuracy": 99.02853965759277,
        "train_loss": 0.6620463311672213,
        "train_IoU": 92.34055280685425,
        "train_epoch_time": 18.459457397460938,
        "val_accuracy": 17.199136316776276,
        "val_loss": 0.9225969375708163,
        "val_IoU": 9.123920649290085,
        "val_epoch_time": 3.3007965087890625
    },
    "10": {
        "train_accuracy": 98.95820021629333,
        "train_loss": 0.6623494761330738,
        "train_IoU": 91.84472560882568,
        "train_epoch_time": 18.376420497894287,
        "val_accuracy": 99.37610030174255,
        "val_loss": 0.6742664315761665,
        "val_IoU": 91.82460308074951,
        "val_epoch_time": 3.137169599533081
    },
    "11": {
        "train_accuracy": 99.01183843612671,
        "train_loss": 0.6621780386992865,
        "train_IoU": 92.22104549407959,
        "train_epoch_time": 18.394649505615234,
        "val_accuracy": 99.40996170043945,
        "val_loss": 0.6735467712084453,
        "val_IoU": 92.30866432189941,
        "val_epoch_time": 3.0928120613098145
    },
    "12": {
        "train_accuracy": 99.07944202423096,
        "train_loss": 0.6616673920835768,
        "train_IoU": 92.70223379135132,
        "train_epoch_time": 18.34265160560608,
        "val_accuracy": 99.3872880935669,
        "val_loss": 0.6738288754071946,
        "val_IoU": 92.0249342918396,
        "val_epoch_time": 3.13234543800354
    },
    "13": {
        "train_accuracy": 99.03920292854309,
        "train_loss": 0.6617553553410938,
        "train_IoU": 92.41751432418823,
        "train_epoch_time": 18.473811388015747,
        "val_accuracy": 99.3414044380188,
        "val_loss": 0.673419354817806,
        "val_IoU": 91.69812202453613,
        "val_epoch_time": 3.1631085872650146
    },
    "14": {
        "train_accuracy": 99.03564453125,
        "train_loss": 0.6617592428411758,
        "train_IoU": 92.39065647125244,
        "train_epoch_time": 18.315880298614502,
        "val_accuracy": 99.11938309669495,
        "val_loss": 0.6743603348731994,
        "val_IoU": 89.05792236328125,
        "val_epoch_time": 3.125279664993286
    },
    "15": {
        "train_accuracy": 99.03783202171326,
        "train_loss": 0.6617317838328223,
        "train_IoU": 92.40757822990417,
        "train_epoch_time": 18.065683364868164,
        "val_accuracy": 99.37373995780945,
        "val_loss": 0.6732732898149735,
        "val_IoU": 91.97899103164673,
        "val_epoch_time": 3.100253105163574
    },
    "16": {
        "train_accuracy": 99.04958009719849,
        "train_loss": 0.6618239211184634,
        "train_IoU": 92.48160123825073,
        "train_epoch_time": 18.646580457687378,
        "val_accuracy": 99.41269755363464,
        "val_loss": 0.6735933896822809,
        "val_IoU": 92.2677993774414,
        "val_epoch_time": 3.0992226600646973
    },
    "17": {
        "train_accuracy": 99.02026653289795,
        "train_loss": 0.661838240282876,
        "train_IoU": 92.28295683860779,
        "train_epoch_time": 18.503514766693115,
        "val_accuracy": 99.37395453453064,
        "val_loss": 0.6742946750078446,
        "val_IoU": 91.80315732955933,
        "val_epoch_time": 3.107818841934204
    },
    "18": {
        "train_accuracy": 99.05504584312439,
        "train_loss": 0.6616534990923745,
        "train_IoU": 92.52192974090576,
        "train_epoch_time": 18.432580709457397,
        "val_accuracy": 99.34287667274475,
        "val_loss": 0.674076917843941,
        "val_IoU": 91.57787561416626,
        "val_epoch_time": 3.1099348068237305
    },
    "19": {
        "train_accuracy": 99.03470277786255,
        "train_loss": 0.6618464750902991,
        "train_IoU": 92.383873462677,
        "train_epoch_time": 18.42830777168274,
        "val_accuracy": 99.35382604598999,
        "val_loss": 0.6736028286126943,
        "val_IoU": 91.61550998687744,
        "val_epoch_time": 3.1101131439208984
    },
    "20": {
        "train_accuracy": 99.05014038085938,
        "train_loss": 0.6617839017084668,
        "train_IoU": 92.48505234718323,
        "train_epoch_time": 18.43942093849182,
        "val_accuracy": 99.36060309410095,
        "val_loss": 0.6736838939862374,
        "val_IoU": 91.83611869812012,
        "val_epoch_time": 3.1266868114471436
    },
    "21": {
        "train_accuracy": 99.06907081604004,
        "train_loss": 0.6616707061018263,
        "train_IoU": 92.62449145317078,
        "train_epoch_time": 18.457610845565796,
        "val_accuracy": 99.29911494255066,
        "val_loss": 0.6737442475098832,
        "val_IoU": 91.21147394180298,
        "val_epoch_time": 3.1083462238311768
    },
    "22": {
        "train_accuracy": 99.04036521911621,
        "train_loss": 0.661751630476543,