{
    "0": {
        "train_accuracy": 70.67578434944153,
        "train_loss": 0.7075978781495776,
        "train_IoU": 42.14249849319458,
        "train_epoch_time": 18.5103440284729,
        "val_accuracy": 97.594153881073,
        "val_loss": 0.6797476013501486,
        "val_IoU": 77.1297812461853,
        "val_epoch_time": 3.1370813846588135
    },
    "1": {
        "train_accuracy": 97.6394534111023,
        "train_loss": 0.6669534564018252,
        "train_IoU": 83.71754884719849,
        "train_epoch_time": 18.238069772720337,
        "val_accuracy": 90.06931185722351,
        "val_loss": 0.687758974539928,
        "val_IoU": 57.597190141677856,
        "val_epoch_time": 3.117182970046997
    },
    "2": {
        "train_accuracy": 97.72326946258545,
        "train_loss": 0.66686480981963,
        "train_IoU": 84.14582014083862,
        "train_epoch_time": 18.280661821365356,
        "val_accuracy": 98.68701696395874,
        "val_loss": 0.6767762517317745,
        "val_IoU": 84.92947816848755,
        "val_epoch_time": 3.0964934825897217
    },
    "3": {
        "train_accuracy": 98.28115105628967,
        "train_loss": 0.6638983415705819,
        "train_IoU": 87.51810193061829,
        "train_epoch_time": 18.365194082260132,
        "val_accuracy": 98.93208146095276,
        "val_loss": 0.6757153104513118,
        "val_IoU": 87.1823251247406,
        "val_epoch_time": 3.1037092208862305
    },
    "4": {
        "train_accuracy": 98.560631275177,
        "train_loss": 0.6616501974208013,
        "train_IoU": 89.42134380340576,
        "train_epoch_time": 18.4965603351593,
        "val_accuracy": 99.1604745388031,
        "val_loss": 0.6736785463797741,
        "val_IoU": 90.29971361160278,
        "val_epoch_time": 3.120004177093506
    },
    "5": {
        "train_accuracy": 98.77454042434692,
        "train_loss": 0.6594644218683243,
        "train_IoU": 90.9178614616394,
        "train_epoch_time": 18.319143533706665,
        "val_accuracy": 98.82391691207886,
        "val_loss": 0.6754664992674804,
        "val_IoU": 86.94326877593994,
        "val_epoch_time": 3.0819880962371826
    },
    "6": {
        "train_accuracy": 98.84610176086426,
        "train_loss": 0.6593930785145079,
        "train_IoU": 91.38762354850769,
        "train_epoch_time": 18.43475842475891,
        "val_accuracy": 99.21979904174805,
        "val_loss": 0.6731024980545043,
        "val_IoU": 90.25050401687622,
        "val_epoch_time": 3.123471975326538
    },
    "7": {
        "train_accuracy": 98.85137677192688,
        "train_loss": 0.6594062375170844,
        "train_IoU": 91.41271114349365,
        "train_epoch_time": 18.15097451210022,
        "val_accuracy": 99.12170171737671,
        "val_loss": 0.6736819224479873,
        "val_IoU": 89.22439813613892,
        "val_epoch_time": 3.15181040763855
    },
    "8": {
        "train_accuracy": 98.82476925849915,
        "train_loss": 0.6593260650123871,
        "train_IoU": 91.2395715713501,
        "train_epoch_time": 18.326891660690308,
        "val_accuracy": 99.30150508880615,
        "val_loss": 0.6725908991618033,
        "val_IoU": 91.53333902359009,
        "val_epoch_time": 3.077786445617676
    },
    "9": {
        "train_accuracy": 98.8533079624176,
        "train_loss": 0.6588285803794859,
        "train_IoU": 91.43461585044861,
        "train_epoch_time": 18.41474175453186,
        "val_accuracy": 99.2910087108612,
        "val_loss": 0.6724269420672685,
        "val_IoU": 91.01930856704712,
        "val_epoch_time": 3.0896594524383545
    },
    "10": {
        "train_accuracy": 98.98536205291748,
        "train_loss": 0.6577636471816467,
        "train_IoU": 92.38946437835693,
        "train_epoch_time": 18.393834352493286,
        "val_accuracy": 99.17455315589905,
        "val_loss": 0.6736120566343651,
        "val_IoU": 89.4652009010315,
        "val_epoch_time": 3.123830556869507
    },
    "11": {
        "train_accuracy": 99.0294873714447,
        "train_loss": 0.657543908272471,
        "train_IoU": 92.68332123756409,
        "train_epoch_time": 18.378545999526978,
        "val_accuracy": 99.31591749191284,
        "val_loss": 0.6720839112232891,
        "val_IoU": 91.49237871170044,
        "val_epoch_time": 3.1299233436584473
    },
    "12": {
        "train_accuracy": 99.00399446487427,
        "train_loss": 0.6579417833260127,
        "train_IoU": 92.4904465675354,
        "train_epoch_time": 18.40936589241028,
        "val_accuracy": 99.31010603904724,
        "val_loss": 0.6724160344172747,
        "val_IoU": 91.34470224380493,
        "val_epoch_time": 3.114097833633423
    },
    "13": {
        "train_accuracy": 99.0335464477539,
        "train_loss": 0.6577262141874858,
        "train_IoU": 92.706960439682,
        "train_epoch_time": 18.423830032348633,
        "val_accuracy": 99.13707971572876,
        "val_loss": 0.6736838496648347,
        "val_IoU": 88.94634246826172,
        "val_epoch_time": 3.1067683696746826
    },
    "14": {
        "train_accuracy": 99.00907874107361,
        "train_loss": 0.6576824464968271,
        "train_IoU": 92.52849817276001,
        "train_epoch_time": 18.139842748641968,
        "val_accuracy": 99.335378408432,
        "val_loss": 0.6725777280636321,
        "val_IoU": 91.81758761405945,
        "val_epoch_time": 3.1142120361328125
    },
    "15": {
        "train_accuracy": 99.01394844055176,
        "train_loss": 0.6576547524758749,
        "train_IoU": 92.55639910697937,
        "train_epoch_time": 18.40430521965027,
        "val_accuracy": 99.36588406562805,
        "val_loss": 0.6718455950419109,
        "val_IoU": 92.18387007713318,
        "val_epoch_time": 3.110753059387207
    },
    "16": {
        "train_accuracy": 99.16884899139404,
        "train_loss": 0.6564406190599711,
        "train_IoU": 93.67153644561768,
        "train_epoch_time": 18.385955810546875,
        "val_accuracy": 99.36468005180359,
        "val_loss": 0.6716510103299068,
        "val_IoU": 92.18876361846924,
        "val_epoch_time": 3.1459715366363525
    },
    "17": {
        "train_accuracy": 99.20580983161926,
        "train_loss": 0.655827771340098,
        "train_IoU": 93.93659830093384,
        "train_epoch_time": 18.274312019348145,
        "val_accuracy": 99.31395053863525,
        "val_loss": 0.6725918436661744,
        "val_IoU": 91.86856150627136,
        "val_epoch_time": 3.098306655883789
    },
    "18": {
        "train_accuracy": 99.18150305747986,
        "train_loss": 0.6558438450098042,
        "train_IoU": 93.77586841583252,
        "train_epoch_time": 18.399760484695435,
        "val_accuracy": 99.38463568687439,
        "val_loss": 0.6713721507634872,
        "val_IoU": 92.38033294677734,
        "val_epoch_time": 3.0948338508605957
    },
    "19": {
        "train_accuracy": 99.29485321044922,
        "train_loss": 0.6550952502659394,
        "train_IoU": 94.58619356155396,
        "train_epoch_time": 18.39608120918274,
        "val_accuracy": 99.46375489234924,
        "val_loss": 0.6711053359202848,
        "val_IoU": 93.29768419265747,
        "val_epoch_time": 3.071117639541626
    },
    "20": {
        "train_accuracy": 99.30700659751892,
        "train_loss": 0.654740489806448,
        "train_IoU": 94.68175172805786,
        "train_epoch_time": 18.35475492477417,
        "val_accuracy": 99.45036768913269,
        "val_loss": 0.671631068755419,
        "val_IoU": 93.18679571151733,
        "val_epoch_time": 3.0948355197906494
    },
    "21": {
        "train_accuracy": 99.34422969818115,
        "train_loss": 0.6548498592206408,
        "train_IoU": 94.93622183799744,
        "train_epoch_time": 18.349037885665894,
        "val_accuracy": 99.41171407699585,
        "val_loss": 0.67232425396259,
        "val_IoU": 92.84805059432983,
        "val_epoch_time": 3.057326555252075
    },
    "22": {
        "train_accuracy": 99.27342534065247,
        "train_loss": 0.6549905176673615,
        "train_IoU": 94.43745613098145,