{
    "0": {
        "train_accuracy": 76.61282420158386,
        "train_loss": 0.7043999199514033,
        "train_IoU": 46.332332491874695,
        "train_epoch_time": 22.750943422317505,
        "val_accuracy": 98.67830276489258,
        "val_loss": 0.6786239098858189,
        "val_IoU": 83.9595079421997,
        "val_epoch_time": 3.9466633796691895
    },
    "1": {
        "train_accuracy": 98.39927554130554,
        "train_loss": 0.6659456389921686,
        "train_IoU": 87.6409649848938,
        "train_epoch_time": 22.504438161849976,
        "val_accuracy": 99.0337073802948,
        "val_loss": 0.6768033746126535,
        "val_IoU": 87.25107908248901,
        "val_epoch_time": 3.929680585861206
    },
    "2": {
        "train_accuracy": 98.5830008983612,
        "train_loss": 0.6641775016431452,
        "train_IoU": 88.91901969909668,
        "train_epoch_time": 22.476338624954224,
        "val_accuracy": 98.7514317035675,
        "val_loss": 0.6765787263174315,
        "val_IoU": 85.1762056350708,
        "val_epoch_time": 3.9447414875030518
    },
    "3": {
        "train_accuracy": 98.57420921325684,
        "train_loss": 0.6643203183456706,
        "train_IoU": 88.82904648780823,
        "train_epoch_time": 22.565183877944946,
        "val_accuracy": 99.17669892311096,
        "val_loss": 0.6758928234512741,
        "val_IoU": 88.9994740486145,
        "val_epoch_time": 3.9673922061920166
    },
    "4": {
        "train_accuracy": 98.75563979148865,
        "train_loss": 0.6634373214509756,
        "train_IoU": 90.11701345443726,
        "train_epoch_time": 22.628273725509644,
        "val_accuracy": 99.25803542137146,
        "val_loss": 0.6750614739753106,
        "val_IoU": 90.29061794281006,
        "val_epoch_time": 3.8774654865264893
    },
    "5": {
        "train_accuracy": 98.81064295768738,
        "train_loss": 0.6631339938552291,
        "train_IoU": 90.51332473754883,
        "train_epoch_time": 22.552413940429688,
        "val_accuracy": 99.30294752120972,
        "val_loss": 0.6749912049319293,
        "val_IoU": 90.6651258468628,
        "val_epoch_time": 3.908281087875366
    },
    "6": {
        "train_accuracy": 98.87307286262512,
        "train_loss": 0.6627339508798387,
        "train_IoU": 90.96245765686035,
        "train_epoch_time": 22.477420806884766,
        "val_accuracy": 99.30949211120605,
        "val_loss": 0.6748091594592945,
        "val_IoU": 90.9266471862793,
        "val_epoch_time": 3.957618236541748
    },
    "7": {
        "train_accuracy": 98.9014983177185,
        "train_loss": 0.6623810485557275,
        "train_IoU": 91.17427468299866,
        "train_epoch_time": 22.60901165008545,
        "val_accuracy": 99.1943895816803,
        "val_loss": 0.6749705011780196,
        "val_IoU": 89.36958312988281,
        "val_epoch_time": 3.859769344329834
    },
    "8": {
        "train_accuracy": 98.89526963233948,
        "train_loss": 0.6623331348101297,
        "train_IoU": 91.1230981349945,
        "train_epoch_time": 22.595757722854614,
        "val_accuracy": 99.28401708602905,
        "val_loss": 0.6751823489730424,
        "val_IoU": 90.36032557487488,
        "val_epoch_time": 3.908379554748535
    },
    "9": {
        "train_accuracy": 98.88221025466919,
        "train_loss": 0.6624109043015375,
        "train_IoU": 91.03731513023376,
        "train_epoch_time": 22.597554683685303,
        "val_accuracy": 99.27853345870972,
        "val_loss": 0.675026297569275,
        "val_IoU": 90.47320485115051,
        "val_epoch_time": 3.8943963050842285
    },
    "10": {
        "train_accuracy": 98.9091157913208,
        "train_loss": 0.6622803471706531,
        "train_IoU": 91.22951030731201,
        "train_epoch_time": 22.492158889770508,
        "val_accuracy": 99.2658019065857,
        "val_loss": 0.6751698368304485,
        "val_IoU": 90.12764692306519,
        "val_epoch_time": 3.8868322372436523
    },
    "11": {
        "train_accuracy": 98.89401197433472,
        "train_loss": 0.6622390283478632,
        "train_IoU": 91.11965894699097,
        "train_epoch_time": 22.504274606704712,
        "val_accuracy": 99.25201535224915,
        "val_loss": 0.6749376090797217,
        "val_IoU": 90.39396047592163,
        "val_epoch_time": 3.939647912979126
    },
    "12": {
        "train_accuracy": 98.88203740119934,
        "train_loss": 0.6624565067114655,
        "train_IoU": 91.02965593338013,
        "train_epoch_time": 22.491218328475952,
        "val_accuracy": 99.29996728897095,
        "val_loss": 0.6748950835820791,
        "val_IoU": 90.63193202018738,
        "val_epoch_time": 3.9137721061706543
    },
    "13": {
        "train_accuracy": 98.89894723892212,
        "train_loss": 0.662420756287045,
        "train_IoU": 91.15062355995178,
        "train_epoch_time": 22.646983861923218,
        "val_accuracy": 99.30977821350098,
        "val_loss": 0.6749081450539667,
        "val_IoU": 90.74939489364624,
        "val_epoch_time": 3.876467704772949
    },
    "14": {
        "train_accuracy": 98.89289140701294,
        "train_loss": 0.662487068441179,
        "train_IoU": 91.10950231552124,
        "train_epoch_time": 22.537426471710205,
        "val_accuracy": 80.01454472541809,
        "val_loss": 0.6931591098373002,
        "val_IoU": 46.490392088890076,
        "val_epoch_time": 3.9699506759643555
    },
    "15": {
        "train_accuracy": 98.91300797462463,
        "train_loss": 0.6623238152927822,
        "train_IoU": 91.24881029129028,
        "train_epoch_time": 22.65709686279297,
        "val_accuracy": 99.31918382644653,
        "val_loss": 0.6747468097789866,
        "val_IoU": 91.01020693778992,
        "val_epoch_time": 3.8674421310424805
    },
    "16": {
        "train_accuracy": 98.90168905258179,
        "train_loss": 0.6622642291916742,
        "train_IoU": 91.17023944854736,
        "train_epoch_time": 22.565686225891113,
        "val_accuracy": 99.32541251182556,
        "val_loss": 0.6749653236286062,
        "val_IoU": 90.9493088722229,
        "val_epoch_time": 3.929471254348755
    },
    "17": {
        "train_accuracy": 98.93802404403687,
        "train_loss": 0.6620571957694158,
        "train_IoU": 91.42314195632935,
        "train_epoch_time": 22.554890155792236,
        "val_accuracy": 99.31960701942444,
        "val_loss": 0.6746441190307204,
        "val_IoU": 90.9871757030487,
        "val_epoch_time": 3.94217848777771
    },
    "18": {
        "train_accuracy": 98.92182350158691,
        "train_loss": 0.6623274984183133,
        "train_IoU": 91.33180379867554,
        "train_epoch_time": 22.549124002456665,
        "val_accuracy": 99.03473854064941,
        "val_loss": 0.674845273430283,
        "val_IoU": 88.15728425979614,
        "val_epoch_time": 3.965446710586548
    },
    "19": {
        "train_accuracy": 98.91615509986877,
        "train_loss": 0.6622099386321177,
        "train_IoU": 91.27559661865234,
        "train_epoch_time": 22.634164571762085,
        "val_accuracy": 99.27383065223694,
        "val_loss": 0.6749066678253381,
        "val_IoU": 90.5579924583435,
        "val_epoch_time": 3.940478801727295
    },
    "20": {
        "train_accuracy": 98.93553853034973,
        "train_loss": 0.6621466539524221,
        "train_IoU": 91.41430854797363,
        "train_epoch_time": 22.49380612373352,
        "val_accuracy": 99.31941628456116,
        "val_loss": 0.6747685831946294,
        "val_IoU": 90.78067541122437,
        "val_epoch_time": 3.870702028274536
    },
    "21": {
        "train_accuracy": 98.93850088119507,
        "train_loss": 0.6621692286597355,
        "train_IoU": 91.43422842025757,
        "train_epoch_time": 22.513549089431763,
        "val_accuracy": 75.36574602127075,
        "val_loss": 0.7092128943752598,
        "val_IoU": 42.988207936286926,
        "val_epoch_time": 3.872068166732788
    },
    "22": {
        "train_accuracy": 98.93339276313782,
        "train_loss": 0.6622224547244885,