{
    "0": {
        "train_accuracy": 86.23031377792358,
        "train_loss": 0.6998381296793621,
        "train_IoU": 54.89143133163452,
        "train_epoch_time": 22.69181537628174,
        "val_accuracy": 98.75118732452393,
        "val_loss": 0.6789576846200066,
        "val_IoU": 83.00809860229492,
        "val_epoch_time": 3.8896915912628174
    },
    "1": {
        "train_accuracy": 98.40670228004456,
        "train_loss": 0.6670278946558635,
        "train_IoU": 86.5829586982727,
        "train_epoch_time": 22.623680353164673,
        "val_accuracy": 98.35136532783508,
        "val_loss": 0.6827486286292205,
        "val_IoU": 80.99889755249023,
        "val_epoch_time": 3.8881726264953613
    },
    "2": {
        "train_accuracy": 98.39826822280884,
        "train_loss": 0.6671485927369859,
        "train_IoU": 86.5450382232666,
        "train_epoch_time": 22.482011795043945,
        "val_accuracy": 98.98361563682556,
        "val_loss": 0.6775994623029553,
        "val_IoU": 85.87678670883179,
        "val_epoch_time": 3.9776124954223633
    },
    "3": {
        "train_accuracy": 98.64753484725952,
        "train_loss": 0.6657959015281111,
        "train_IoU": 88.46081495285034,
        "train_epoch_time": 22.50217080116272,
        "val_accuracy": 99.04937744140625,
        "val_loss": 0.6771770151885781,
        "val_IoU": 86.4769697189331,
        "val_epoch_time": 3.9187867641448975
    },
    "4": {
        "train_accuracy": 98.73765707015991,
        "train_loss": 0.6651373306910197,
        "train_IoU": 89.21695351600647,
        "train_epoch_time": 22.620553016662598,
        "val_accuracy": 99.15375709533691,
        "val_loss": 0.6764970888962616,
        "val_IoU": 88.05615901947021,
        "val_epoch_time": 3.9271037578582764
    },
    "5": {
        "train_accuracy": 98.85140061378479,
        "train_loss": 0.664249911131682,
        "train_IoU": 90.16389846801758,
        "train_epoch_time": 22.693722248077393,
        "val_accuracy": 99.16502833366394,
        "val_loss": 0.6768458920556146,
        "val_IoU": 89.0887975692749,
        "val_epoch_time": 3.921299695968628
    },
    "6": {
        "train_accuracy": 98.90260696411133,
        "train_loss": 0.6638403384773818,
        "train_IoU": 90.62016010284424,
        "train_epoch_time": 22.612041234970093,
        "val_accuracy": 99.10513162612915,
        "val_loss": 0.677492776432553,
        "val_IoU": 87.90373802185059,
        "val_epoch_time": 3.9336636066436768
    },
    "7": {
        "train_accuracy": 98.8901674747467,
        "train_loss": 0.6639570152318034,
        "train_IoU": 90.51551818847656,
        "train_epoch_time": 22.523373126983643,
        "val_accuracy": 99.17722344398499,
        "val_loss": 0.6765823042070543,
        "val_IoU": 88.62911462783813,
        "val_epoch_time": 3.912816047668457
    },
    "8": {
        "train_accuracy": 98.87670278549194,
        "train_loss": 0.664161392936,
        "train_IoU": 90.40451645851135,
        "train_epoch_time": 22.67155623435974,
        "val_accuracy": 99.27557706832886,
        "val_loss": 0.6760448781219688,
        "val_IoU": 89.92829322814941,
        "val_epoch_time": 3.85292911529541
    },
    "9": {
        "train_accuracy": 98.95551800727844,
        "train_loss": 0.6634435318134447,
        "train_IoU": 91.07028245925903,
        "train_epoch_time": 22.582719802856445,
        "val_accuracy": 99.28370118141174,
        "val_loss": 0.6759124382122143,
        "val_IoU": 89.86204862594604,
        "val_epoch_time": 3.919600486755371
    },
    "10": {
        "train_accuracy": 98.96105527877808,
        "train_loss": 0.6632750656869679,
        "train_IoU": 91.11112356185913,
        "train_epoch_time": 22.579757690429688,
        "val_accuracy": 99.3212342262268,
        "val_loss": 0.6758767076440763,
        "val_IoU": 90.42084813117981,
        "val_epoch_time": 3.922473192214966
    },
    "11": {
        "train_accuracy": 98.9830493927002,
        "train_loss": 0.6631896703331559,
        "train_IoU": 91.3022518157959,
        "train_epoch_time": 22.51157236099243,
        "val_accuracy": 99.329674243927,
        "val_loss": 0.6756304405831002,
        "val_IoU": 90.70895910263062,
        "val_epoch_time": 3.941709518432617
    },
    "12": {
        "train_accuracy": 99.02775883674622,
        "train_loss": 0.6628320186226462,
        "train_IoU": 91.67807698249817,
        "train_epoch_time": 22.507011651992798,
        "val_accuracy": 99.22987222671509,
        "val_loss": 0.6761565707825326,
        "val_IoU": 89.03722763061523,
        "val_epoch_time": 3.942692756652832
    },
    "13": {
        "train_accuracy": 99.03137683868408,
        "train_loss": 0.6627875319233649,
        "train_IoU": 91.70610308647156,
        "train_epoch_time": 22.559744358062744,
        "val_accuracy": 99.26061034202576,
        "val_loss": 0.6761099486737635,
        "val_IoU": 89.58479762077332,
        "val_epoch_time": 3.915210485458374
    },
    "14": {
        "train_accuracy": 99.03131127357483,
        "train_loss": 0.6628086346167105,
        "train_IoU": 91.69846177101135,
        "train_epoch_time": 22.660009384155273,
        "val_accuracy": 98.86187314987183,
        "val_loss": 0.6783249297657528,
        "val_IoU": 86.32490634918213,
        "val_epoch_time": 3.890007495880127
    },
    "15": {
        "train_accuracy": 99.03603792190552,
        "train_loss": 0.6627087116241454,
        "train_IoU": 91.7429268360138,
        "train_epoch_time": 22.59005618095398,
        "val_accuracy": 99.3018627166748,
        "val_loss": 0.6759298894856427,
        "val_IoU": 90.3573751449585,
        "val_epoch_time": 3.952228546142578
    },
    "16": {
        "train_accuracy": 99.01875257492065,
        "train_loss": 0.6628067904048496,
        "train_IoU": 91.60487651824951,
        "train_epoch_time": 22.54408311843872,
        "val_accuracy": 99.28199648857117,
        "val_loss": 0.676159610619416,
        "val_IoU": 89.98618721961975,
        "val_epoch_time": 3.841841697692871
    },
    "17": {
        "train_accuracy": 99.00985360145569,
        "train_loss": 0.6628595268284836,
        "train_IoU": 91.52426719665527,
        "train_epoch_time": 22.42948055267334,
        "val_accuracy": 99.19151663780212,
        "val_loss": 0.6763731144570014,
        "val_IoU": 88.34898471832275,
        "val_epoch_time": 3.9330661296844482
    },
    "18": {
        "train_accuracy": 99.03504252433777,
        "train_loss": 0.6627093972983186,
        "train_IoU": 91.74054861068726,
        "train_epoch_time": 22.56868815422058,
        "val_accuracy": 99.3487536907196,
        "val_loss": 0.675680258789578,
        "val_IoU": 90.94188213348389,
        "val_epoch_time": 3.87990140914917
    },
    "19": {
        "train_accuracy": 99.04677867889404,
        "train_loss": 0.6626111789985937,
        "train_IoU": 91.83144569396973,
        "train_epoch_time": 22.58030414581299,
        "val_accuracy": 99.31502938270569,
        "val_loss": 0.675802459587922,
        "val_IoU": 90.57281017303467,
        "val_epoch_time": 3.938779354095459
    },
    "20": {
        "train_accuracy": 99.05993938446045,
        "train_loss": 0.6625668229880161,
        "train_IoU": 91.94613099098206,
        "train_epoch_time": 22.579092741012573,
        "val_accuracy": 99.32453036308289,
        "val_loss": 0.6756392588486542,
        "val_IoU": 90.4821515083313,
        "val_epoch_time": 3.909473180770874
    },
    "21": {
        "train_accuracy": 99.06195402145386,
        "train_loss": 0.6624597412568553,
        "train_IoU": 91.95284843444824,
        "train_epoch_time": 22.49977207183838,
        "val_accuracy": 99.3122935295105,
        "val_loss": 0.6759035700076335,
        "val_IoU": 90.31946659088135,
        "val_epoch_time": 3.8959670066833496
    },
    "22": {
        "train_accuracy": 99.05410408973694,
        "train_loss": 0.6626217268131399,
        "train_IoU": 91.90178513526917,