{
    "0": {
        "train_accuracy": 93.13356280326843,
        "train_loss": 0.6793952465057371,
        "train_IoU": 68.31066608428955,
        "train_epoch_time": 22.83188009262085,
        "val_accuracy": 98.75635504722595,
        "val_loss": 0.6772562426489752,
        "val_IoU": 85.58424115180969,
        "val_epoch_time": 3.9920411109924316
    },
    "1": {
        "train_accuracy": 98.30793738365173,
        "train_loss": 0.6656980982533208,
        "train_IoU": 87.64707446098328,
        "train_epoch_time": 22.556185245513916,
        "val_accuracy": 98.9561915397644,
        "val_loss": 0.6760088414759249,
        "val_IoU": 87.65556812286377,
        "val_epoch_time": 3.920233964920044
    },
    "2": {
        "train_accuracy": 98.58826994895935,
        "train_loss": 0.6640601502524479,
        "train_IoU": 89.48619961738586,
        "train_epoch_time": 22.590049028396606,
        "val_accuracy": 99.09456372261047,
        "val_loss": 0.6759202431988071,
        "val_IoU": 88.8063907623291,
        "val_epoch_time": 3.9545822143554688
    },
    "3": {
        "train_accuracy": 98.73303771018982,
        "train_loss": 0.662961442823763,
        "train_IoU": 90.4535710811615,
        "train_epoch_time": 22.550000429153442,
        "val_accuracy": 99.12861585617065,
        "val_loss": 0.6753292180396415,
        "val_IoU": 89.47687149047852,
        "val_epoch_time": 3.875248670578003
    },
    "4": {
        "train_accuracy": 98.77296686172485,
        "train_loss": 0.6625807408933285,
        "train_IoU": 90.739905834198,
        "train_epoch_time": 22.62237787246704,
        "val_accuracy": 94.4254994392395,
        "val_loss": 0.6772196147892927,
        "val_IoU": 65.69104194641113,
        "val_epoch_time": 3.957768440246582
    },
    "5": {
        "train_accuracy": 98.7734317779541,
        "train_loss": 0.6625538790667498,
        "train_IoU": 90.73190689086914,
        "train_epoch_time": 22.63949418067932,
        "val_accuracy": 99.13327097892761,
        "val_loss": 0.6750764282974037,
        "val_IoU": 89.60531949996948,
        "val_epoch_time": 3.989877223968506
    },
    "6": {
        "train_accuracy": 98.86389970779419,
        "train_loss": 0.6619092177461693,
        "train_IoU": 91.34122133255005,
        "train_epoch_time": 22.566483974456787,
        "val_accuracy": 99.21919107437134,
        "val_loss": 0.674540643756454,
        "val_IoU": 90.45288562774658,
        "val_epoch_time": 3.8711326122283936
    },
    "7": {
        "train_accuracy": 98.88777136802673,
        "train_loss": 0.6616017831696404,
        "train_IoU": 91.52209162712097,
        "train_epoch_time": 22.590364456176758,
        "val_accuracy": 99.22914505004883,
        "val_loss": 0.6755356369791803,
        "val_IoU": 90.09028673171997,
        "val_epoch_time": 3.9241390228271484
    },
    "8": {
        "train_accuracy": 98.86194467544556,
        "train_loss": 0.6614523481439664,
        "train_IoU": 91.36127829551697,
        "train_epoch_time": 22.62350845336914,
        "val_accuracy": 99.21061396598816,
        "val_loss": 0.6746984816886284,
        "val_IoU": 90.27249813079834,
        "val_epoch_time": 4.217604875564575
    },
    "9": {
        "train_accuracy": 98.87716174125671,
        "train_loss": 0.6615703384081522,
        "train_IoU": 91.45680665969849,
        "train_epoch_time": 22.579805612564087,
        "val_accuracy": 99.06383752822876,
        "val_loss": 0.6747804396861309,
        "val_IoU": 89.00929093360901,
        "val_epoch_time": 3.8981282711029053
    },
    "10": {
        "train_accuracy": 98.86400699615479,
        "train_loss": 0.6616168375368475,
        "train_IoU": 91.37507677078247,
        "train_epoch_time": 22.71239709854126,
        "val_accuracy": 97.84443974494934,
        "val_loss": 0.6747924137759853,
        "val_IoU": 79.59260940551758,
        "val_epoch_time": 3.914935827255249
    },
    "11": {
        "train_accuracy": 98.88156652450562,
        "train_loss": 0.6616753432485791,
        "train_IoU": 91.47692918777466,
        "train_epoch_time": 22.52419662475586,
        "val_accuracy": 98.23319911956787,
        "val_loss": 0.6751947870125641,
        "val_IoU": 82.25771188735962,
        "val_epoch_time": 3.936332941055298
    },
    "12": {
        "train_accuracy": 98.87873530387878,
        "train_loss": 0.6616752509717588,
        "train_IoU": 91.4654016494751,
        "train_epoch_time": 22.602105855941772,
        "val_accuracy": 99.20398592948914,
        "val_loss": 0.6752520767418113,
        "val_IoU": 90.10511040687561,
        "val_epoch_time": 3.931698799133301
    },
    "13": {
        "train_accuracy": 98.87444376945496,
        "train_loss": 0.6614661892255146,
        "train_IoU": 91.44065380096436,
        "train_epoch_time": 22.60920763015747,
        "val_accuracy": 98.89768362045288,
        "val_loss": 0.6750336434390094,
        "val_IoU": 87.11782693862915,
        "val_epoch_time": 3.862804412841797
    },
    "14": {
        "train_accuracy": 98.86077046394348,
        "train_loss": 0.6616258762500903,
        "train_IoU": 91.3330078125,
        "train_epoch_time": 22.597176790237427,
        "val_accuracy": 99.23021197319031,
        "val_loss": 0.6744612133180775,
        "val_IoU": 90.62211513519287,
        "val_epoch_time": 3.911123037338257
    },
    "15": {
        "train_accuracy": 98.92750978469849,
        "train_loss": 0.6611870823083101,
        "train_IoU": 91.78242683410645,
        "train_epoch_time": 22.779736042022705,
        "val_accuracy": 99.21884536743164,
        "val_loss": 0.6746401545163748,
        "val_IoU": 90.46028256416321,
        "val_epoch_time": 3.919356346130371
    },
    "16": {
        "train_accuracy": 98.93445372581482,
        "train_loss": 0.6612980515868581,
        "train_IoU": 91.84441566467285,
        "train_epoch_time": 22.556241750717163,
        "val_accuracy": 99.15856719017029,
        "val_loss": 0.6752858097488816,
        "val_IoU": 89.41675424575806,
        "val_epoch_time": 3.8764569759368896
    },
    "17": {
        "train_accuracy": 98.90639781951904,
        "train_loss": 0.6613664441638518,
        "train_IoU": 91.65680408477783,
        "train_epoch_time": 22.60442018508911,
        "val_accuracy": 99.13545846939087,
        "val_loss": 0.6749386996836275,
        "val_IoU": 89.21432495117188,
        "val_epoch_time": 4.2507483959198
    },
    "18": {
        "train_accuracy": 98.9192247390747,
        "train_loss": 0.6615382137121973,
        "train_IoU": 91.73239469528198,
        "train_epoch_time": 22.62739396095276,
        "val_accuracy": 99.21480417251587,
        "val_loss": 0.67469563355317,
        "val_IoU": 90.20002484321594,
        "val_epoch_time": 3.949375867843628
    },
    "19": {
        "train_accuracy": 98.93501400947571,
        "train_loss": 0.6611714407249737,
        "train_IoU": 91.83606505393982,
        "train_epoch_time": 22.50040578842163,
        "val_accuracy": 99.24423694610596,
        "val_loss": 0.6746803183813352,
        "val_IoU": 90.56049585342407,
        "val_epoch_time": 3.8390793800354004
    },
    "20": {
        "train_accuracy": 98.93553853034973,
        "train_loss": 0.6612538474577444,
        "train_IoU": 91.84927940368652,
        "train_epoch_time": 22.591814517974854,
        "val_accuracy": 99.16661977767944,
        "val_loss": 0.674648138316902,
        "val_IoU": 89.92359638214111,
        "val_epoch_time": 3.969895362854004
    },
    "21": {
        "train_accuracy": 98.94319176673889,
        "train_loss": 0.6611987564298841,
        "train_IoU": 91.89990162849426,
        "train_epoch_time": 22.522687435150146,
        "val_accuracy": 99.07999038696289,
        "val_loss": 0.6751140323845116,
        "val_IoU": 89.1194999217987,
        "val_epoch_time": 3.899134397506714
    },
    "22": {
        "train_accuracy": 98.94092082977295,
        "train_loss": 0.6612755709224281,