{
    "0": {
        "train_accuracy": 91.73756837844849,
        "train_loss": 0.6868131173981561,
        "train_IoU": 63.08135986328125,
        "train_epoch_time": 22.723844528198242,
        "val_accuracy": 98.67677688598633,
        "val_loss": 0.6815577664890805,
        "val_IoU": 81.86216950416565,
        "val_epoch_time": 3.9833385944366455
    },
    "1": {
        "train_accuracy": 98.33490252494812,
        "train_loss": 0.6714590796717893,
        "train_IoU": 86.08108758926392,
        "train_epoch_time": 22.672373294830322,
        "val_accuracy": 99.05681610107422,
        "val_loss": 0.6792001321509078,
        "val_IoU": 86.89377307891846,
        "val_epoch_time": 3.8691043853759766
    },
    "2": {
        "train_accuracy": 98.81460070610046,
        "train_loss": 0.6684562833220874,
        "train_IoU": 89.80374336242676,
        "train_epoch_time": 22.733693838119507,
        "val_accuracy": 99.21102523803711,
        "val_loss": 0.6787301656362172,
        "val_IoU": 88.57337236404419,
        "val_epoch_time": 3.9318318367004395
    },
    "3": {
        "train_accuracy": 99.00048971176147,
        "train_loss": 0.667153880772767,
        "train_IoU": 91.29738807678223,
        "train_epoch_time": 22.71829628944397,
        "val_accuracy": 99.33615922927856,
        "val_loss": 0.6778999873109767,
        "val_IoU": 90.2629554271698,
        "val_epoch_time": 3.9792943000793457
    },
    "4": {
        "train_accuracy": 99.10022020339966,
        "train_loss": 0.6664310221318843,
        "train_IoU": 92.08833575248718,
        "train_epoch_time": 22.716894149780273,
        "val_accuracy": 99.33933615684509,
        "val_loss": 0.6772976050505766,
        "val_IoU": 90.70858955383301,
        "val_epoch_time": 3.956763744354248
    },
    "5": {
        "train_accuracy": 99.19211268424988,
        "train_loss": 0.6656376189655732,
        "train_IoU": 92.857426404953,
        "train_epoch_time": 22.70042586326599,
        "val_accuracy": 99.39849972724915,
        "val_loss": 0.6770770888070803,
        "val_IoU": 91.16244912147522,
        "val_epoch_time": 3.8989529609680176
    },
    "6": {
        "train_accuracy": 99.24591183662415,
        "train_loss": 0.6653367691569859,
        "train_IoU": 93.27407479286194,
        "train_epoch_time": 22.67391538619995,
        "val_accuracy": 99.34790134429932,
        "val_loss": 0.6775157644942,
        "val_IoU": 90.79576134681702,
        "val_epoch_time": 3.976215124130249
    },
    "7": {
        "train_accuracy": 99.27319884300232,
        "train_loss": 0.6651545723279311,
        "train_IoU": 93.51027011871338,
        "train_epoch_time": 22.79154920578003,
        "val_accuracy": 99.3866503238678,
        "val_loss": 0.6782900030548508,
        "val_IoU": 90.78304171562195,
        "val_epoch_time": 4.006649494171143
    },
    "8": {
        "train_accuracy": 99.2605984210968,
        "train_loss": 0.6651669511088623,
        "train_IoU": 93.39674115180969,
        "train_epoch_time": 22.816033601760864,
        "val_accuracy": 99.39877390861511,
        "val_loss": 0.6776195812869715,
        "val_IoU": 91.01353883743286,
        "val_epoch_time": 3.9355149269104004
    },
    "9": {
        "train_accuracy": 99.24914836883545,
        "train_loss": 0.6653497121952195,
        "train_IoU": 93.29873323440552,
        "train_epoch_time": 22.834640502929688,
        "val_accuracy": 99.27974343299866,
        "val_loss": 0.6778944762977395,
        "val_IoU": 89.3977403640747,
        "val_epoch_time": 3.88952374458313
    },
    "10": {
        "train_accuracy": 99.23163652420044,
        "train_loss": 0.6654013854485967,
        "train_IoU": 93.14863085746765,
        "train_epoch_time": 22.812658309936523,
        "val_accuracy": 99.20096397399902,
        "val_loss": 0.6774875215581944,
        "val_IoU": 89.01258707046509,
        "val_epoch_time": 4.014264106750488
    },
    "11": {
        "train_accuracy": 99.23269152641296,
        "train_loss": 0.6655087100134958,
        "train_IoU": 93.18155646324158,
        "train_epoch_time": 22.70084571838379,
        "val_accuracy": 99.34380054473877,
        "val_loss": 0.6781462205422891,
        "val_IoU": 90.17852544784546,
        "val_epoch_time": 3.883646011352539
    },
    "12": {
        "train_accuracy": 99.26861524581909,
        "train_loss": 0.6650247136751815,
        "train_IoU": 93.47459077835083,
        "train_epoch_time": 22.71049427986145,
        "val_accuracy": 99.33566451072693,
        "val_loss": 0.6771218551171793,
        "val_IoU": 90.63913822174072,
        "val_epoch_time": 4.023529291152954
    },
    "13": {
        "train_accuracy": 99.24678802490234,
        "train_loss": 0.6651917183840713,
        "train_IoU": 93.28414797782898,
        "train_epoch_time": 22.829703330993652,
        "val_accuracy": 99.36107993125916,
        "val_loss": 0.6784613728523254,
        "val_IoU": 90.39667844772339,
        "val_epoch_time": 4.004794359207153
    },
    "14": {
        "train_accuracy": 99.28705096244812,
        "train_loss": 0.6649724019898308,
        "train_IoU": 93.62549781799316,
        "train_epoch_time": 22.78071141242981,
        "val_accuracy": 99.31996464729309,
        "val_loss": 0.6773711700697204,
        "val_IoU": 90.51561951637268,
        "val_epoch_time": 3.88747239112854
    },
    "15": {
        "train_accuracy": 99.28291440010071,
        "train_loss": 0.6650655212225736,
        "train_IoU": 93.58862042427063,
        "train_epoch_time": 22.806348085403442,
        "val_accuracy": 99.40687417984009,
        "val_loss": 0.6771195031501153,
        "val_IoU": 91.34722948074341,
        "val_epoch_time": 3.9782259464263916
    },
    "16": {
        "train_accuracy": 99.28752183914185,
        "train_loss": 0.6646535242045366,
        "train_IoU": 93.6385989189148,
        "train_epoch_time": 22.786998987197876,
        "val_accuracy": 99.4468092918396,
        "val_loss": 0.6773017532116657,
        "val_IoU": 91.91744923591614,
        "val_epoch_time": 4.256856203079224
    },
    "17": {
        "train_accuracy": 99.34021830558777,
        "train_loss": 0.6643460578388639,
        "train_IoU": 94.06589269638062,
        "train_epoch_time": 22.732279777526855,
        "val_accuracy": 99.43602681159973,
        "val_loss": 0.6772350298391806,
        "val_IoU": 91.85962677001953,
        "val_epoch_time": 3.9963064193725586
    },
    "18": {
        "train_accuracy": 99.32774901390076,
        "train_loss": 0.6643170480374936,
        "train_IoU": 93.96434426307678,
        "train_epoch_time": 22.813415050506592,
        "val_accuracy": 99.444979429245,
        "val_loss": 0.6766853799691073,
        "val_IoU": 91.85314178466797,
        "val_epoch_time": 3.9485085010528564
    },
    "19": {
        "train_accuracy": 99.26522374153137,
        "train_loss": 0.6648065125500715,
        "train_IoU": 93.44069957733154,
        "train_epoch_time": 22.58532214164734,
        "val_accuracy": 99.45588111877441,
        "val_loss": 0.6765209565291534,
        "val_IoU": 92.20905303955078,
        "val_epoch_time": 3.929093837738037
    },
    "20": {
        "train_accuracy": 99.37905669212341,
        "train_loss": 0.6639682783020868,
        "train_IoU": 94.38278675079346,
        "train_epoch_time": 22.734662771224976,
        "val_accuracy": 99.42818284034729,
        "val_loss": 0.6767243855708355,
        "val_IoU": 91.65037870407104,
        "val_epoch_time": 3.9387831687927246
    },
    "21": {
        "train_accuracy": 99.37639832496643,
        "train_loss": 0.6639638432749996,
        "train_IoU": 94.375479221344,
        "train_epoch_time": 22.681179761886597,
        "val_accuracy": 99.48999881744385,
        "val_loss": 0.676701875957283,
        "val_IoU": 92.39184856414795,
        "val_epoch_time": 3.9726133346557617
    },
    "22": {
        "train_accuracy": 99.40133690834045,
        "train_loss": 0.66350332542702,