{
    "0": {
        "train_accuracy": 85.7145369052887,
        "train_loss": 0.6907747370225411,
        "train_IoU": 55.99825382232666,
        "train_epoch_time": 22.812070608139038,
        "val_accuracy": 98.08645248413086,
        "val_loss": 0.680165260224729,
        "val_IoU": 80.1369309425354,
        "val_epoch_time": 3.8888251781463623
    },
    "1": {
        "train_accuracy": 98.11806082725525,
        "train_loss": 0.6662278978912922,
        "train_IoU": 87.1586561203003,
        "train_epoch_time": 22.687323093414307,
        "val_accuracy": 98.83005023002625,
        "val_loss": 0.6749891091037441,
        "val_IoU": 87.51036524772644,
        "val_epoch_time": 3.9125123023986816
    },
    "2": {
        "train_accuracy": 98.64621162414551,
        "train_loss": 0.6626801579086868,
        "train_IoU": 90.52839279174805,
        "train_epoch_time": 22.628331184387207,
        "val_accuracy": 98.96299242973328,
        "val_loss": 0.6752037840920526,
        "val_IoU": 88.5800838470459,
        "val_epoch_time": 3.878251075744629
    },
    "3": {
        "train_accuracy": 98.81281852722168,
        "train_loss": 0.6613780321898285,
        "train_IoU": 91.59238338470459,
        "train_epoch_time": 22.57466435432434,
        "val_accuracy": 99.13075566291809,
        "val_loss": 0.6744900619661486,
        "val_IoU": 90.20557403564453,
        "val_epoch_time": 4.063277006149292
    },
    "4": {
        "train_accuracy": 98.95669221878052,
        "train_loss": 0.6603232613316292,
        "train_IoU": 92.51765012741089,
        "train_epoch_time": 22.767967700958252,
        "val_accuracy": 99.1596519947052,
        "val_loss": 0.6742257701384053,
        "val_IoU": 90.5085027217865,
        "val_epoch_time": 3.876647710800171
    },
    "5": {
        "train_accuracy": 99.01681542396545,
        "train_loss": 0.6595269927272087,
        "train_IoU": 92.93358325958252,
        "train_epoch_time": 22.60399603843689,
        "val_accuracy": 99.11826252937317,
        "val_loss": 0.6739756432739464,
        "val_IoU": 90.2134656906128,
        "val_epoch_time": 3.946969985961914
    },
    "6": {
        "train_accuracy": 99.04507994651794,
        "train_loss": 0.6594876298197995,
        "train_IoU": 93.1070625782013,
        "train_epoch_time": 22.669340133666992,
        "val_accuracy": 99.2805540561676,
        "val_loss": 0.6743898842785809,
        "val_IoU": 91.56472682952881,
        "val_epoch_time": 3.9440743923187256
    },
    "7": {
        "train_accuracy": 99.08528923988342,
        "train_loss": 0.6588670390623586,
        "train_IoU": 93.39390397071838,
        "train_epoch_time": 22.489469528198242,
        "val_accuracy": 99.22478199005127,
        "val_loss": 0.6755960986420914,
        "val_IoU": 90.9069836139679,
        "val_epoch_time": 3.8922159671783447
    },
    "8": {
        "train_accuracy": 99.10836815834045,
        "train_loss": 0.6590025945946025,
        "train_IoU": 93.5325026512146,
        "train_epoch_time": 22.660598278045654,
        "val_accuracy": 99.24643635749817,
        "val_loss": 0.6742987858282554,
        "val_IoU": 91.22162461280823,
        "val_epoch_time": 3.9812560081481934
    },
    "9": {
        "train_accuracy": 99.1070806980133,
        "train_loss": 0.6589478483906501,
        "train_IoU": 93.52293014526367,
        "train_epoch_time": 22.63172173500061,
        "val_accuracy": 99.21668767929077,
        "val_loss": 0.6745008278537442,
        "val_IoU": 90.83424210548401,
        "val_epoch_time": 3.884265422821045
    },
    "10": {
        "train_accuracy": 99.12269711494446,
        "train_loss": 0.6589858920485888,
        "train_IoU": 93.62554550170898,
        "train_epoch_time": 22.65204882621765,
        "val_accuracy": 99.31243062019348,
        "val_loss": 0.6739114957886773,
        "val_IoU": 91.86760187149048,
        "val_epoch_time": 3.923880100250244
    },
    "11": {
        "train_accuracy": 99.13296699523926,
        "train_loss": 0.6584002291714706,
        "train_IoU": 93.70617866516113,
        "train_epoch_time": 22.523759603500366,
        "val_accuracy": 99.11816716194153,
        "val_loss": 0.6748567223548891,
        "val_IoU": 90.20280838012695,
        "val_epoch_time": 3.928056001663208
    },
    "12": {
        "train_accuracy": 99.15884733200073,
        "train_loss": 0.6584378065886319,
        "train_IoU": 93.86863708496094,
        "train_epoch_time": 22.643224954605103,
        "val_accuracy": 99.17333126068115,
        "val_loss": 0.6748424349604425,
        "val_IoU": 90.60343503952026,
        "val_epoch_time": 3.941668748855591
    },
    "13": {
        "train_accuracy": 99.16480779647827,
        "train_loss": 0.6583642884537023,
        "train_IoU": 93.90602111816406,
        "train_epoch_time": 22.55774211883545,
        "val_accuracy": 99.16164875030518,
        "val_loss": 0.674635732496107,
        "val_IoU": 90.51321744918823,
        "val_epoch_time": 3.951514959335327
    },
    "14": {
        "train_accuracy": 99.1551160812378,
        "train_loss": 0.6583259401498015,
        "train_IoU": 93.84220838546753,
        "train_epoch_time": 22.673569202423096,
        "val_accuracy": 98.85164499282837,
        "val_loss": 0.6755888897019464,
        "val_IoU": 87.91682720184326,
        "val_epoch_time": 3.8909804821014404
    },
    "15": {
        "train_accuracy": 99.16820526123047,
        "train_loss": 0.6585016378649959,
        "train_IoU": 93.93919706344604,
        "train_epoch_time": 22.49011540412903,
        "val_accuracy": 99.06288981437683,
        "val_loss": 0.6754209495879508,
        "val_IoU": 89.3115758895874,
        "val_epoch_time": 3.9164865016937256
    },
    "16": {
        "train_accuracy": 99.1575837135315,
        "train_loss": 0.6585737404999907,
        "train_IoU": 93.86167526245117,
        "train_epoch_time": 22.6271915435791,
        "val_accuracy": 99.30483102798462,
        "val_loss": 0.6741614696141834,
        "val_IoU": 91.84306263923645,
        "val_epoch_time": 3.9338815212249756
    },
    "17": {
        "train_accuracy": 99.15845394134521,
        "train_loss": 0.6586601800388759,
        "train_IoU": 93.85796785354614,
        "train_epoch_time": 22.594043254852295,
        "val_accuracy": 99.17787909507751,
        "val_loss": 0.6743082178605571,
        "val_IoU": 90.66241979598999,
        "val_epoch_time": 3.9600987434387207
    },
    "18": {
        "train_accuracy": 99.14920330047607,
        "train_loss": 0.6584672433358651,
        "train_IoU": 93.81184577941895,
        "train_epoch_time": 22.609431743621826,
        "val_accuracy": 98.9033043384552,
        "val_loss": 0.6747203050432978,
        "val_IoU": 88.41341733932495,
        "val_epoch_time": 3.95353364944458
    },
    "19": {
        "train_accuracy": 99.16155338287354,
        "train_loss": 0.658545697176898,
        "train_IoU": 93.88495683670044,
        "train_epoch_time": 22.673991203308105,
        "val_accuracy": 99.31596517562866,
        "val_loss": 0.6735250643781714,
        "val_IoU": 91.94298982620239,
        "val_epoch_time": 3.948397397994995
    },
    "20": {
        "train_accuracy": 99.23441410064697,
        "train_loss": 0.6577919606809262,
        "train_IoU": 94.38533782958984,
        "train_epoch_time": 22.56876015663147,
        "val_accuracy": 98.73701333999634,
        "val_loss": 0.6759542339556927,
        "val_IoU": 87.01946139335632,
        "val_epoch_time": 3.9254262447357178
    },
    "21": {
        "train_accuracy": 99.1960346698761,
        "train_loss": 0.6578552360887879,
        "train_IoU": 94.11880373954773,
        "train_epoch_time": 22.60658884048462,
        "val_accuracy": 99.03842210769653,
        "val_loss": 0.6748070829623455,
        "val_IoU": 89.43472504615784,
        "val_epoch_time": 3.8965132236480713
    },
    "22": {
        "train_accuracy": 99.2014229297638,
        "train_loss": 0.6579398972016794,