{
    "0": {
        "train_accuracy": 63.76792788505554,
        "train_loss": 0.7198665706497247,
        "train_IoU": 34.48898494243622,
        "train_epoch_time": 13.043442487716675,
        "val_accuracy": 97.24857807159424,
        "val_loss": 0.6513417130336164,
        "val_IoU": 86.73791885375977,
        "val_epoch_time": 3.16803240776062
    },
    "1": {
        "train_accuracy": 97.68815636634827,
        "train_loss": 0.6790877291650482,
        "train_IoU": 75.04342794418335,
        "train_epoch_time": 13.067328453063965,
        "val_accuracy": 98.123037815094,
        "val_loss": 0.6469273911789062,
        "val_IoU": 90.34258127212524,
        "val_epoch_time": 3.1384854316711426
    },
    "2": {
        "train_accuracy": 98.2804000377655,
        "train_loss": 0.6781733239238911,
        "train_IoU": 79.14151549339294,
        "train_epoch_time": 13.000856637954712,
        "val_accuracy": 98.11810255050659,
        "val_loss": 0.644831853918731,
        "val_IoU": 90.47048091888428,
        "val_epoch_time": 3.1198818683624268
    },
    "3": {
        "train_accuracy": 99.15757775306702,
        "train_loss": 0.6777623381578565,
        "train_IoU": 87.33283281326294,
        "train_epoch_time": 13.028172492980957,
        "val_accuracy": 98.14587235450745,
        "val_loss": 0.6456301780417563,
        "val_IoU": 90.46792387962341,
        "val_epoch_time": 3.166727066040039
    },
    "4": {
        "train_accuracy": 98.98601174354553,
        "train_loss": 0.6780094368891282,
        "train_IoU": 85.43769121170044,
        "train_epoch_time": 12.955732107162476,
        "val_accuracy": 97.67569899559021,
        "val_loss": 0.6469212900847198,
        "val_IoU": 88.42700719833374,
        "val_epoch_time": 3.1901822090148926
    },
    "5": {
        "train_accuracy": 99.07742738723755,
        "train_loss": 0.677954556815552,
        "train_IoU": 86.42133474349976,
        "train_epoch_time": 13.029022455215454,
        "val_accuracy": 98.21467399597168,
        "val_loss": 0.6447931258007882,
        "val_IoU": 90.82419276237488,
        "val_epoch_time": 3.1456940174102783
    },
    "6": {
        "train_accuracy": 99.1838276386261,
        "train_loss": 0.6775142762697106,
        "train_IoU": 87.69193887710571,
        "train_epoch_time": 12.978518962860107,
        "val_accuracy": 98.26794862747192,
        "val_loss": 0.644128012470901,
        "val_IoU": 91.07288122177124,
        "val_epoch_time": 3.134638786315918
    },
    "7": {
        "train_accuracy": 99.26429986953735,
        "train_loss": 0.6786266759489523,
        "train_IoU": 88.6835515499115,
        "train_epoch_time": 13.17894434928894,
        "val_accuracy": 94.83384490013123,
        "val_loss": 0.6971582211554049,
        "val_IoU": 80.09058833122253,
        "val_epoch_time": 3.119908332824707
    },
    "8": {
        "train_accuracy": 98.90819787979126,
        "train_loss": 0.6782096976583655,
        "train_IoU": 84.53316688537598,
        "train_epoch_time": 13.01534628868103,
        "val_accuracy": 98.17946553230286,
        "val_loss": 0.642770366743207,
        "val_IoU": 90.8211350440979,
        "val_epoch_time": 3.1146340370178223
    },
    "9": {
        "train_accuracy": 99.44941401481628,
        "train_loss": 0.677249445608168,
        "train_IoU": 91.07020497322083,
        "train_epoch_time": 13.012152910232544,
        "val_accuracy": 98.3112633228302,
        "val_loss": 0.6423161728307603,
        "val_IoU": 91.30576848983765,
        "val_epoch_time": 3.0951075553894043
    },
    "10": {
        "train_accuracy": 99.1534173488617,
        "train_loss": 0.6771607001622522,
        "train_IoU": 87.4201774597168,
        "train_epoch_time": 12.996668100357056,
        "val_accuracy": 98.29855561256409,
        "val_loss": 0.6432231841608882,
        "val_IoU": 91.2983775138855,
        "val_epoch_time": 3.150322914123535
    },
    "11": {
        "train_accuracy": 99.47764873504639,
        "train_loss": 0.6770938955473176,
        "train_IoU": 91.47418141365051,
        "train_epoch_time": 12.882692813873291,
        "val_accuracy": 98.34694862365723,
        "val_loss": 0.6426680693402886,
        "val_IoU": 91.49439334869385,
        "val_epoch_time": 3.1249237060546875
    },
    "12": {
        "train_accuracy": 99.50618147850037,
        "train_loss": 0.6770044939987586,
        "train_IoU": 91.87241792678833,
        "train_epoch_time": 12.944424867630005,
        "val_accuracy": 98.27667474746704,
        "val_loss": 0.6430377913638948,
        "val_IoU": 91.27336740493774,
        "val_epoch_time": 3.167696475982666
    },
    "13": {
        "train_accuracy": 99.49325323104858,
        "train_loss": 0.6769078879645378,
        "train_IoU": 91.72113537788391,
        "train_epoch_time": 13.056117296218872,
        "val_accuracy": 98.31262826919556,
        "val_loss": 0.64223288372159,
        "val_IoU": 91.48967266082764,
        "val_epoch_time": 3.1972997188568115
    },
    "14": {
        "train_accuracy": 99.56523180007935,
        "train_loss": 0.676931492306969,
        "train_IoU": 92.73755550384521,
        "train_epoch_time": 13.010562896728516,
        "val_accuracy": 98.32477569580078,
        "val_loss": 0.6426821583881974,
        "val_IoU": 91.39020442962646,
        "val_epoch_time": 3.1656880378723145
    },
    "15": {
        "train_accuracy": 99.5600700378418,
        "train_loss": 0.6768804061593429,
        "train_IoU": 92.65799522399902,
        "train_epoch_time": 13.092415571212769,
        "val_accuracy": 98.22195768356323,
        "val_loss": 0.6430879747495053,
        "val_IoU": 91.08163714408875,
        "val_epoch_time": 3.149169683456421
    },
    "16": {
        "train_accuracy": 99.04412627220154,
        "train_loss": 0.678810899004792,
        "train_IoU": 86.12053990364075,
        "train_epoch_time": 13.09365963935852,
        "val_accuracy": 97.91204333305359,
        "val_loss": 0.6495178695768118,
        "val_IoU": 88.81988525390625,
        "val_epoch_time": 3.1397440433502197
    },
    "17": {
        "train_accuracy": 99.55431818962097,
        "train_loss": 0.6769528903744435,
        "train_IoU": 92.57722496986389,
        "train_epoch_time": 13.15069055557251,
        "val_accuracy": 98.25882911682129,
        "val_loss": 0.6425659088417888,
        "val_IoU": 91.19756817817688,
        "val_epoch_time": 3.1396565437316895
    },
    "18": {
        "train_accuracy": 99.27107095718384,
        "train_loss": 0.676963091348157,
        "train_IoU": 88.85759115219116,
        "train_epoch_time": 12.960742712020874,
        "val_accuracy": 98.28307032585144,
        "val_loss": 0.642325888387859,
        "val_IoU": 91.33431911468506,
        "val_epoch_time": 3.0965323448181152
    },
    "19": {
        "train_accuracy": 99.49368834495544,
        "train_loss": 0.6769442075129711,
        "train_IoU": 91.70780181884766,
        "train_epoch_time": 13.050831317901611,
        "val_accuracy": 98.3431875705719,
        "val_loss": 0.6427282858639956,
        "val_IoU": 91.43233299255371,
        "val_epoch_time": 3.143200159072876
    },
    "20": {
        "train_accuracy": 99.58964586257935,
        "train_loss": 0.676909233132998,
        "train_IoU": 93.0800199508667,
        "train_epoch_time": 12.940502405166626,
        "val_accuracy": 98.37896823883057,
        "val_loss": 0.6423073364421727,
        "val_IoU": 91.59901738166809,
        "val_epoch_time": 3.158324956893921
    },
    "21": {
        "train_accuracy": 99.56595301628113,
        "train_loss": 0.6768918890844693,
        "train_IoU": 92.73864030838013,
        "train_epoch_time": 13.07361912727356,
        "val_accuracy": 98.02775382995605,
        "val_loss": 0.642589864321053,
        "val_IoU": 90.2780294418335,
        "val_epoch_time": 3.125244140625
    },
    "22": {
        "train_accuracy": 99.48962926864624,
        "train_loss": 0.6768605772292972,