{
    "0": {
        "train_accuracy": 77.19160914421082,
        "train_loss": 0.7141835129622256,
        "train_IoU": 42.968833446502686,
        "train_epoch_time": 13.270864009857178,
        "val_accuracy": 97.24351763725281,
        "val_loss": 0.6601734543219209,
        "val_IoU": 86.0167384147644,
        "val_epoch_time": 3.1249380111694336
    },
    "1": {
        "train_accuracy": 98.40619564056396,
        "train_loss": 0.6777748298464397,
        "train_IoU": 80.69015741348267,
        "train_epoch_time": 13.013889074325562,
        "val_accuracy": 98.32814931869507,
        "val_loss": 0.6431975914165377,
        "val_IoU": 91.64400100708008,
        "val_epoch_time": 3.1324105262756348
    },
    "2": {
        "train_accuracy": 99.35475587844849,
        "train_loss": 0.676917366457708,
        "train_IoU": 90.15234112739563,
        "train_epoch_time": 12.927549362182617,
        "val_accuracy": 98.38998913764954,
        "val_loss": 0.6408916776999831,
        "val_IoU": 91.98498725891113,
        "val_epoch_time": 3.138664484024048
    },
    "3": {
        "train_accuracy": 99.00798797607422,
        "train_loss": 0.6766938711657672,
        "train_IoU": 86.29101514816284,
        "train_epoch_time": 13.181663036346436,
        "val_accuracy": 98.31563234329224,
        "val_loss": 0.6425178740173578,
        "val_IoU": 91.60730838775635,
        "val_epoch_time": 3.15091609954834
    },
    "4": {
        "train_accuracy": 99.11590218544006,
        "train_loss": 0.6767381488373785,
        "train_IoU": 87.42377161979675,
        "train_epoch_time": 12.937280654907227,
        "val_accuracy": 98.50805997848511,
        "val_loss": 0.6402947008609768,
        "val_IoU": 92.4984872341156,
        "val_epoch_time": 3.1460869312286377
    },
    "5": {
        "train_accuracy": 99.36726093292236,
        "train_loss": 0.6764951438614814,
        "train_IoU": 90.3985857963562,
        "train_epoch_time": 12.99363923072815,
        "val_accuracy": 98.54275584220886,
        "val_loss": 0.6418379275128246,
        "val_IoU": 92.60855317115784,
        "val_epoch_time": 3.1204819679260254
    },
    "6": {
        "train_accuracy": 99.58415627479553,
        "train_loss": 0.6762366227128291,
        "train_IoU": 93.29731464385986,
        "train_epoch_time": 13.09128713607788,
        "val_accuracy": 98.62352013587952,
        "val_loss": 0.6389241367578509,
        "val_IoU": 92.98427700996399,
        "val_epoch_time": 3.18066143989563
    },
    "7": {
        "train_accuracy": 99.59485530853271,
        "train_loss": 0.6761131453694719,
        "train_IoU": 93.45437288284302,
        "train_epoch_time": 13.1249098777771,
        "val_accuracy": 98.5629677772522,
        "val_loss": 0.6378257982432841,
        "val_IoU": 92.7987813949585,
        "val_epoch_time": 3.1384048461914062
    },
    "8": {
        "train_accuracy": 99.4799017906189,
        "train_loss": 0.6761239071687056,
        "train_IoU": 91.88899993896484,
        "train_epoch_time": 13.159586191177368,
        "val_accuracy": 98.24095964431763,
        "val_loss": 0.6392788970842957,
        "val_IoU": 91.50450825691223,
        "val_epoch_time": 3.1585865020751953
    },
    "9": {
        "train_accuracy": 98.82197380065918,
        "train_loss": 0.6777887154709206,
        "train_IoU": 84.44571495056152,
        "train_epoch_time": 13.0975182056427,
        "val_accuracy": 95.90064883232117,
        "val_loss": 0.6515484480187296,
        "val_IoU": 83.10009837150574,
        "val_epoch_time": 3.145672082901001
    },
    "10": {
        "train_accuracy": 99.61283802986145,
        "train_loss": 0.6760870136997922,
        "train_IoU": 93.71864199638367,
        "train_epoch_time": 13.006444931030273,
        "val_accuracy": 98.49514365196228,
        "val_loss": 0.6382594974711541,
        "val_IoU": 92.5707995891571,
        "val_epoch_time": 3.1212003231048584
    },
    "11": {
        "train_accuracy": 99.55748915672302,
        "train_loss": 0.6760865513122442,
        "train_IoU": 92.93527603149414,
        "train_epoch_time": 13.044340133666992,
        "val_accuracy": 98.53468537330627,
        "val_loss": 0.6387059930711981,
        "val_IoU": 92.69570708274841,
        "val_epoch_time": 3.1202497482299805
    },
    "12": {
        "train_accuracy": 99.56822395324707,
        "train_loss": 0.6761622776587805,
        "train_IoU": 93.08584928512573,
        "train_epoch_time": 13.11566710472107,
        "val_accuracy": 98.46543669700623,
        "val_loss": 0.6384081477299333,
        "val_IoU": 92.44855642318726,
        "val_epoch_time": 3.1267409324645996
    },
    "13": {
        "train_accuracy": 99.25842881202698,
        "train_loss": 0.6763351875724214,
        "train_IoU": 89.12935256958008,
        "train_epoch_time": 13.058496952056885,
        "val_accuracy": 97.80409336090088,
        "val_loss": 0.6413851091638209,
        "val_IoU": 89.7956132888794,
        "val_epoch_time": 3.148444652557373
    },
    "14": {
        "train_accuracy": 99.57799315452576,
        "train_loss": 0.6760962298422148,
        "train_IoU": 93.21773052215576,
        "train_epoch_time": 13.054966926574707,
        "val_accuracy": 98.64756464958191,
        "val_loss": 0.6380214709788561,
        "val_IoU": 93.1703507900238,
        "val_epoch_time": 3.129973888397217
    },
    "15": {
        "train_accuracy": 99.60035681724548,
        "train_loss": 0.6760142251397624,
        "train_IoU": 93.54077577590942,
        "train_epoch_time": 13.041727304458618,
        "val_accuracy": 98.69638681411743,
        "val_loss": 0.6383147379383445,
        "val_IoU": 93.36304068565369,
        "val_epoch_time": 3.1534264087677
    },
    "16": {
        "train_accuracy": 99.54158663749695,
        "train_loss": 0.6759287615617112,
        "train_IoU": 92.7363395690918,
        "train_epoch_time": 13.041112422943115,
        "val_accuracy": 98.57274293899536,
        "val_loss": 0.637498887255788,
        "val_IoU": 92.88114309310913,
        "val_epoch_time": 3.1736903190612793
    },
    "17": {
        "train_accuracy": 99.45307970046997,
        "train_loss": 0.6759835847399451,
        "train_IoU": 91.55513048171997,
        "train_epoch_time": 13.070719957351685,
        "val_accuracy": 98.62529635429382,
        "val_loss": 0.6368964742869139,
        "val_IoU": 93.08657050132751,
        "val_epoch_time": 3.1474850177764893
    },
    "18": {
        "train_accuracy": 99.60693120956421,
        "train_loss": 0.6759295869957322,
        "train_IoU": 93.63671541213989,
        "train_epoch_time": 13.077455759048462,
        "val_accuracy": 98.65137338638306,
        "val_loss": 0.6369329057633876,
        "val_IoU": 93.25413703918457,
        "val_epoch_time": 3.122835397720337
    },
    "19": {
        "train_accuracy": 99.66699481010437,
        "train_loss": 0.675965507373665,
        "train_IoU": 94.51175928115845,
        "train_epoch_time": 12.982070922851562,
        "val_accuracy": 98.66555333137512,
        "val_loss": 0.6381594883278011,
        "val_IoU": 93.23282241821289,
        "val_epoch_time": 3.2312588691711426
    },
    "20": {
        "train_accuracy": 99.57154989242554,
        "train_loss": 0.6759376503301385,
        "train_IoU": 93.13747882843018,
        "train_epoch_time": 12.968974351882935,
        "val_accuracy": 98.57972264289856,
        "val_loss": 0.6372774224728346,
        "val_IoU": 92.930668592453,
        "val_epoch_time": 3.1709625720977783
    },
    "21": {
        "train_accuracy": 99.67408776283264,
        "train_loss": 0.6759275107672723,
        "train_IoU": 94.62056159973145,
        "train_epoch_time": 13.124149322509766,
        "val_accuracy": 98.4611451625824,
        "val_loss": 0.637669522315264,
        "val_IoU": 92.4091100692749,
        "val_epoch_time": 3.1698336601257324
    },
    "22": {
        "train_accuracy": 99.57419037818909,
        "train_loss": 0.6759201676556558,