{
    "0": {
        "train_accuracy": 86.78664565086365,
        "train_loss": 0.7473642126177296,
        "train_IoU": 50.77159404754639,
        "train_epoch_time": 13.320231437683105,
        "val_accuracy": 94.92892622947693,
        "val_loss": 0.6696380181238054,
        "val_IoU": 73.61758947372437,
        "val_epoch_time": 3.1585066318511963
    },
    "1": {
        "train_accuracy": 97.9009747505188,
        "train_loss": 0.6829388028744493,
        "train_IoU": 76.071035861969,
        "train_epoch_time": 13.11390995979309,
        "val_accuracy": 97.50068783760071,
        "val_loss": 0.6470949575304985,
        "val_IoU": 87.16115951538086,
        "val_epoch_time": 3.1411032676696777
    },
    "2": {
        "train_accuracy": 98.88148903846741,
        "train_loss": 0.6783373726136754,
        "train_IoU": 84.15864706039429,
        "train_epoch_time": 13.043371200561523,
        "val_accuracy": 97.69951105117798,
        "val_loss": 0.6445605810731648,
        "val_IoU": 88.22634816169739,
        "val_epoch_time": 3.1905643939971924
    },
    "3": {
        "train_accuracy": 99.10429120063782,
        "train_loss": 0.6778661893172695,
        "train_IoU": 86.61389350891113,
        "train_epoch_time": 13.088714122772217,
        "val_accuracy": 97.45259284973145,
        "val_loss": 0.6472206469625236,
        "val_IoU": 86.92110776901245,
        "val_epoch_time": 3.1684112548828125
    },
    "4": {
        "train_accuracy": 98.92103672027588,
        "train_loss": 0.6779384143424756,
        "train_IoU": 84.70389246940613,
        "train_epoch_time": 13.108906030654907,
        "val_accuracy": 97.79103994369507,
        "val_loss": 0.6434860974550246,
        "val_IoU": 88.77266645431519,
        "val_epoch_time": 3.1558868885040283
    },
    "5": {
        "train_accuracy": 99.09495115280151,
        "train_loss": 0.6775716425794546,
        "train_IoU": 86.65895462036133,
        "train_epoch_time": 13.06831407546997,
        "val_accuracy": 97.89633750915527,
        "val_loss": 0.6421559657901525,
        "val_IoU": 89.47710990905762,
        "val_epoch_time": 3.1812081336975098
    },
    "6": {
        "train_accuracy": 99.37807321548462,
        "train_loss": 0.6773182808449772,
        "train_IoU": 90.0994062423706,
        "train_epoch_time": 13.122899293899536,
        "val_accuracy": 97.90235161781311,
        "val_loss": 0.6427230695262552,
        "val_IoU": 89.37758207321167,
        "val_epoch_time": 3.113328695297241
    },
    "7": {
        "train_accuracy": 99.32553172111511,
        "train_loss": 0.6773675490509382,
        "train_IoU": 89.41640853881836,
        "train_epoch_time": 13.026319026947021,
        "val_accuracy": 97.87515997886658,
        "val_loss": 0.642740549519658,
        "val_IoU": 89.35195207595825,
        "val_epoch_time": 3.1398401260375977
    },
    "8": {
        "train_accuracy": 99.3620216846466,
        "train_loss": 0.6773471872914922,
        "train_IoU": 89.88882303237915,
        "train_epoch_time": 13.138251543045044,
        "val_accuracy": 98.00550937652588,
        "val_loss": 0.6406414499506355,
        "val_IoU": 90.020751953125,
        "val_epoch_time": 3.155060052871704
    },
    "9": {
        "train_accuracy": 99.35659766197205,
        "train_loss": 0.6770590096712111,
        "train_IoU": 89.90916013717651,
        "train_epoch_time": 13.010658025741577,
        "val_accuracy": 97.89222478866577,
        "val_loss": 0.6429992271587253,
        "val_IoU": 89.31851387023926,
        "val_epoch_time": 3.149628162384033
    },
    "10": {
        "train_accuracy": 99.42773580551147,
        "train_loss": 0.6770773683533522,
        "train_IoU": 90.81017971038818,
        "train_epoch_time": 13.07367730140686,
        "val_accuracy": 97.96902537345886,
        "val_loss": 0.6410005679354073,
        "val_IoU": 89.9107813835144,
        "val_epoch_time": 3.1524782180786133
    },
    "11": {
        "train_accuracy": 98.97453188896179,
        "train_loss": 0.6813289834694425,
        "train_IoU": 85.12939214706421,
        "train_epoch_time": 13.005136013031006,
        "val_accuracy": 96.14341259002686,
        "val_loss": 0.6594419274479151,
        "val_IoU": 79.99727725982666,
        "val_epoch_time": 3.1642062664031982
    },
    "12": {
        "train_accuracy": 99.3671178817749,
        "train_loss": 0.6770836909612019,
        "train_IoU": 90.04230499267578,
        "train_epoch_time": 13.12526559829712,
        "val_accuracy": 97.89665341377258,
        "val_loss": 0.6420738957822322,
        "val_IoU": 89.48951959609985,
        "val_epoch_time": 3.1579301357269287
    },
    "13": {
        "train_accuracy": 99.12914633750916,
        "train_loss": 0.6809068556987875,
        "train_IoU": 86.82937026023865,
        "train_epoch_time": 13.03614592552185,
        "val_accuracy": 97.15083241462708,
        "val_loss": 0.65022390242666,
        "val_IoU": 85.17730236053467,
        "val_epoch_time": 3.1274824142456055
    },
    "14": {
        "train_accuracy": 99.42769408226013,
        "train_loss": 0.6770679413369206,
        "train_IoU": 90.835440158844,
        "train_epoch_time": 13.009080410003662,
        "val_accuracy": 98.05296063423157,
        "val_loss": 0.6402123980224133,
        "val_IoU": 90.29501676559448,
        "val_epoch_time": 3.1555590629577637
    },
    "15": {
        "train_accuracy": 99.45399165153503,
        "train_loss": 0.6769641235922321,
        "train_IoU": 91.20456576347351,
        "train_epoch_time": 12.990637063980103,
        "val_accuracy": 97.98264503479004,
        "val_loss": 0.6412791814655067,
        "val_IoU": 89.99615907669067,
        "val_epoch_time": 3.132507801055908
    },
    "16": {
        "train_accuracy": 99.45871233940125,
        "train_loss": 0.6769199470678965,
        "train_IoU": 91.2756085395813,
        "train_epoch_time": 12.980427980422974,
        "val_accuracy": 97.95946478843689,
        "val_loss": 0.6421927865594624,
        "val_IoU": 89.61491584777832,
        "val_epoch_time": 3.1562280654907227
    },
    "17": {
        "train_accuracy": 99.11037087440491,
        "train_loss": 0.680821079196352,
        "train_IoU": 86.80159449577332,
        "train_epoch_time": 13.19967007637024,
        "val_accuracy": 95.80234885215759,
        "val_loss": 0.6619006739929317,
        "val_IoU": 78.11925411224365,
        "val_epoch_time": 3.1392624378204346
    },
    "18": {
        "train_accuracy": 99.23855662345886,
        "train_loss": 0.68019971612728,
        "train_IoU": 88.2932186126709,
        "train_epoch_time": 12.987687826156616,
        "val_accuracy": 96.48657441139221,
        "val_loss": 0.657665011473,
        "val_IoU": 81.72459006309509,
        "val_epoch_time": 3.1475725173950195
    },
    "19": {
        "train_accuracy": 99.41267371177673,
        "train_loss": 0.6769259310129915,
        "train_IoU": 90.67094326019287,
        "train_epoch_time": 12.90512752532959,
        "val_accuracy": 98.00682663917542,
        "val_loss": 0.6409731181338428,
        "val_IoU": 90.0169849395752,
        "val_epoch_time": 3.152672290802002
    },
    "20": {
        "train_accuracy": 99.34108257293701,
        "train_loss": 0.6769672112934518,
        "train_IoU": 89.75722789764404,
        "train_epoch_time": 13.0018949508667,
        "val_accuracy": 98.00449013710022,
        "val_loss": 0.6407144479453563,
        "val_IoU": 90.09494185447693,
        "val_epoch_time": 3.1432831287384033
    },
    "21": {
        "train_accuracy": 99.39244985580444,
        "train_loss": 0.6769221339261892,
        "train_IoU": 90.41142463684082,
        "train_epoch_time": 13.065256357192993,
        "val_accuracy": 98.03892970085144,
        "val_loss": 0.6411420134827499,
        "val_IoU": 90.13795256614685,
        "val_epoch_time": 3.1640076637268066
    },
    "22": {
        "train_accuracy": 99.46416020393372,
        "train_loss": 0.6769457292376142,