{
    "0": {
        "train_accuracy": 87.42235898971558,
        "train_loss": 0.6887842195850984,
        "train_IoU": 58.012717962265015,
        "train_epoch_time": 16.70817470550537,
        "val_accuracy": 99.06468987464905,
        "val_loss": 0.6747091244428585,
        "val_IoU": 88.54823112487793,
        "val_epoch_time": 2.7209079265594482
    },
    "1": {
        "train_accuracy": 98.8473653793335,
        "train_loss": 0.66175524921684,
        "train_IoU": 91.06248617172241,
        "train_epoch_time": 16.382367849349976,
        "val_accuracy": 99.31029081344604,
        "val_loss": 0.6735816781337445,
        "val_IoU": 91.20404720306396,
        "val_epoch_time": 2.6399691104888916
    },
    "2": {
        "train_accuracy": 99.02328252792358,
        "train_loss": 0.6607189878717167,
        "train_IoU": 92.30079054832458,
        "train_epoch_time": 16.488384246826172,
        "val_accuracy": 99.31943416595459,
        "val_loss": 0.6739491667502966,
        "val_IoU": 91.23094081878662,
        "val_epoch_time": 2.649454355239868
    },
    "3": {
        "train_accuracy": 99.07945394515991,
        "train_loss": 0.660090305588462,
        "train_IoU": 92.7182137966156,
        "train_epoch_time": 16.35853600502014,
        "val_accuracy": 99.40264821052551,
        "val_loss": 0.6733962068190942,
        "val_IoU": 92.15778112411499,
        "val_epoch_time": 2.6613452434539795
    },
    "4": {
        "train_accuracy": 99.11631941795349,
        "train_loss": 0.6597508608878073,
        "train_IoU": 92.99592971801758,
        "train_epoch_time": 16.353575468063354,
        "val_accuracy": 99.44071769714355,
        "val_loss": 0.6730800515566115,
        "val_IoU": 92.69620776176453,
        "val_epoch_time": 2.6684951782226562
    },
    "5": {
        "train_accuracy": 99.14421439170837,
        "train_loss": 0.6595950451764194,
        "train_IoU": 93.19661855697632,
        "train_epoch_time": 16.43817162513733,
        "val_accuracy": 99.45017695426941,
        "val_loss": 0.6730994765575118,
        "val_IoU": 92.72762537002563,
        "val_epoch_time": 2.6857895851135254
    },
    "6": {
        "train_accuracy": 99.18166995048523,
        "train_loss": 0.659186429077095,
        "train_IoU": 93.48136186599731,
        "train_epoch_time": 16.2550790309906,
        "val_accuracy": 99.47409629821777,
        "val_loss": 0.672901972746238,
        "val_IoU": 93.0370569229126,
        "val_epoch_time": 2.651970863342285
    },
    "7": {
        "train_accuracy": 99.22012090682983,
        "train_loss": 0.6589069037170678,
        "train_IoU": 93.7629222869873,
        "train_epoch_time": 16.4237163066864,
        "val_accuracy": 99.47600960731506,
        "val_loss": 0.6724878335610415,
        "val_IoU": 93.2162880897522,
        "val_epoch_time": 2.6622612476348877
    },
    "8": {
        "train_accuracy": 99.24054145812988,
        "train_loss": 0.6587257368581275,
        "train_IoU": 93.91975998878479,
        "train_epoch_time": 16.340237855911255,
        "val_accuracy": 99.38971400260925,
        "val_loss": 0.6723697796846049,
        "val_IoU": 92.22975373268127,
        "val_epoch_time": 2.69045090675354
    },
    "9": {
        "train_accuracy": 99.24995303153992,
        "train_loss": 0.6586286879919628,
        "train_IoU": 93.98232698440552,
        "train_epoch_time": 16.437113046646118,
        "val_accuracy": 99.13829565048218,
        "val_loss": 0.6732258720275683,
        "val_IoU": 89.6993637084961,
        "val_epoch_time": 2.6964304447174072
    },
    "10": {
        "train_accuracy": 99.2414116859436,
        "train_loss": 0.6587347617516152,
        "train_IoU": 93.92063617706299,
        "train_epoch_time": 16.361169815063477,
        "val_accuracy": 99.50235486030579,
        "val_loss": 0.6721386695519471,
        "val_IoU": 93.54840517044067,
        "val_epoch_time": 2.668884754180908
    },
    "11": {
        "train_accuracy": 99.22366738319397,
        "train_loss": 0.6584139257877855,
        "train_IoU": 93.79644989967346,
        "train_epoch_time": 16.443756818771362,
        "val_accuracy": 99.29274916648865,
        "val_loss": 0.673007538685432,
        "val_IoU": 91.03190302848816,
        "val_epoch_time": 2.6841349601745605
    },
    "12": {
        "train_accuracy": 99.2538571357727,
        "train_loss": 0.6584407758045866,
        "train_IoU": 94.01335716247559,
        "train_epoch_time": 16.50281310081482,
        "val_accuracy": 99.45969581604004,
        "val_loss": 0.6721975818658487,
        "val_IoU": 93.07838678359985,
        "val_epoch_time": 2.6923069953918457
    },
    "13": {
        "train_accuracy": 99.27036762237549,
        "train_loss": 0.658448720311785,
        "train_IoU": 94.13267970085144,
        "train_epoch_time": 16.44712233543396,
        "val_accuracy": 99.48472380638123,
        "val_loss": 0.6721417185587761,
        "val_IoU": 93.31480264663696,
        "val_epoch_time": 2.7088286876678467
    },
    "14": {
        "train_accuracy": 99.23927187919617,
        "train_loss": 0.6585464919363699,
        "train_IoU": 93.91058683395386,
        "train_epoch_time": 16.39953637123108,
        "val_accuracy": 99.49387907981873,
        "val_loss": 0.6721274424821905,
        "val_IoU": 93.37387084960938,
        "val_epoch_time": 2.7024269104003906
    },
    "15": {
        "train_accuracy": 99.25636649131775,
        "train_loss": 0.6586399307617777,
        "train_IoU": 94.02798414230347,
        "train_epoch_time": 16.474754095077515,
        "val_accuracy": 99.47628378868103,
        "val_loss": 0.6725139251122109,
        "val_IoU": 93.11591982841492,
        "val_epoch_time": 2.697442054748535
    },
    "16": {
        "train_accuracy": 99.26853775978088,
        "train_loss": 0.6585034673864193,
        "train_IoU": 94.11309957504272,
        "train_epoch_time": 16.497771501541138,
        "val_accuracy": 99.49674606323242,
        "val_loss": 0.6720984089068878,
        "val_IoU": 93.45481991767883,
        "val_epoch_time": 2.700768232345581
    },
    "17": {
        "train_accuracy": 99.25627112388611,
        "train_loss": 0.6585021785922819,
        "train_IoU": 94.02910470962524,
        "train_epoch_time": 16.367659330368042,
        "val_accuracy": 99.49949979782104,
        "val_loss": 0.6725766490667295,
        "val_IoU": 93.4144914150238,
        "val_epoch_time": 2.6642351150512695
    },
    "18": {
        "train_accuracy": 99.23567771911621,
        "train_loss": 0.6585138352600843,
        "train_IoU": 93.88004541397095,
        "train_epoch_time": 16.456085205078125,
        "val_accuracy": 99.48339462280273,
        "val_loss": 0.6724746670478429,
        "val_IoU": 93.30440759658813,
        "val_epoch_time": 2.6809089183807373
    },
    "19": {
        "train_accuracy": 99.24383163452148,
        "train_loss": 0.6585683755941326,
        "train_IoU": 93.9353883266449,
        "train_epoch_time": 16.410948038101196,
        "val_accuracy": 99.51313734054565,
        "val_loss": 0.6721619826096753,
        "val_IoU": 93.62798929214478,
        "val_epoch_time": 2.6895785331726074
    },
    "20": {
        "train_accuracy": 99.26883578300476,
        "train_loss": 0.6583193486387079,
        "train_IoU": 94.12579536437988,
        "train_epoch_time": 16.370615005493164,
        "val_accuracy": 99.46842193603516,
        "val_loss": 0.6721863013047439,
        "val_IoU": 93.13191771507263,
        "val_epoch_time": 2.679046392440796
    },
    "21": {
        "train_accuracy": 99.2684543132782,
        "train_loss": 0.6585000707552983,
        "train_IoU": 94.1186785697937,
        "train_epoch_time": 16.39573907852173,
        "val_accuracy": 99.49561357498169,
        "val_loss": 0.672116437019446,
        "val_IoU": 93.36172342300415,
        "val_epoch_time": 2.699955701828003
    },
    "22": {
        "train_accuracy": 99.25347566604614,
        "train_loss": 0.6584641933441165,