{
    "0": {
        "train_accuracy": 93.56127977371216,
        "train_loss": 0.6810490805785971,
        "train_IoU": 69.02148127555847,
        "train_epoch_time": 16.57873773574829,
        "val_accuracy": 8.04494246840477,
        "val_loss": 1.098487947231684,
        "val_IoU": 4.183920472860336,
        "val_epoch_time": 2.6109399795532227
    },
    "1": {
        "train_accuracy": 98.4118103981018,
        "train_loss": 0.6719637275575755,
        "train_IoU": 87.88224458694458,
        "train_epoch_time": 16.14241123199463,
        "val_accuracy": 99.16869401931763,
        "val_loss": 0.6803564582115567,
        "val_IoU": 89.13605809211731,
        "val_epoch_time": 2.652822256088257
    },
    "2": {
        "train_accuracy": 98.68393540382385,
        "train_loss": 0.6707276664413775,
        "train_IoU": 89.66374397277832,
        "train_epoch_time": 16.15720558166504,
        "val_accuracy": 99.25909042358398,
        "val_loss": 0.6792089541753135,
        "val_IoU": 90.34426808357239,
        "val_epoch_time": 2.6252267360687256
    },
    "3": {
        "train_accuracy": 98.79133105278015,
        "train_loss": 0.6699930575344115,
        "train_IoU": 90.41690826416016,
        "train_epoch_time": 16.291234016418457,
        "val_accuracy": 99.23673272132874,
        "val_loss": 0.6775984458434277,
        "val_IoU": 90.13504981994629,
        "val_epoch_time": 2.6357884407043457
    },
    "4": {
        "train_accuracy": 98.82725477218628,
        "train_loss": 0.669772652896134,
        "train_IoU": 90.66726565361023,
        "train_epoch_time": 16.201329469680786,
        "val_accuracy": 99.23742413520813,
        "val_loss": 0.6785763593820426,
        "val_IoU": 90.10968208312988,
        "val_epoch_time": 2.647237539291382
    },
    "5": {
        "train_accuracy": 98.80878925323486,
        "train_loss": 0.6697215304508077,
        "train_IoU": 90.53366780281067,
        "train_epoch_time": 16.16373634338379,
        "val_accuracy": 99.30946826934814,
        "val_loss": 0.6783232933435683,
        "val_IoU": 90.80218076705933,
        "val_epoch_time": 2.6873385906219482
    },
    "6": {
        "train_accuracy": 98.87535572052002,
        "train_loss": 0.669101502511885,
        "train_IoU": 91.0212516784668,
        "train_epoch_time": 16.376599073410034,
        "val_accuracy": 99.38466548919678,
        "val_loss": 0.6779517332712807,
        "val_IoU": 91.82549715042114,
        "val_epoch_time": 2.622882843017578
    },
    "7": {
        "train_accuracy": 98.94595742225647,
        "train_loss": 0.6682171542327722,
        "train_IoU": 91.56877398490906,
        "train_epoch_time": 16.173123836517334,
        "val_accuracy": 99.43411946296692,
        "val_loss": 0.6782369812329608,
        "val_IoU": 92.33425855636597,
        "val_epoch_time": 2.637831687927246
    },
    "8": {
        "train_accuracy": 98.95458817481995,
        "train_loss": 0.6675246691370347,
        "train_IoU": 91.65853261947632,
        "train_epoch_time": 16.29884696006775,
        "val_accuracy": 99.44905042648315,
        "val_loss": 0.6765262943047745,
        "val_IoU": 92.50872135162354,
        "val_epoch_time": 2.666902780532837
    },
    "9": {
        "train_accuracy": 98.87699484825134,
        "train_loss": 0.6669538913073239,
        "train_IoU": 91.15368723869324,
        "train_epoch_time": 16.135940313339233,
        "val_accuracy": 99.37806725502014,
        "val_loss": 0.676338412822821,
        "val_IoU": 91.81020855903625,
        "val_epoch_time": 2.6458899974823
    },
    "10": {
        "train_accuracy": 98.8908588886261,
        "train_loss": 0.6669917127469207,
        "train_IoU": 91.25340580940247,
        "train_epoch_time": 16.25503420829773,
        "val_accuracy": 99.49357509613037,
        "val_loss": 0.6757351756095887,
        "val_IoU": 93.17333102226257,
        "val_epoch_time": 2.676358461380005
    },
    "11": {
        "train_accuracy": 98.931884765625,
        "train_loss": 0.6659303365887462,
        "train_IoU": 91.57541394233704,
        "train_epoch_time": 16.220720291137695,
        "val_accuracy": 99.50761198997498,
        "val_loss": 0.6766093220466222,
        "val_IoU": 93.26257705688477,
        "val_epoch_time": 2.6481504440307617
    },
    "12": {
        "train_accuracy": 99.01017546653748,
        "train_loss": 0.6656430901347339,
        "train_IoU": 92.09883213043213,
        "train_epoch_time": 16.03728985786438,
        "val_accuracy": 99.48910474777222,
        "val_loss": 0.6765053226397588,
        "val_IoU": 93.11513900756836,
        "val_epoch_time": 2.6400437355041504
    },
    "13": {
        "train_accuracy": 98.62697124481201,
        "train_loss": 0.6657049868490311,
        "train_IoU": 89.58333730697632,
        "train_epoch_time": 16.249767065048218,
        "val_accuracy": 99.2638111114502,
        "val_loss": 0.6764526856251251,
        "val_IoU": 90.44952392578125,
        "val_epoch_time": 2.6583752632141113
    },
    "14": {
        "train_accuracy": 98.82522821426392,
        "train_loss": 0.6656267317858608,
        "train_IoU": 90.8869743347168,
        "train_epoch_time": 16.079894065856934,
        "val_accuracy": 99.36503767967224,
        "val_loss": 0.6752051405417614,
        "val_IoU": 91.86777472496033,
        "val_epoch_time": 2.6325266361236572
    },
    "15": {
        "train_accuracy": 99.02408719062805,
        "train_loss": 0.6657315280054003,
        "train_IoU": 92.21142530441284,
        "train_epoch_time": 16.25170636177063,
        "val_accuracy": 99.53726530075073,
        "val_loss": 0.6760532458623251,
        "val_IoU": 93.71257424354553,
        "val_epoch_time": 2.6424362659454346
    },
    "16": {
        "train_accuracy": 98.73508810997009,
        "train_loss": 0.6650579442511072,
        "train_IoU": 90.32073020935059,
        "train_epoch_time": 16.263484239578247,
        "val_accuracy": 99.56424832344055,
        "val_loss": 0.6764092017442752,
        "val_IoU": 94.00801658630371,
        "val_epoch_time": 2.6324462890625
    },
    "17": {
        "train_accuracy": 98.44976663589478,
        "train_loss": 0.6647104529234082,
        "train_IoU": 88.57928514480591,
        "train_epoch_time": 16.271888732910156,
        "val_accuracy": 99.47014451026917,
        "val_loss": 0.6759465000568293,
        "val_IoU": 92.88157224655151,
        "val_epoch_time": 2.6505813598632812
    },
    "18": {
        "train_accuracy": 98.68763089179993,
        "train_loss": 0.664807548056116,
        "train_IoU": 90.02528190612793,
        "train_epoch_time": 16.084726095199585,
        "val_accuracy": 99.48516488075256,
        "val_loss": 0.6762756124520913,
        "val_IoU": 93.17799806594849,
        "val_epoch_time": 2.6566178798675537
    },
    "19": {
        "train_accuracy": 98.40167760848999,
        "train_loss": 0.6646854598205408,
        "train_IoU": 88.30252885818481,
        "train_epoch_time": 16.21085524559021,
        "val_accuracy": 99.43199753761292,
        "val_loss": 0.6763656597871045,
        "val_IoU": 92.31955409049988,
        "val_epoch_time": 2.6197996139526367
    },
    "20": {
        "train_accuracy": 98.87144565582275,
        "train_loss": 0.664604270791674,
        "train_IoU": 91.18756055831909,
        "train_epoch_time": 16.195971488952637,
        "val_accuracy": 99.57242608070374,
        "val_loss": 0.6760154611025101,
        "val_IoU": 94.18100118637085,
        "val_epoch_time": 2.6887381076812744
    },
    "21": {
        "train_accuracy": 98.55717420578003,
        "train_loss": 0.6640854415360038,
        "train_IoU": 89.24857378005981,
        "train_epoch_time": 16.185664415359497,
        "val_accuracy": 99.5779812335968,
        "val_loss": 0.67584228515625,
        "val_IoU": 94.1529631614685,
        "val_epoch_time": 2.6390552520751953
    },
    "22": {
        "train_accuracy": 98.42352271080017,
        "train_loss": 0.6643619191396489,