{
    "0": {
        "train_accuracy": 93.9484179019928,
        "train_loss": 0.688138707951232,
        "train_IoU": 70.38952112197876,
        "train_epoch_time": 16.398980617523193,
        "val_accuracy": 87.98996210098267,
        "val_loss": 0.6887544576938336,
        "val_IoU": 55.12431263923645,
        "val_epoch_time": 2.6303744316101074
    },
    "1": {
        "train_accuracy": 98.60219359397888,
        "train_loss": 0.6849562304836888,
        "train_IoU": 89.54254388809204,
        "train_epoch_time": 16.237414598464966,
        "val_accuracy": 74.9739944934845,
        "val_loss": 0.6903082529703778,
        "val_IoU": 43.064260482788086,
        "val_epoch_time": 2.6681880950927734
    },
    "2": {
        "train_accuracy": 98.3192503452301,
        "train_loss": 0.6849803666134812,
        "train_IoU": 87.88341283798218,
        "train_epoch_time": 16.253945112228394,
        "val_accuracy": 99.26034212112427,
        "val_loss": 0.6869101845301118,
        "val_IoU": 90.66770076751709,
        "val_epoch_time": 2.7052483558654785
    },
    "3": {
        "train_accuracy": 97.02365398406982,
        "train_loss": 0.6835299780318783,
        "train_IoU": 81.50100111961365,
        "train_epoch_time": 16.25878095626831,
        "val_accuracy": 99.34968948364258,
        "val_loss": 0.6867770384519527,
        "val_IoU": 91.4899468421936,
        "val_epoch_time": 2.639596700668335
    },
    "4": {
        "train_accuracy": 97.01066017150879,
        "train_loss": 0.6823371494566649,
        "train_IoU": 81.42496347427368,
        "train_epoch_time": 16.194694995880127,
        "val_accuracy": 98.91588091850281,
        "val_loss": 0.6856019084270184,
        "val_IoU": 87.57163286209106,
        "val_epoch_time": 2.6821274757385254
    },
    "5": {
        "train_accuracy": 96.63048982620239,
        "train_loss": 0.6822619596561351,
        "train_IoU": 79.88122701644897,
        "train_epoch_time": 16.260388374328613,
        "val_accuracy": 98.34381937980652,
        "val_loss": 0.6854123794115508,
        "val_IoU": 83.30200910568237,
        "val_epoch_time": 2.659897565841675
    },
    "6": {
        "train_accuracy": 98.15739393234253,
        "train_loss": 0.6822251669176806,
        "train_IoU": 86.98785901069641,
        "train_epoch_time": 16.382657289505005,
        "val_accuracy": 99.2425799369812,
        "val_loss": 0.6862019957640232,
        "val_IoU": 90.46454429626465,
        "val_epoch_time": 2.6296706199645996
    },
    "7": {
        "train_accuracy": 97.26533889770508,
        "train_loss": 0.6822536737768801,
        "train_IoU": 82.56478905677795,
        "train_epoch_time": 16.404977083206177,
        "val_accuracy": 99.24095869064331,
        "val_loss": 0.6858244156226133,
        "val_IoU": 90.63593745231628,
        "val_epoch_time": 2.7045392990112305
    },
    "8": {
        "train_accuracy": 97.69291281700134,
        "train_loss": 0.6822038201185371,
        "train_IoU": 84.58037376403809,
        "train_epoch_time": 16.420148849487305,
        "val_accuracy": 99.34327006340027,
        "val_loss": 0.6863587040167588,
        "val_IoU": 91.57510995864868,
        "val_epoch_time": 2.677340030670166
    },
    "9": {
        "train_accuracy": 95.59105038642883,
        "train_loss": 0.6812353896927998,
        "train_IoU": 76.1167049407959,
        "train_epoch_time": 16.40823197364807,
        "val_accuracy": 99.21460151672363,
        "val_loss": 0.6857871138132534,
        "val_IoU": 89.79310989379883,
        "val_epoch_time": 2.6279985904693604
    },
    "10": {
        "train_accuracy": 96.50558233261108,
        "train_loss": 0.6811028473027105,
        "train_IoU": 79.41970825195312,
        "train_epoch_time": 16.472784519195557,
        "val_accuracy": 99.42761063575745,
        "val_loss": 0.6853248415849148,
        "val_IoU": 92.5183892250061,
        "val_epoch_time": 2.7123188972473145
    },
    "11": {
        "train_accuracy": 96.45936489105225,
        "train_loss": 0.6800374113596401,
        "train_IoU": 79.25875186920166,
        "train_epoch_time": 16.48575520515442,
        "val_accuracy": 99.42663311958313,
        "val_loss": 0.6847993242434967,
        "val_IoU": 92.5540566444397,
        "val_epoch_time": 2.676576852798462
    },
    "12": {
        "train_accuracy": 97.40208387374878,
        "train_loss": 0.6789703644238984,
        "train_IoU": 83.23308825492859,
        "train_epoch_time": 16.34014868736267,
        "val_accuracy": 99.39242601394653,
        "val_loss": 0.6835083671105215,
        "val_IoU": 92.27467775344849,
        "val_epoch_time": 2.7065794467926025
    },
    "13": {
        "train_accuracy": 97.37614393234253,
        "train_loss": 0.6789223414201002,
        "train_IoU": 83.14411044120789,
        "train_epoch_time": 16.445388078689575,
        "val_accuracy": 99.47384595870972,
        "val_loss": 0.684346379377903,
        "val_IoU": 93.04274320602417,
        "val_epoch_time": 2.705387592315674
    },
    "14": {
        "train_accuracy": 96.76774144172668,
        "train_loss": 0.6779879881785469,
        "train_IoU": 80.47733306884766,
        "train_epoch_time": 16.41917133331299,
        "val_accuracy": 99.4491457939148,
        "val_loss": 0.6832144000591375,
        "val_IoU": 92.87686347961426,
        "val_epoch_time": 2.6908118724823
    },
    "15": {
        "train_accuracy": 96.28015160560608,
        "train_loss": 0.6779598656234207,
        "train_IoU": 78.60844135284424,
        "train_epoch_time": 16.254711151123047,
        "val_accuracy": 99.51816201210022,
        "val_loss": 0.6835850125704056,
        "val_IoU": 93.50529313087463,
        "val_epoch_time": 2.6610538959503174
    },
    "16": {
        "train_accuracy": 97.59581685066223,
        "train_loss": 0.6770736675162414,
        "train_IoU": 84.1531753540039,
        "train_epoch_time": 16.28492307662964,
        "val_accuracy": 99.49983954429626,
        "val_loss": 0.6832852638684787,
        "val_IoU": 93.36022734642029,
        "val_epoch_time": 2.6928553581237793
    },
    "17": {
        "train_accuracy": 97.65345454216003,
        "train_loss": 0.6770523157153099,
        "train_IoU": 84.43775177001953,
        "train_epoch_time": 16.325675010681152,
        "val_accuracy": 99.47709441184998,
        "val_loss": 0.6829127531785232,
        "val_IoU": 93.13685894012451,
        "val_epoch_time": 2.6766200065612793
    },
    "18": {
        "train_accuracy": 97.70090579986572,
        "train_loss": 0.6770436772099744,
        "train_IoU": 84.68860983848572,
        "train_epoch_time": 16.478416681289673,
        "val_accuracy": 99.38894510269165,
        "val_loss": 0.6823342274396847,
        "val_IoU": 92.22917556762695,
        "val_epoch_time": 2.6713199615478516
    },
    "19": {
        "train_accuracy": 97.15834259986877,
        "train_loss": 0.6770247750348979,
        "train_IoU": 82.15967416763306,
        "train_epoch_time": 16.489485025405884,
        "val_accuracy": 99.45400953292847,
        "val_loss": 0.6830297295863812,
        "val_IoU": 92.89871454238892,
        "val_epoch_time": 2.681969165802002
    },
    "20": {
        "train_accuracy": 97.709059715271,
        "train_loss": 0.6771040479620016,
        "train_IoU": 84.69797968864441,
        "train_epoch_time": 16.42153263092041,
        "val_accuracy": 99.41446781158447,
        "val_loss": 0.6829251983226875,
        "val_IoU": 92.41838455200195,
        "val_epoch_time": 2.7056405544281006
    },
    "21": {
        "train_accuracy": 96.50609493255615,
        "train_loss": 0.6770772096160408,
        "train_IoU": 79.47350144386292,
        "train_epoch_time": 16.431352615356445,
        "val_accuracy": 99.49365854263306,
        "val_loss": 0.6831133335064621,
        "val_IoU": 93.2873547077179,
        "val_epoch_time": 2.65160870552063
    },
    "22": {
        "train_accuracy": 97.98106551170349,
        "train_loss": 0.6770832321860574,