{
    "0": {
        "train_accuracy": 77.607262134552,
        "train_loss": 0.7038843389991282,
        "train_IoU": 47.64813780784607,
        "train_epoch_time": 16.551268100738525,
        "val_accuracy": 98.71971011161804,
        "val_loss": 0.67689894254391,
        "val_IoU": 85.40761470794678,
        "val_epoch_time": 2.657566547393799
    },
    "1": {
        "train_accuracy": 98.57702851295471,
        "train_loss": 0.6621509223551182,
        "train_IoU": 89.08876776695251,
        "train_epoch_time": 16.38105344772339,
        "val_accuracy": 99.03308749198914,
        "val_loss": 0.6748196146427056,
        "val_IoU": 88.1612777709961,
        "val_epoch_time": 2.6849637031555176
    },
    "2": {
        "train_accuracy": 98.78541231155396,
        "train_loss": 0.6609259964702846,
        "train_IoU": 90.52725434303284,
        "train_epoch_time": 16.513103008270264,
        "val_accuracy": 99.23281073570251,
        "val_loss": 0.6736706541134759,
        "val_IoU": 90.26568531990051,
        "val_epoch_time": 2.6989927291870117
    },
    "3": {
        "train_accuracy": 98.8542377948761,
        "train_loss": 0.6603191511614338,
        "train_IoU": 91.04481935501099,
        "train_epoch_time": 16.314969778060913,
        "val_accuracy": 70.52815556526184,
        "val_loss": 0.7713909240869375,
        "val_IoU": 39.90750312805176,
        "val_epoch_time": 2.6945478916168213
    },
    "4": {
        "train_accuracy": 98.8743007183075,
        "train_loss": 0.6603847558681781,
        "train_IoU": 91.19691848754883,
        "train_epoch_time": 16.43617033958435,
        "val_accuracy": 99.19768571853638,
        "val_loss": 0.6739310606932029,
        "val_IoU": 89.56143856048584,
        "val_epoch_time": 2.6954102516174316
    },
    "5": {
        "train_accuracy": 98.87789487838745,
        "train_loss": 0.6604093846741252,
        "train_IoU": 91.18261337280273,
        "train_epoch_time": 16.312233924865723,
        "val_accuracy": 99.18330311775208,
        "val_loss": 0.6740155388147402,
        "val_IoU": 89.56276178359985,
        "val_epoch_time": 2.652122974395752
    },
    "6": {
        "train_accuracy": 98.88521432876587,
        "train_loss": 0.6602673809845131,
        "train_IoU": 91.26436710357666,
        "train_epoch_time": 16.353515148162842,
        "val_accuracy": 99.28518533706665,
        "val_loss": 0.6734307469465793,
        "val_IoU": 90.9267783164978,
        "val_epoch_time": 2.6776070594787598
    },
    "7": {
        "train_accuracy": 98.95026087760925,
        "train_loss": 0.6598706345458129,
        "train_IoU": 91.75020456314087,
        "train_epoch_time": 16.367289304733276,
        "val_accuracy": 99.24954175949097,
        "val_loss": 0.6736381298456435,
        "val_IoU": 90.25900363922119,
        "val_epoch_time": 2.6483771800994873
    },
    "8": {
        "train_accuracy": 98.95384907722473,
        "train_loss": 0.6597670099952007,
        "train_IoU": 91.78539514541626,
        "train_epoch_time": 16.383899927139282,
        "val_accuracy": 99.31191802024841,
        "val_loss": 0.6735167579773145,
        "val_IoU": 91.24565124511719,
        "val_epoch_time": 2.649841785430908
    },
    "9": {
        "train_accuracy": 98.99362325668335,
        "train_loss": 0.6592817927573945,
        "train_IoU": 92.09477305412292,
        "train_epoch_time": 16.404919147491455,
        "val_accuracy": 99.37338829040527,
        "val_loss": 0.6728681356478959,
        "val_IoU": 91.89764261245728,
        "val_epoch_time": 2.69191575050354
    },
    "10": {
        "train_accuracy": 99.09297227859497,
        "train_loss": 0.6587989113547588,
        "train_IoU": 92.82600283622742,
        "train_epoch_time": 16.295438528060913,
        "val_accuracy": 99.42418336868286,
        "val_loss": 0.672497258736537,
        "val_IoU": 92.56019592285156,
        "val_epoch_time": 2.6401479244232178
    },
    "11": {
        "train_accuracy": 99.12077784538269,
        "train_loss": 0.658407684806344,
        "train_IoU": 93.03450584411621,
        "train_epoch_time": 16.404923915863037,
        "val_accuracy": 99.19055104255676,
        "val_loss": 0.6728751017497135,
        "val_IoU": 90.07651209831238,
        "val_epoch_time": 2.6571927070617676
    },
    "12": {
        "train_accuracy": 99.14042949676514,
        "train_loss": 0.6582827868161504,
        "train_IoU": 93.19460988044739,
        "train_epoch_time": 16.318874835968018,
        "val_accuracy": 99.39147233963013,
        "val_loss": 0.6725538388276711,
        "val_IoU": 92.11876392364502,
        "val_epoch_time": 2.667280435562134
    },
    "13": {
        "train_accuracy": 99.14433360099792,
        "train_loss": 0.6583045929461926,
        "train_IoU": 93.21006536483765,
        "train_epoch_time": 16.36367893218994,
        "val_accuracy": 99.40729141235352,
        "val_loss": 0.6725101333398085,
        "val_IoU": 92.37651228904724,
        "val_epoch_time": 2.6702539920806885
    },
    "14": {
        "train_accuracy": 99.11786913871765,
        "train_loss": 0.6584463973979017,
        "train_IoU": 93.01227331161499,
        "train_epoch_time": 16.41870665550232,
        "val_accuracy": 99.39966201782227,
        "val_loss": 0.6726267765729854,
        "val_IoU": 92.13136434555054,
        "val_epoch_time": 2.7048535346984863
    },
    "15": {
        "train_accuracy": 99.11225438117981,
        "train_loss": 0.6584154221561404,
        "train_IoU": 92.97317862510681,
        "train_epoch_time": 16.34682607650757,
        "val_accuracy": 99.40049648284912,
        "val_loss": 0.6725919858003275,
        "val_IoU": 92.16474294662476,
        "val_epoch_time": 2.6933681964874268
    },
    "16": {
        "train_accuracy": 99.06242489814758,
        "train_loss": 0.6583616737719185,
        "train_IoU": 92.6497220993042,
        "train_epoch_time": 16.384172916412354,
        "val_accuracy": 99.34704303741455,
        "val_loss": 0.6730141104795991,
        "val_IoU": 91.39246344566345,
        "val_epoch_time": 2.6982309818267822
    },
    "17": {
        "train_accuracy": 99.12115335464478,
        "train_loss": 0.6583322290773992,
        "train_IoU": 93.03836226463318,
        "train_epoch_time": 16.18216300010681,
        "val_accuracy": 99.34219121932983,
        "val_loss": 0.6728959236389551,
        "val_IoU": 91.33267402648926,
        "val_epoch_time": 2.6468088626861572
    },
    "18": {
        "train_accuracy": 99.11908507347107,
        "train_loss": 0.6583409942947069,
        "train_IoU": 93.02129745483398,
        "train_epoch_time": 16.324455499649048,
        "val_accuracy": 99.38083291053772,
        "val_loss": 0.672653942536085,
        "val_IoU": 91.97245836257935,
        "val_epoch_time": 2.6750781536102295
    },
    "19": {
        "train_accuracy": 99.04237389564514,
        "train_loss": 0.6585562312519632,
        "train_IoU": 92.48878359794617,
        "train_epoch_time": 16.585991144180298,
        "val_accuracy": 99.40828680992126,
        "val_loss": 0.6723727048971715,
        "val_IoU": 92.49948263168335,
        "val_epoch_time": 2.642925500869751
    },
    "20": {
        "train_accuracy": 99.13792014122009,
        "train_loss": 0.6581949137307548,
        "train_IoU": 93.17364692687988,
        "train_epoch_time": 16.208598375320435,
        "val_accuracy": 99.18287396430969,
        "val_loss": 0.6735767997228184,
        "val_IoU": 89.33090567588806,
        "val_epoch_time": 2.6997809410095215
    },
    "21": {
        "train_accuracy": 99.13011193275452,
        "train_loss": 0.6583101074178738,
        "train_IoU": 93.10387372970581,
        "train_epoch_time": 16.395896673202515,
        "val_accuracy": 99.27254915237427,
        "val_loss": 0.6733565437488067,
        "val_IoU": 90.3263509273529,
        "val_epoch_time": 2.6527516841888428
    },
    "22": {
        "train_accuracy": 99.13859367370605,
        "train_loss": 0.6581890166222633,