{
    "0": {
        "train_accuracy": 88.47704529762268,
        "train_loss": 0.6940859101869009,
        "train_IoU": 59.2650830745697,
        "train_epoch_time": 16.697234392166138,
        "val_accuracy": 98.61891269683838,
        "val_loss": 0.6776686295484886,
        "val_IoU": 83.32995176315308,
        "val_epoch_time": 2.6453747749328613
    },
    "1": {
        "train_accuracy": 98.27818274497986,
        "train_loss": 0.6646313517243713,
        "train_IoU": 87.27139830589294,
        "train_epoch_time": 16.494290113449097,
        "val_accuracy": 98.82916808128357,
        "val_loss": 0.6761975028575996,
        "val_IoU": 85.9972357749939,
        "val_epoch_time": 2.6822009086608887
    },
    "2": {
        "train_accuracy": 98.47663044929504,
        "train_loss": 0.6635303438960254,
        "train_IoU": 88.63676190376282,
        "train_epoch_time": 16.475714683532715,
        "val_accuracy": 99.02155995368958,
        "val_loss": 0.6752718289693197,
        "val_IoU": 88.05760741233826,
        "val_epoch_time": 2.677947759628296
    },
    "3": {
        "train_accuracy": 98.66681098937988,
        "train_loss": 0.6622685385750724,
        "train_IoU": 90.06108045578003,
        "train_epoch_time": 16.498950242996216,
        "val_accuracy": 99.09889698028564,
        "val_loss": 0.6746795635956983,
        "val_IoU": 88.95078301429749,
        "val_epoch_time": 2.6638331413269043
    },
    "4": {
        "train_accuracy": 98.81798028945923,
        "train_loss": 0.6610692739486695,
        "train_IoU": 91.13394021987915,
        "train_epoch_time": 16.39835476875305,
        "val_accuracy": 99.25786256790161,
        "val_loss": 0.6737712254891028,
        "val_IoU": 90.80654978752136,
        "val_epoch_time": 2.687091588973999
    },
    "5": {
        "train_accuracy": 98.94119501113892,
        "train_loss": 0.6599045120752771,
        "train_IoU": 91.9950008392334,
        "train_epoch_time": 16.48702573776245,
        "val_accuracy": 99.21084642410278,
        "val_loss": 0.6731863342798672,
        "val_IoU": 90.49802422523499,
        "val_epoch_time": 2.678807497024536
    },
    "6": {
        "train_accuracy": 98.94651770591736,
        "train_loss": 0.6599382178766745,
        "train_IoU": 92.03523993492126,
        "train_epoch_time": 16.360326528549194,
        "val_accuracy": 99.31440949440002,
        "val_loss": 0.6730388341805875,
        "val_IoU": 91.5300726890564,
        "val_epoch_time": 2.6789445877075195
    },
    "7": {
        "train_accuracy": 99.08607006072998,
        "train_loss": 0.6587223368924812,
        "train_IoU": 93.03587675094604,
        "train_epoch_time": 16.269112825393677,
        "val_accuracy": 99.38613772392273,
        "val_loss": 0.6723295450210571,
        "val_IoU": 92.39120483398438,
        "val_epoch_time": 2.7374706268310547
    },
    "8": {
        "train_accuracy": 99.1533637046814,
        "train_loss": 0.658195715267341,
        "train_IoU": 93.51112842559814,
        "train_epoch_time": 16.403197050094604,
        "val_accuracy": 99.38015341758728,
        "val_loss": 0.6728143478051211,
        "val_IoU": 92.21012592315674,
        "val_epoch_time": 2.70566463470459
    },
    "9": {
        "train_accuracy": 99.17556643486023,
        "train_loss": 0.6579084317167321,
        "train_IoU": 93.67645978927612,
        "train_epoch_time": 16.397252321243286,
        "val_accuracy": 99.45476651191711,
        "val_loss": 0.6720423239928025,
        "val_IoU": 93.1517243385315,
        "val_epoch_time": 2.6811673641204834
    },
    "10": {
        "train_accuracy": 99.20824766159058,
        "train_loss": 0.6574083833427696,
        "train_IoU": 93.9149260520935,
        "train_epoch_time": 16.476227283477783,
        "val_accuracy": 99.42300915718079,
        "val_loss": 0.6723311864412749,
        "val_IoU": 92.78476238250732,
        "val_epoch_time": 2.675032377243042
    },
    "11": {
        "train_accuracy": 99.18242692947388,
        "train_loss": 0.6577084547989851,
        "train_IoU": 93.72262954711914,
        "train_epoch_time": 16.37436556816101,
        "val_accuracy": 99.4363009929657,
        "val_loss": 0.6720777795864985,
        "val_IoU": 92.95530319213867,
        "val_epoch_time": 2.683915138244629
    },
    "12": {
        "train_accuracy": 99.21449422836304,
        "train_loss": 0.6574657951201595,
        "train_IoU": 93.95415782928467,
        "train_epoch_time": 16.60366201400757,
        "val_accuracy": 99.3445634841919,
        "val_loss": 0.673403385357979,
        "val_IoU": 91.53629541397095,
        "val_epoch_time": 2.649306058883667
    },
    "13": {
        "train_accuracy": 99.23258423805237,
        "train_loss": 0.6572288687412554,
        "train_IoU": 94.09222602844238,
        "train_epoch_time": 16.50774621963501,
        "val_accuracy": 99.36966896057129,
        "val_loss": 0.6720818892503397,
        "val_IoU": 92.32449531555176,
        "val_epoch_time": 2.666776418685913
    },
    "14": {
        "train_accuracy": 99.20540452003479,
        "train_loss": 0.6574782858361732,
        "train_IoU": 93.8908338546753,
        "train_epoch_time": 16.51042652130127,
        "val_accuracy": 99.44210052490234,
        "val_loss": 0.6719860083017594,
        "val_IoU": 92.97759532928467,
        "val_epoch_time": 2.6946194171905518
    },
    "15": {
        "train_accuracy": 99.20872449874878,
        "train_loss": 0.6575284166769547,
        "train_IoU": 93.91593933105469,
        "train_epoch_time": 16.451746463775635,
        "val_accuracy": 99.3622362613678,
        "val_loss": 0.6718209370588644,
        "val_IoU": 92.31030941009521,
        "val_epoch_time": 2.670133590698242
    },
    "16": {
        "train_accuracy": 99.17442202568054,
        "train_loss": 0.6576422894751276,
        "train_IoU": 93.66943836212158,
        "train_epoch_time": 16.4307644367218,
        "val_accuracy": 99.30370450019836,
        "val_loss": 0.6719661385585098,
        "val_IoU": 91.77513718605042,
        "val_epoch_time": 2.744805097579956
    },
    "17": {
        "train_accuracy": 99.22871589660645,
        "train_loss": 0.657329923206276,
        "train_IoU": 94.06236410140991,
        "train_epoch_time": 16.46270442008972,
        "val_accuracy": 99.39468502998352,
        "val_loss": 0.6725235703663947,
        "val_IoU": 92.46454238891602,
        "val_epoch_time": 2.7108983993530273
    },
    "18": {
        "train_accuracy": 99.21585321426392,
        "train_loss": 0.6574431232639127,
        "train_IoU": 93.96665096282959,
        "train_epoch_time": 16.6513090133667,
        "val_accuracy": 99.41819906234741,
        "val_loss": 0.672258280790769,
        "val_IoU": 92.636239528656,
        "val_epoch_time": 2.6719048023223877
    },
    "19": {
        "train_accuracy": 99.21819567680359,
        "train_loss": 0.6573414477435021,
        "train_IoU": 93.98185610771179,
        "train_epoch_time": 16.405441522598267,
        "val_accuracy": 99.36811923980713,
        "val_loss": 0.6726408707789884,
        "val_IoU": 92.12733507156372,
        "val_epoch_time": 2.6997389793395996
    },
    "20": {
        "train_accuracy": 99.19980764389038,
        "train_loss": 0.6575817149002237,
        "train_IoU": 93.8500463962555,
        "train_epoch_time": 16.488889932632446,
        "val_accuracy": 99.44146275520325,
        "val_loss": 0.6724541630500404,
        "val_IoU": 92.97012090682983,
        "val_epoch_time": 2.6960623264312744
    },
    "21": {
        "train_accuracy": 99.1905152797699,
        "train_loss": 0.6575319637785427,
        "train_IoU": 93.78548860549927,
        "train_epoch_time": 16.481126070022583,
        "val_accuracy": 99.38914179801941,
        "val_loss": 0.6731123893688886,
        "val_IoU": 92.1740174293518,
        "val_epoch_time": 2.702503204345703
    },
    "22": {
        "train_accuracy": 99.21572804450989,
        "train_loss": 0.6574429098542752,