{
    "0": {
        "train_accuracy": 92.543625831604,
        "train_loss": 0.6843078662764347,
        "train_IoU": 68.54274868965149,
        "train_epoch_time": 80.97138381004333,
        "val_accuracy": 99.12269711494446,
        "val_loss": 0.6820963591337204,
        "val_IoU": 89.06129002571106,
        "val_epoch_time": 5.256335496902466
    },
    "1": {
        "train_accuracy": 96.84196710586548,
        "train_loss": 0.6764195637882888,
        "train_IoU": 82.39424228668213,
        "train_epoch_time": 80.92598223686218,
        "val_accuracy": 98.9349365234375,
        "val_loss": 0.6772209450602532,
        "val_IoU": 87.95539140701294,
        "val_epoch_time": 5.25870418548584
    },
    "2": {
        "train_accuracy": 96.83536291122437,
        "train_loss": 0.6766294429887016,
        "train_IoU": 82.29219317436218,
        "train_epoch_time": 81.00153303146362,
        "val_accuracy": 99.02178049087524,
        "val_loss": 0.6843761220574378,
        "val_IoU": 87.75498270988464,
        "val_epoch_time": 5.2637269496917725
    },
    "3": {
        "train_accuracy": 96.82997465133667,
        "train_loss": 0.6768903262210342,
        "train_IoU": 82.28318691253662,
        "train_epoch_time": 80.91985988616943,
        "val_accuracy": 99.18551445007324,
        "val_loss": 0.6807227477431297,
        "val_IoU": 89.72680568695068,
        "val_epoch_time": 5.2381861209869385
    },
    "4": {
        "train_accuracy": 96.9991683959961,
        "train_loss": 0.6746173192869946,
        "train_IoU": 82.96332359313965,
        "train_epoch_time": 80.96798181533813,
        "val_accuracy": 98.47710728645325,
        "val_loss": 0.6875679656863212,
        "val_IoU": 80.32442331314087,
        "val_epoch_time": 5.270854711532593
    },
    "5": {
        "train_accuracy": 97.03607559204102,
        "train_loss": 0.6746598860002909,
        "train_IoU": 83.11614394187927,
        "train_epoch_time": 80.93927788734436,
        "val_accuracy": 99.0818202495575,
        "val_loss": 0.67656469643116,
        "val_IoU": 89.19405937194824,
        "val_epoch_time": 5.24278712272644
    },
    "6": {
        "train_accuracy": 96.94597721099854,
        "train_loss": 0.6752786532887872,
        "train_IoU": 82.63518810272217,
        "train_epoch_time": 80.98008608818054,
        "val_accuracy": 38.616302609443665,
        "val_loss": 0.74106292873621,
        "val_IoU": 20.86528390645981,
        "val_epoch_time": 5.279518365859985
    },
    "7": {
        "train_accuracy": 96.93748950958252,
        "train_loss": 0.6750492480565916,
        "train_IoU": 82.64443874359131,
        "train_epoch_time": 80.93728709220886,
        "val_accuracy": 99.08550977706909,
        "val_loss": 0.682492607831955,
        "val_IoU": 88.62520456314087,
        "val_epoch_time": 5.245111703872681
    },
    "8": {
        "train_accuracy": 97.06313014030457,
        "train_loss": 0.6742844484887032,
        "train_IoU": 83.2292914390564,
        "train_epoch_time": 80.95344758033752,
        "val_accuracy": 99.13370013237,
        "val_loss": 0.6774122580885887,
        "val_IoU": 89.61517810821533,
        "val_epoch_time": 5.2449469566345215
    },
    "9": {
        "train_accuracy": 97.06626534461975,
        "train_loss": 0.6744422350289683,
        "train_IoU": 83.23662281036377,
        "train_epoch_time": 80.93956780433655,
        "val_accuracy": 99.26090836524963,
        "val_loss": 0.6778877601027489,
        "val_IoU": 90.70984125137329,
        "val_epoch_time": 5.220425605773926
    },
    "10": {
        "train_accuracy": 97.27080464363098,
        "train_loss": 0.672566184457743,
        "train_IoU": 84.19473171234131,
        "train_epoch_time": 80.91815996170044,
        "val_accuracy": 98.66024255752563,
        "val_loss": 0.6784167304635048,
        "val_IoU": 85.38397550582886,
        "val_epoch_time": 5.250503063201904
    },
    "11": {
        "train_accuracy": 97.17319011688232,
        "train_loss": 0.6727405602077269,
        "train_IoU": 83.58950614929199,
        "train_epoch_time": 80.99634003639221,
        "val_accuracy": 98.33879470825195,
        "val_loss": 0.6879360154271126,
        "val_IoU": 78.31076383590698,
        "val_epoch_time": 5.233112812042236
    },
    "12": {
        "train_accuracy": 97.06823229789734,
        "train_loss": 0.6732613640011478,
        "train_IoU": 83.16078186035156,
        "train_epoch_time": 80.95091390609741,
        "val_accuracy": 94.38658356666565,
        "val_loss": 0.6807657927274704,
        "val_IoU": 66.1778450012207,
        "val_epoch_time": 5.284836530685425
    },
    "13": {
        "train_accuracy": 97.15238213539124,
        "train_loss": 0.6729899246737642,
        "train_IoU": 83.55979919433594,
        "train_epoch_time": 80.88282227516174,
        "val_accuracy": 98.42724204063416,
        "val_loss": 0.6871483892202378,
        "val_IoU": 79.34731245040894,
        "val_epoch_time": 5.242997407913208
    },
    "14": {
        "train_accuracy": 97.08142876625061,
        "train_loss": 0.6732509372369296,
        "train_IoU": 83.31301212310791,
        "train_epoch_time": 80.9148998260498,
        "val_accuracy": 99.08537268638611,
        "val_loss": 0.6769870087504388,
        "val_IoU": 89.20520544052124,
        "val_epoch_time": 5.248414754867554
    },
    "15": {
        "train_accuracy": 97.24702835083008,
        "train_loss": 0.6726165834462865,
        "train_IoU": 84.01814699172974,
        "train_epoch_time": 80.96219730377197,
        "val_accuracy": 93.12341809272766,
        "val_loss": 0.67936150431633,
        "val_IoU": 63.71600031852722,
        "val_epoch_time": 5.275110483169556
    },
    "16": {
        "train_accuracy": 97.2757637500763,
        "train_loss": 0.6724745395048612,
        "train_IoU": 84.22528505325317,
        "train_epoch_time": 80.93912816047668,
        "val_accuracy": 98.97712469100952,
        "val_loss": 0.6848164185881613,
        "val_IoU": 86.558598279953,
        "val_epoch_time": 5.283169269561768
    },
    "17": {
        "train_accuracy": 97.09156155586243,
        "train_loss": 0.6733380382915715,
        "train_IoU": 83.18072557449341,
        "train_epoch_time": 80.92877459526062,
        "val_accuracy": 84.09799337387085,
        "val_loss": 0.6882834807038308,
        "val_IoU": 50.885432958602905,
        "val_epoch_time": 5.236233711242676
    },
    "18": {
        "train_accuracy": 97.0768392086029,
        "train_loss": 0.6731303455694664,
        "train_IoU": 83.2133412361145,
        "train_epoch_time": 80.9934070110321,
        "val_accuracy": 99.04045462608337,
        "val_loss": 0.6835203364491464,
        "val_IoU": 87.49395608901978,
        "val_epoch_time": 5.273397922515869
    },
    "19": {
        "train_accuracy": 97.13420867919922,
        "train_loss": 0.6731912419481094,
        "train_IoU": 83.50394368171692,
        "train_epoch_time": 80.96499586105347,
        "val_accuracy": 98.80335330963135,
        "val_loss": 0.6857567578554156,
        "val_IoU": 84.55246090888977,
        "val_epoch_time": 5.262922286987305
    },
    "20": {
        "train_accuracy": 97.09620475769043,
        "train_loss": 0.6730990875442068,
        "train_IoU": 83.31707119941711,
        "train_epoch_time": 80.89542245864868,
        "val_accuracy": 99.17316436767578,
        "val_loss": 0.6838107407093048,
        "val_IoU": 89.32105898857117,
        "val_epoch_time": 5.245355844497681
    },
    "21": {
        "train_accuracy": 97.19333052635193,
        "train_loss": 0.67330030652712,
        "train_IoU": 83.77899527549744,
        "train_epoch_time": 80.94845581054688,
        "val_accuracy": 30.969688296318054,
        "val_loss": 0.7599385946989061,
        "val_IoU": 16.643379628658295,
        "val_epoch_time": 5.243700742721558
    },
    "22": {
        "train_accuracy": 97.09854125976562,
        "train_loss": 0.6726704302823766,
        "train_IoU": 83.22703242301941,