{
    "0": {
        "train_accuracy": 88.71254324913025,
        "train_loss": 0.6859130508494825,
        "train_IoU": 61.004841327667236,
        "train_epoch_time": 80.28346228599548,
        "val_accuracy": 98.79862070083618,
        "val_loss": 0.6804722741246223,
        "val_IoU": 85.01196503639221,
        "val_epoch_time": 5.1655755043029785
    },
    "1": {
        "train_accuracy": 96.61641120910645,
        "train_loss": 0.6743142395649317,
        "train_IoU": 80.60797452926636,
        "train_epoch_time": 80.30189251899719,
        "val_accuracy": 95.32358050346375,
        "val_loss": 0.6827642351388932,
        "val_IoU": 68.05984377861023,
        "val_epoch_time": 5.254286289215088
    },
    "2": {
        "train_accuracy": 96.93140387535095,
        "train_loss": 0.6740134027768975,
        "train_IoU": 82.1394145488739,
        "train_epoch_time": 80.9579176902771,
        "val_accuracy": 98.56740236282349,
        "val_loss": 0.6813534915447235,
        "val_IoU": 83.99658203125,
        "val_epoch_time": 5.253230094909668
    },
    "3": {
        "train_accuracy": 96.63325548171997,
        "train_loss": 0.674331071916616,
        "train_IoU": 80.63673973083496,
        "train_epoch_time": 80.9699547290802,
        "val_accuracy": 98.16198348999023,
        "val_loss": 0.6805405154824256,
        "val_IoU": 80.89277744293213,
        "val_epoch_time": 5.243458271026611
    },
    "4": {
        "train_accuracy": 96.78848385810852,
        "train_loss": 0.6735892759179174,
        "train_IoU": 81.41316175460815,
        "train_epoch_time": 80.94012975692749,
        "val_accuracy": 98.68984818458557,
        "val_loss": 0.6802782863378526,
        "val_IoU": 84.66953039169312,
        "val_epoch_time": 5.239835262298584
    },
    "5": {
        "train_accuracy": 96.67023420333862,
        "train_loss": 0.6737896291714794,
        "train_IoU": 80.98046779632568,
        "train_epoch_time": 80.94859480857849,
        "val_accuracy": 98.02634716033936,
        "val_loss": 0.6797955796122549,
        "val_IoU": 79.82641458511353,
        "val_epoch_time": 5.244954824447632
    },
    "6": {
        "train_accuracy": 96.72791361808777,
        "train_loss": 0.6739416498058246,
        "train_IoU": 81.14081621170044,
        "train_epoch_time": 80.93904995918274,
        "val_accuracy": 98.95336031913757,
        "val_loss": 0.6770992532372474,
        "val_IoU": 87.29888200759888,
        "val_epoch_time": 5.267248868942261
    },
    "7": {
        "train_accuracy": 96.93962931632996,
        "train_loss": 0.6725831423165661,
        "train_IoU": 82.18549489974976,
        "train_epoch_time": 80.93481945991516,
        "val_accuracy": 34.41532552242279,
        "val_loss": 0.7253780260682108,
        "val_IoU": 18.44562441110611,
        "val_epoch_time": 5.25834584236145
    },
    "8": {
        "train_accuracy": 97.21035361289978,
        "train_loss": 0.6713855367786479,
        "train_IoU": 83.41883420944214,
        "train_epoch_time": 80.97432446479797,
        "val_accuracy": 98.84766936302185,
        "val_loss": 0.6829455748200418,
        "val_IoU": 84.58458185195923,
        "val_epoch_time": 5.2772252559661865
    },
    "9": {
        "train_accuracy": 96.9708800315857,
        "train_loss": 0.6728054741643513,
        "train_IoU": 82.23010301589966,
        "train_epoch_time": 80.94545316696167,
        "val_accuracy": 62.004512548446655,
        "val_loss": 0.7396500334143639,
        "val_IoU": 34.42099690437317,
        "val_epoch_time": 5.2676002979278564
    },
    "10": {
        "train_accuracy": 96.88501954078674,
        "train_loss": 0.6714306995553795,
        "train_IoU": 81.9404125213623,
        "train_epoch_time": 80.96512508392334,
        "val_accuracy": 99.03870820999146,
        "val_loss": 0.6768065378069876,
        "val_IoU": 88.11402320861816,
        "val_epoch_time": 5.26320743560791
    },
    "11": {
        "train_accuracy": 97.31157422065735,
        "train_loss": 0.669586674897176,
        "train_IoU": 83.83053541183472,
        "train_epoch_time": 80.89371585845947,
        "val_accuracy": 99.0436315536499,
        "val_loss": 0.6804216966032981,
        "val_IoU": 87.45824098587036,
        "val_epoch_time": 5.261325120925903
    },
    "12": {
        "train_accuracy": 97.44564890861511,
        "train_loss": 0.6681760992643975,
        "train_IoU": 84.56830978393555,
        "train_epoch_time": 80.94748306274414,
        "val_accuracy": 97.5293219089508,
        "val_loss": 0.68053627461195,
        "val_IoU": 77.90405750274658,
        "val_epoch_time": 5.267448902130127
    },
    "13": {
        "train_accuracy": 97.41508960723877,
        "train_loss": 0.6690293390795871,
        "train_IoU": 84.33254957199097,
        "train_epoch_time": 80.9369375705719,
        "val_accuracy": 99.1375207901001,
        "val_loss": 0.6760158449411394,
        "val_IoU": 89.07614350318909,
        "val_epoch_time": 5.297449588775635
    },
    "14": {
        "train_accuracy": 97.62293696403503,
        "train_loss": 0.6661170723303306,
        "train_IoU": 85.4214072227478,
        "train_epoch_time": 80.90057635307312,
        "val_accuracy": 99.12326335906982,
        "val_loss": 0.6765376597642898,
        "val_IoU": 88.70809078216553,
        "val_epoch_time": 5.279480218887329
    },
    "15": {
        "train_accuracy": 97.58502244949341,
        "train_loss": 0.6673987521315514,
        "train_IoU": 85.15084981918335,
        "train_epoch_time": 80.94521403312683,
        "val_accuracy": 99.20192956924438,
        "val_loss": 0.6762062296271325,
        "val_IoU": 89.61646556854248,
        "val_epoch_time": 5.251060247421265
    },
    "16": {
        "train_accuracy": 97.58188128471375,
        "train_loss": 0.6647831811095181,
        "train_IoU": 85.24392247200012,
        "train_epoch_time": 80.9500892162323,
        "val_accuracy": 98.96232485771179,
        "val_loss": 0.6750557705760004,
        "val_IoU": 87.86705136299133,
        "val_epoch_time": 5.302856922149658
    },
    "17": {
        "train_accuracy": 97.76143431663513,
        "train_loss": 0.6638480056006958,
        "train_IoU": 86.111581325531,
        "train_epoch_time": 80.96271753311157,
        "val_accuracy": 99.17376637458801,
        "val_loss": 0.6753215700387956,
        "val_IoU": 89.43047523498535,
        "val_epoch_time": 5.230772495269775
    },
    "18": {
        "train_accuracy": 97.80473709106445,
        "train_loss": 0.6641341648011834,
        "train_IoU": 86.40568256378174,
        "train_epoch_time": 80.9436948299408,
        "val_accuracy": 98.6668050289154,
        "val_loss": 0.6805995047092435,
        "val_IoU": 83.75051021575928,
        "val_epoch_time": 5.375809907913208
    },
    "19": {
        "train_accuracy": 97.72334098815918,
        "train_loss": 0.6640685996919304,
        "train_IoU": 85.90009212493896,
        "train_epoch_time": 80.93785810470581,
        "val_accuracy": 98.95188808441162,
        "val_loss": 0.6744504854083062,
        "val_IoU": 87.7642273902893,
        "val_epoch_time": 5.235713720321655
    },
    "20": {
        "train_accuracy": 97.77252674102783,
        "train_loss": 0.6645787812628839,
        "train_IoU": 86.15032434463501,
        "train_epoch_time": 80.96112418174744,
        "val_accuracy": 99.25624132156372,
        "val_loss": 0.6747758612036704,
        "val_IoU": 90.36637544631958,
        "val_epoch_time": 5.269376277923584
    },
    "21": {
        "train_accuracy": 97.7027952671051,
        "train_loss": 0.6638880142625773,
        "train_IoU": 85.74310541152954,
        "train_epoch_time": 80.96734476089478,
        "val_accuracy": 99.20613169670105,
        "val_loss": 0.6769412949681282,
        "val_IoU": 89.5365834236145,
        "val_epoch_time": 5.259019374847412
    },
    "22": {
        "train_accuracy": 97.77713418006897,
        "train_loss": 0.6633942930203559,
        "train_IoU": 86.19828820228577,