{
    "0": {
        "train_accuracy": 93.63693594932556,
        "train_loss": 0.6843994097889596,
        "train_IoU": 71.57492637634277,
        "train_epoch_time": 81.44249176979065,
        "val_accuracy": 98.94569516181946,
        "val_loss": 0.6818921938538552,
        "val_IoU": 88.09877634048462,
        "val_epoch_time": 5.276901483535767
    },
    "1": {
        "train_accuracy": 96.94751501083374,
        "train_loss": 0.6788841740140374,
        "train_IoU": 82.900470495224,
        "train_epoch_time": 80.95838665962219,
        "val_accuracy": 98.75765442848206,
        "val_loss": 0.6822639554738996,
        "val_IoU": 86.14245653152466,
        "val_epoch_time": 5.248884677886963
    },
    "2": {
        "train_accuracy": 96.88657522201538,
        "train_loss": 0.6790182079908984,
        "train_IoU": 82.71024227142334,
        "train_epoch_time": 81.00421500205994,
        "val_accuracy": 98.7011969089508,
        "val_loss": 0.6821950957179069,
        "val_IoU": 85.73989868164062,
        "val_epoch_time": 5.3101584911346436
    },
    "3": {
        "train_accuracy": 97.03015089035034,
        "train_loss": 0.6789384340340234,
        "train_IoU": 83.30153226852417,
        "train_epoch_time": 80.95079207420349,
        "val_accuracy": 27.159002423286438,
        "val_loss": 0.7119568526744842,
        "val_IoU": 14.582616090774536,
        "val_epoch_time": 5.263737678527832
    },
    "4": {
        "train_accuracy": 96.92726135253906,
        "train_loss": 0.6790512739487414,
        "train_IoU": 82.82907009124756,
        "train_epoch_time": 80.93303418159485,
        "val_accuracy": 98.88668656349182,
        "val_loss": 0.6857726246118544,
        "val_IoU": 86.34422421455383,
        "val_epoch_time": 5.2440619468688965
    },
    "5": {
        "train_accuracy": 96.97858095169067,
        "train_loss": 0.6791684679265286,
        "train_IoU": 82.98485279083252,
        "train_epoch_time": 80.95607328414917,
        "val_accuracy": 99.09719228744507,
        "val_loss": 0.6839158326387407,
        "val_IoU": 88.85400295257568,
        "val_epoch_time": 5.267666816711426
    },
    "6": {
        "train_accuracy": 97.10435271263123,
        "train_loss": 0.6775979111779413,
        "train_IoU": 83.61114263534546,
        "train_epoch_time": 80.93902087211609,
        "val_accuracy": 99.23533201217651,
        "val_loss": 0.6818208158016206,
        "val_IoU": 90.57034850120544,
        "val_epoch_time": 5.226439476013184
    },
    "7": {
        "train_accuracy": 97.26583957672119,
        "train_loss": 0.6760076419362485,
        "train_IoU": 84.40029621124268,
        "train_epoch_time": 80.94702339172363,
        "val_accuracy": 20.464561879634857,
        "val_loss": 0.7918046340346334,
        "val_IoU": 10.902489721775055,
        "val_epoch_time": 5.241884231567383
    },
    "8": {
        "train_accuracy": 97.03183770179749,
        "train_loss": 0.6758479464728878,
        "train_IoU": 83.43044519424438,
        "train_epoch_time": 80.92290997505188,
        "val_accuracy": 99.34919476509094,
        "val_loss": 0.6840504020452501,
        "val_IoU": 91.37461185455322,
        "val_epoch_time": 5.273975849151611
    },
    "9": {
        "train_accuracy": 96.7595636844635,
        "train_loss": 0.674562238522296,
        "train_IoU": 82.40121603012085,
        "train_epoch_time": 80.9414222240448,
        "val_accuracy": 98.39173555374146,
        "val_loss": 0.6891881823539733,
        "val_IoU": 79.42595481872559,
        "val_epoch_time": 5.2457921504974365
    },
    "10": {
        "train_accuracy": 97.18097448348999,
        "train_loss": 0.6741790942426001,
        "train_IoU": 84.07957553863525,
        "train_epoch_time": 80.95945024490356,
        "val_accuracy": 99.29553270339966,
        "val_loss": 0.6797158569097517,
        "val_IoU": 91.37368202209473,
        "val_epoch_time": 5.2643609046936035
    },
    "11": {
        "train_accuracy": 96.75424098968506,
        "train_loss": 0.6747270584106444,
        "train_IoU": 82.35872983932495,
        "train_epoch_time": 80.93343448638916,
        "val_accuracy": 99.11971092224121,
        "val_loss": 0.6826010107994079,
        "val_IoU": 89.01686668395996,
        "val_epoch_time": 5.23993182182312
    },
    "12": {
        "train_accuracy": 97.16052412986755,
        "train_loss": 0.6744035959243777,
        "train_IoU": 83.96956324577332,
        "train_epoch_time": 80.96914863586426,
        "val_accuracy": 98.98253083229065,
        "val_loss": 0.6878992646932601,
        "val_IoU": 86.22291088104248,
        "val_epoch_time": 5.248875617980957
    },
    "13": {
        "train_accuracy": 96.8864381313324,
        "train_loss": 0.6748774067410882,
        "train_IoU": 82.86657333374023,
        "train_epoch_time": 80.93005776405334,
        "val_accuracy": 99.22600984573364,
        "val_loss": 0.6772614538669586,
        "val_IoU": 90.81940054893494,
        "val_epoch_time": 5.278402090072632
    },
    "14": {
        "train_accuracy": 96.91742062568665,
        "train_loss": 0.6743131381160808,
        "train_IoU": 82.95471668243408,
        "train_epoch_time": 80.93541502952576,
        "val_accuracy": 99.35050010681152,
        "val_loss": 0.679923479259014,
        "val_IoU": 91.65422916412354,
        "val_epoch_time": 5.243439674377441
    },
    "15": {
        "train_accuracy": 96.78539037704468,
        "train_loss": 0.6737527563886824,
        "train_IoU": 82.34752416610718,
        "train_epoch_time": 80.9137532711029,
        "val_accuracy": 98.74266386032104,
        "val_loss": 0.6770733624696731,
        "val_IoU": 86.49204969406128,
        "val_epoch_time": 5.263589382171631
    },
    "16": {
        "train_accuracy": 96.65992259979248,
        "train_loss": 0.6732047006769003,
        "train_IoU": 81.9345772266388,
        "train_epoch_time": 80.9619402885437,
        "val_accuracy": 99.46601986885071,
        "val_loss": 0.680595725774765,
        "val_IoU": 93.02507638931274,
        "val_epoch_time": 5.2542455196380615
    },
    "17": {
        "train_accuracy": 96.16822600364685,
        "train_loss": 0.6717636864140355,
        "train_IoU": 80.1706850528717,
        "train_epoch_time": 80.93634295463562,
        "val_accuracy": 99.48731660842896,
        "val_loss": 0.6772966951131822,
        "val_IoU": 93.36585998535156,
        "val_epoch_time": 5.2405266761779785
    },
    "18": {
        "train_accuracy": 96.57463431358337,
        "train_loss": 0.67007481602003,
        "train_IoU": 81.71398639678955,
        "train_epoch_time": 80.93229341506958,
        "val_accuracy": 99.04083609580994,
        "val_loss": 0.6856447502970696,
        "val_IoU": 87.4303936958313,
        "val_epoch_time": 5.227498769760132
    },
    "19": {
        "train_accuracy": 96.19029760360718,
        "train_loss": 0.6703501525914888,
        "train_IoU": 80.17556667327881,
        "train_epoch_time": 80.94137406349182,
        "val_accuracy": 99.48221445083618,
        "val_loss": 0.6794231951236726,
        "val_IoU": 93.19732785224915,
        "val_epoch_time": 5.259977579116821
    },
    "20": {
        "train_accuracy": 96.06265425682068,
        "train_loss": 0.6700072574165636,
        "train_IoU": 79.8801064491272,
        "train_epoch_time": 80.96157097816467,
        "val_accuracy": 99.50640797615051,
        "val_loss": 0.6775248080492019,
        "val_IoU": 93.561851978302,
        "val_epoch_time": 5.30994725227356
    },
    "21": {
        "train_accuracy": 96.7535138130188,
        "train_loss": 0.6696062704302231,
        "train_IoU": 82.35065937042236,
        "train_epoch_time": 80.92017936706543,
        "val_accuracy": 12.225816398859024,
        "val_loss": 1.2021515890955925,
        "val_IoU": 6.422458589076996,
        "val_epoch_time": 5.243910551071167
    },
    "22": {
        "train_accuracy": 96.98919653892517,
        "train_loss": 0.668976392161171,
        "train_IoU": 83.29195380210876,