{
    "0": {
        "train_accuracy": 77.72701978683472,
        "train_loss": 0.7035377082596739,
        "train_IoU": 48.39375615119934,
        "train_epoch_time": 37.95234751701355,
        "val_accuracy": 98.07582497596741,
        "val_loss": 0.6823716100893522,
        "val_IoU": 78.76927852630615,
        "val_epoch_time": 3.867410182952881
    },
    "1": {
        "train_accuracy": 94.3095326423645,
        "train_loss": 0.676032956852856,
        "train_IoU": 72.8655219078064,
        "train_epoch_time": 35.90981841087341,
        "val_accuracy": 75.36540031433105,
        "val_loss": 0.7021492421627045,
        "val_IoU": 42.14893877506256,
        "val_epoch_time": 3.163796901702881
    },
    "2": {
        "train_accuracy": 94.45815086364746,
        "train_loss": 0.6758543302813371,
        "train_IoU": 73.35003614425659,
        "train_epoch_time": 35.81607484817505,
        "val_accuracy": 98.39569330215454,
        "val_loss": 0.6810544666491057,
        "val_IoU": 81.52116537094116,
        "val_epoch_time": 3.1788437366485596
    },
    "3": {
        "train_accuracy": 95.45945525169373,
        "train_loss": 0.6729049274171014,
        "train_IoU": 76.44122838973999,
        "train_epoch_time": 35.85848522186279,
        "val_accuracy": 97.82292246818542,
        "val_loss": 0.6827817888636338,
        "val_IoU": 78.98051738739014,
        "val_epoch_time": 3.201298236846924
    },
    "4": {
        "train_accuracy": 95.70887088775635,
        "train_loss": 0.6723125937925395,
        "train_IoU": 77.16766595840454,
        "train_epoch_time": 35.91990065574646,
        "val_accuracy": 42.659348249435425,
        "val_loss": 0.7753541155865318,
        "val_IoU": 23.123587667942047,
        "val_epoch_time": 3.1951634883880615
    },
    "5": {
        "train_accuracy": 95.3529953956604,
        "train_loss": 0.6732483233113685,
        "train_IoU": 75.96707940101624,
        "train_epoch_time": 36.06897592544556,
        "val_accuracy": 96.51238322257996,
        "val_loss": 0.689354491861243,
        "val_IoU": 73.61640930175781,
        "val_epoch_time": 3.1575183868408203
    },
    "6": {
        "train_accuracy": 95.27337551116943,
        "train_loss": 0.6726989107302938,
        "train_IoU": 75.92804431915283,
        "train_epoch_time": 35.96498894691467,
        "val_accuracy": 95.49591541290283,
        "val_loss": 0.6938822536092055,
        "val_IoU": 69.76666450500488,
        "val_epoch_time": 3.158646821975708
    },
    "7": {
        "train_accuracy": 95.684415102005,
        "train_loss": 0.6726601601121909,
        "train_IoU": 77.11782455444336,
        "train_epoch_time": 36.04526233673096,
        "val_accuracy": 97.6053535938263,
        "val_loss": 0.6876233204414969,
        "val_IoU": 68.85889768600464,
        "val_epoch_time": 3.2033205032348633
    },
    "8": {
        "train_accuracy": 95.6838309764862,
        "train_loss": 0.6715321068269795,
        "train_IoU": 77.19696760177612,
        "train_epoch_time": 35.887829542160034,
        "val_accuracy": 97.14391827583313,
        "val_loss": 0.6855471479265313,
        "val_IoU": 74.94661808013916,
        "val_epoch_time": 3.1756255626678467
    },
    "9": {
        "train_accuracy": 95.59193849563599,
        "train_loss": 0.6718553202560702,
        "train_IoU": 76.9425630569458,
        "train_epoch_time": 35.71619391441345,
        "val_accuracy": 98.09442162513733,
        "val_loss": 0.6853646212502529,
        "val_IoU": 77.01674699783325,
        "val_epoch_time": 3.195037364959717
    },
    "10": {
        "train_accuracy": 95.83680033683777,
        "train_loss": 0.6715744254123645,
        "train_IoU": 77.76497602462769,
        "train_epoch_time": 35.95191812515259,
        "val_accuracy": 98.31653833389282,
        "val_loss": 0.6808903499653466,
        "val_IoU": 81.13149404525757,
        "val_epoch_time": 3.171832799911499
    },
    "11": {
        "train_accuracy": 95.34202218055725,
        "train_loss": 0.6725860713012668,
        "train_IoU": 76.01511478424072,
        "train_epoch_time": 35.899078607559204,
        "val_accuracy": 90.96568822860718,
        "val_loss": 0.7256667755152049,
        "val_IoU": 56.756436824798584,
        "val_epoch_time": 3.1506409645080566
    },
    "12": {
        "train_accuracy": 95.7770824432373,
        "train_loss": 0.6726464367957703,
        "train_IoU": 77.38351821899414,
        "train_epoch_time": 35.9209201335907,
        "val_accuracy": 97.20795154571533,
        "val_loss": 0.6894893175677249,
        "val_IoU": 63.19548487663269,
        "val_epoch_time": 3.2008609771728516
    },
    "13": {
        "train_accuracy": 95.1210081577301,
        "train_loss": 0.6726702933767398,
        "train_IoU": 75.30373334884644,
        "train_epoch_time": 35.884602785110474,
        "val_accuracy": 98.25554490089417,
        "val_loss": 0.6836754946332229,
        "val_IoU": 78.33813428878784,
        "val_epoch_time": 3.180276870727539
    },
    "14": {
        "train_accuracy": 95.09503245353699,
        "train_loss": 0.6724973848141526,
        "train_IoU": 75.45017600059509,
        "train_epoch_time": 35.90479111671448,
        "val_accuracy": 98.11269044876099,
        "val_loss": 0.6854131362940136,
        "val_IoU": 76.59693360328674,
        "val_epoch_time": 3.179664373397827
    },
    "15": {
        "train_accuracy": 95.31458616256714,
        "train_loss": 0.6728469596441048,
        "train_IoU": 75.99630355834961,
        "train_epoch_time": 35.96125245094299,
        "val_accuracy": 78.30679416656494,
        "val_loss": 0.7282020324154905,
        "val_IoU": 45.58626115322113,
        "val_epoch_time": 3.2289977073669434
    },
    "16": {
        "train_accuracy": 95.09742259979248,
        "train_loss": 0.6734811582888267,
        "train_IoU": 75.21270513534546,
        "train_epoch_time": 35.79337286949158,
        "val_accuracy": 97.92771935462952,
        "val_loss": 0.6855502756018387,
        "val_IoU": 79.87942695617676,
        "val_epoch_time": 3.219085454940796
    },
    "17": {
        "train_accuracy": 95.52099704742432,
        "train_loss": 0.6719448998629816,
        "train_IoU": 76.63794755935669,
        "train_epoch_time": 35.99415993690491,
        "val_accuracy": 98.3834445476532,
        "val_loss": 0.6812459638244228,
        "val_IoU": 82.20518827438354,
        "val_epoch_time": 3.1664657592773438
    },
    "18": {
        "train_accuracy": 96.02800011634827,
        "train_loss": 0.6695313847872368,
        "train_IoU": 78.03759574890137,
        "train_epoch_time": 35.92180609703064,
        "val_accuracy": 98.07150363922119,
        "val_loss": 0.6829062151281455,
        "val_IoU": 79.71986532211304,
        "val_epoch_time": 3.2120566368103027
    },
    "19": {
        "train_accuracy": 96.29391431808472,
        "train_loss": 0.6698498431429918,
        "train_IoU": 79.33969497680664,
        "train_epoch_time": 35.996318340301514,
        "val_accuracy": 98.28652143478394,
        "val_loss": 0.682837431368075,
        "val_IoU": 78.51612567901611,
        "val_epoch_time": 3.1924870014190674
    },
    "20": {
        "train_accuracy": 96.35459780693054,
        "train_loss": 0.6683202913082927,
        "train_IoU": 79.41708564758301,
        "train_epoch_time": 35.82601594924927,
        "val_accuracy": 98.37214350700378,
        "val_loss": 0.6823374503537231,
        "val_IoU": 79.77191209793091,
        "val_epoch_time": 3.169755220413208
    },
    "21": {
        "train_accuracy": 96.32951021194458,
        "train_loss": 0.670114937294052,
        "train_IoU": 79.34821248054504,
        "train_epoch_time": 35.882933139801025,
        "val_accuracy": 98.46535921096802,
        "val_loss": 0.6828500973550897,
        "val_IoU": 81.52874708175659,
        "val_epoch_time": 3.211393117904663
    },
    "22": {
        "train_accuracy": 96.23377919197083,
        "train_loss": 0.66984146785926,