{
    "0": {
        "train_accuracy": 82.23015666007996,
        "train_loss": 0.6925998515341864,
        "train_IoU": 51.559627056121826,
        "train_epoch_time": 101.49531316757202,
        "val_accuracy": 98.08359146118164,
        "val_loss": 0.6901895811683254,
        "val_IoU": 76.61269903182983,
        "val_epoch_time": 32.75947165489197
    },
    "1": {
        "train_accuracy": 95.7351803779602,
        "train_loss": 0.6772170399289688,
        "train_IoU": 74.85864758491516,
        "train_epoch_time": 35.743141889572144,
        "val_accuracy": 98.16413521766663,
        "val_loss": 0.6882175222823494,
        "val_IoU": 78.24862003326416,
        "val_epoch_time": 3.1757683753967285
    },
    "2": {
        "train_accuracy": 96.4780330657959,
        "train_loss": 0.6762346995779241,
        "train_IoU": 77.5749683380127,
        "train_epoch_time": 35.53924298286438,
        "val_accuracy": 92.97787547111511,
        "val_loss": 0.6864211778891716,
        "val_IoU": 60.471147298812866,
        "val_epoch_time": 3.163445472717285
    },
    "3": {
        "train_accuracy": 96.34273648262024,
        "train_loss": 0.6754577247745014,
        "train_IoU": 77.07587480545044,
        "train_epoch_time": 35.78345727920532,
        "val_accuracy": 98.21186065673828,
        "val_loss": 0.6898840195254274,
        "val_IoU": 78.23642492294312,
        "val_epoch_time": 3.1656768321990967
    },
    "4": {
        "train_accuracy": 96.58297300338745,
        "train_loss": 0.6757991527656161,
        "train_IoU": 78.04210186004639,
        "train_epoch_time": 35.76938319206238,
        "val_accuracy": 98.29641580581665,
        "val_loss": 0.6854698328595413,
        "val_IoU": 79.20020818710327,
        "val_epoch_time": 3.2053990364074707
    },
    "5": {
        "train_accuracy": 96.46584391593933,
        "train_loss": 0.674623986401881,
        "train_IoU": 77.57038474082947,
        "train_epoch_time": 35.81394910812378,
        "val_accuracy": 97.98763394355774,
        "val_loss": 0.6915706882351323,
        "val_IoU": 73.43176007270813,
        "val_epoch_time": 3.158292293548584
    },
    "6": {
        "train_accuracy": 96.75288200378418,
        "train_loss": 0.673320860976717,
        "train_IoU": 78.9099931716919,
        "train_epoch_time": 35.79516839981079,
        "val_accuracy": 98.70481491088867,
        "val_loss": 0.6816102219255346,
        "val_IoU": 82.49000906944275,
        "val_epoch_time": 3.2076051235198975
    },
    "7": {
        "train_accuracy": 96.77121043205261,
        "train_loss": 0.6730404132865815,
        "train_IoU": 79.07532453536987,
        "train_epoch_time": 35.87397789955139,
        "val_accuracy": 98.57614040374756,
        "val_loss": 0.6815129000889628,
        "val_IoU": 81.99179172515869,
        "val_epoch_time": 3.2103826999664307
    },
    "8": {
        "train_accuracy": 96.81705832481384,
        "train_loss": 0.6714094428427188,
        "train_IoU": 79.3438971042633,
        "train_epoch_time": 35.88071250915527,
        "val_accuracy": 98.71973395347595,
        "val_loss": 0.6808234531628458,
        "val_IoU": 82.2932481765747,
        "val_epoch_time": 3.2129907608032227
    },
    "9": {
        "train_accuracy": 97.05280661582947,
        "train_loss": 0.6718192072028657,
        "train_IoU": 80.41431903839111,
        "train_epoch_time": 35.595072507858276,
        "val_accuracy": 98.47670197486877,
        "val_loss": 0.6822548194935447,
        "val_IoU": 81.43422603607178,
        "val_epoch_time": 3.173118829727173
    },
    "10": {
        "train_accuracy": 96.74760699272156,
        "train_loss": 0.6716515675958886,
        "train_IoU": 79.28365468978882,
        "train_epoch_time": 35.78666305541992,
        "val_accuracy": 97.98511266708374,
        "val_loss": 0.686701304034183,
        "val_IoU": 70.12832760810852,
        "val_epoch_time": 3.1356260776519775
    },
    "11": {
        "train_accuracy": 97.19582200050354,
        "train_loss": 0.6709109069816618,
        "train_IoU": 80.97211122512817,
        "train_epoch_time": 36.05915117263794,
        "val_accuracy": 94.00063753128052,
        "val_loss": 0.7025374032949145,
        "val_IoU": 63.837647438049316,
        "val_epoch_time": 3.190221071243286
    },
    "12": {
        "train_accuracy": 96.9242811203003,
        "train_loss": 0.6721522456621272,
        "train_IoU": 80.0578236579895,
        "train_epoch_time": 35.6883282661438,
        "val_accuracy": 98.4895408153534,
        "val_loss": 0.6844947808667234,
        "val_IoU": 77.52267122268677,
        "val_epoch_time": 3.182821273803711
    },
    "13": {
        "train_accuracy": 96.4907705783844,
        "train_loss": 0.6733683563798545,
        "train_IoU": 78.06791067123413,
        "train_epoch_time": 35.66709041595459,
        "val_accuracy": 98.57898950576782,
        "val_loss": 0.6818996526693043,
        "val_IoU": 81.35913014411926,
        "val_epoch_time": 3.1855716705322266
    },
    "14": {
        "train_accuracy": 97.08439111709595,
        "train_loss": 0.6710576664404085,
        "train_IoU": 80.59161901473999,
        "train_epoch_time": 35.715014934539795,
        "val_accuracy": 76.75167918205261,
        "val_loss": 0.784965532390695,
        "val_IoU": 43.19782257080078,
        "val_epoch_time": 3.141543388366699
    },
    "15": {
        "train_accuracy": 96.81848287582397,
        "train_loss": 0.6726216358017643,
        "train_IoU": 79.4005274772644,
        "train_epoch_time": 35.67764067649841,
        "val_accuracy": 98.31597208976746,
        "val_loss": 0.6840675739865553,
        "val_IoU": 80.44483065605164,
        "val_epoch_time": 3.220045566558838
    },
    "16": {
        "train_accuracy": 97.06441760063171,
        "train_loss": 0.6707313678179129,
        "train_IoU": 80.58923482894897,
        "train_epoch_time": 35.82491207122803,
        "val_accuracy": 98.69105219841003,
        "val_loss": 0.6819558457324377,
        "val_IoU": 82.42877721786499,
        "val_epoch_time": 3.1800856590270996
    },
    "17": {
        "train_accuracy": 96.9670295715332,
        "train_loss": 0.6710349527963129,
        "train_IoU": 80.05131483078003,
        "train_epoch_time": 35.8277268409729,
        "val_accuracy": 98.20494651794434,
        "val_loss": 0.685360268542641,
        "val_IoU": 75.64166784286499,
        "val_epoch_time": 3.16900634765625
    },
    "18": {
        "train_accuracy": 96.87243700027466,
        "train_loss": 0.6720814531542862,
        "train_IoU": 79.49552536010742,
        "train_epoch_time": 35.809303283691406,
        "val_accuracy": 98.74851107597351,
        "val_loss": 0.6798283034249356,
        "val_IoU": 83.61229300498962,
        "val_epoch_time": 3.1839020252227783
    },
    "19": {
        "train_accuracy": 97.2772479057312,
        "train_loss": 0.6706725736538257,
        "train_IoU": 81.54221773147583,
        "train_epoch_time": 35.572606801986694,
        "val_accuracy": 98.7496554851532,
        "val_loss": 0.6803242407347029,
        "val_IoU": 83.45644474029541,
        "val_epoch_time": 3.1956992149353027
    },
    "20": {
        "train_accuracy": 97.4172294139862,
        "train_loss": 0.669014916002038,
        "train_IoU": 82.41108655929565,
        "train_epoch_time": 35.97460460662842,
        "val_accuracy": 98.5008180141449,
        "val_loss": 0.6809261849052027,
        "val_IoU": 81.92462921142578,
        "val_epoch_time": 3.191394567489624
    },
    "21": {
        "train_accuracy": 97.21192121505737,
        "train_loss": 0.67050380844519,
        "train_IoU": 81.24514818191528,
        "train_epoch_time": 35.88107705116272,
        "val_accuracy": 98.72632026672363,
        "val_loss": 0.6807671565758553,
        "val_IoU": 83.06288719177246,
        "val_epoch_time": 3.2287182807922363
    },
    "22": {
        "train_accuracy": 97.2174346446991,
        "train_loss": 0.6701452492242786,
        "train_IoU": 81.44419193267822,