{
    "0": {
        "train_accuracy": 86.63402199745178,
        "train_loss": 0.6945492912573643,
        "train_IoU": 56.35400414466858,
        "train_epoch_time": 36.04201126098633,
        "val_accuracy": 98.10090065002441,
        "val_loss": 0.6863994284680015,
        "val_IoU": 76.8978476524353,
        "val_epoch_time": 3.9548490047454834
    },
    "1": {
        "train_accuracy": 95.16159296035767,
        "train_loss": 0.6768515893662598,
        "train_IoU": 74.02448654174805,
        "train_epoch_time": 35.84347486495972,
        "val_accuracy": 50.55314898490906,
        "val_loss": 0.8234888879876389,
        "val_IoU": 27.44271159172058,
        "val_epoch_time": 3.1040923595428467
    },
    "2": {
        "train_accuracy": 95.2502429485321,
        "train_loss": 0.6769437158250236,
        "train_IoU": 74.0735411643982,
        "train_epoch_time": 35.819722414016724,
        "val_accuracy": 98.48397970199585,
        "val_loss": 0.6830006963328311,
        "val_IoU": 80.85390329360962,
        "val_epoch_time": 3.173722743988037
    },
    "3": {
        "train_accuracy": 96.24785780906677,
        "train_loss": 0.6733152543406091,
        "train_IoU": 77.8094232082367,
        "train_epoch_time": 35.91968107223511,
        "val_accuracy": 9.881632030010223,
        "val_loss": 1.6848536369047664,
        "val_IoU": 5.146375671029091,
        "val_epoch_time": 3.1983377933502197
    },
    "4": {
        "train_accuracy": 96.4726209640503,
        "train_loss": 0.6724708092165184,
        "train_IoU": 78.78798246383667,
        "train_epoch_time": 35.71758246421814,
        "val_accuracy": 98.6488938331604,
        "val_loss": 0.6826919991719096,
        "val_IoU": 82.00345039367676,
        "val_epoch_time": 3.2186739444732666
    },
    "5": {
        "train_accuracy": 96.8016266822815,
        "train_loss": 0.6705365874377859,
        "train_IoU": 80.06139397621155,
        "train_epoch_time": 36.037208795547485,
        "val_accuracy": 78.22561264038086,
        "val_loss": 0.7719627556047942,
        "val_IoU": 44.842591881752014,
        "val_epoch_time": 3.13563871383667
    },
    "6": {
        "train_accuracy": 96.66211605072021,
        "train_loss": 0.6715836389606217,
        "train_IoU": 79.57133054733276,
        "train_epoch_time": 35.87665939331055,
        "val_accuracy": 96.68144583702087,
        "val_loss": 0.6824085743803727,
        "val_IoU": 71.9354510307312,
        "val_epoch_time": 3.1758532524108887
    },
    "7": {
        "train_accuracy": 97.0091462135315,
        "train_loss": 0.6701215636207765,
        "train_IoU": 81.05433583259583,
        "train_epoch_time": 35.97867178916931,
        "val_accuracy": 31.432971358299255,
        "val_loss": 1.7209545138635134,
        "val_IoU": 16.79825484752655,
        "val_epoch_time": 3.20857310295105
    },
    "8": {
        "train_accuracy": 96.73092365264893,
        "train_loss": 0.6715375935413922,
        "train_IoU": 79.77445721626282,
        "train_epoch_time": 35.85818934440613,
        "val_accuracy": 98.92097115516663,
        "val_loss": 0.6796026700421383,
        "val_IoU": 85.05862951278687,
        "val_epoch_time": 3.1610076427459717
    },
    "9": {
        "train_accuracy": 97.20007181167603,
        "train_loss": 0.6680598163984687,
        "train_IoU": 81.97269439697266,
        "train_epoch_time": 35.85138463973999,
        "val_accuracy": 98.90667200088501,
        "val_loss": 0.6799416102861104,
        "val_IoU": 84.91291999816895,
        "val_epoch_time": 3.1300435066223145
    },
    "10": {
        "train_accuracy": 96.70962691307068,
        "train_loss": 0.6708580053660023,
        "train_IoU": 79.68202233314514,
        "train_epoch_time": 35.85001802444458,
        "val_accuracy": 98.13714623451233,
        "val_loss": 0.6858303562590952,
        "val_IoU": 73.99475574493408,
        "val_epoch_time": 3.1729466915130615
    },
    "11": {
        "train_accuracy": 96.89215421676636,
        "train_loss": 0.6682361357240562,
        "train_IoU": 80.51363229751587,
        "train_epoch_time": 35.741984844207764,
        "val_accuracy": 98.6924409866333,
        "val_loss": 0.6809365278796146,
        "val_IoU": 82.60117769241333,
        "val_epoch_time": 3.1569976806640625
    },
    "12": {
        "train_accuracy": 97.34949469566345,
        "train_loss": 0.6685141106525739,
        "train_IoU": 82.71595239639282,
        "train_epoch_time": 35.77084279060364,
        "val_accuracy": 96.72549366950989,
        "val_loss": 0.6856964905011026,
        "val_IoU": 72.76852130889893,
        "val_epoch_time": 3.222133159637451
    },
    "13": {
        "train_accuracy": 97.27658033370972,
        "train_loss": 0.6679708770071845,
        "train_IoU": 82.34550952911377,
        "train_epoch_time": 35.63809895515442,
        "val_accuracy": 98.44503402709961,
        "val_loss": 0.6794312047330957,
        "val_IoU": 82.1729302406311,
        "val_epoch_time": 3.129627227783203
    },
    "14": {
        "train_accuracy": 97.43057489395142,
        "train_loss": 0.6667878340439968,
        "train_IoU": 83.07462930679321,
        "train_epoch_time": 35.92788600921631,
        "val_accuracy": 98.81899952888489,
        "val_loss": 0.6793118134925239,
        "val_IoU": 84.9467933177948,
        "val_epoch_time": 3.213019371032715
    },
    "15": {
        "train_accuracy": 97.06291556358337,
        "train_loss": 0.6703848306876257,
        "train_IoU": 81.19288682937622,
        "train_epoch_time": 35.8485267162323,
        "val_accuracy": 98.44776391983032,
        "val_loss": 0.6832995948038604,
        "val_IoU": 78.17086577415466,
        "val_epoch_time": 3.1978743076324463
    },
    "16": {
        "train_accuracy": 97.11621403694153,
        "train_loss": 0.6680960923552037,
        "train_IoU": 81.6628098487854,
        "train_epoch_time": 35.90540027618408,
        "val_accuracy": 98.73952865600586,
        "val_loss": 0.6804362159026297,
        "val_IoU": 83.18272829055786,
        "val_epoch_time": 3.142547130584717
    },
    "17": {
        "train_accuracy": 96.95038199424744,
        "train_loss": 0.669640424004589,
        "train_IoU": 80.997633934021,
        "train_epoch_time": 36.014995098114014,
        "val_accuracy": 91.79548621177673,
        "val_loss": 0.6886863410472871,
        "val_IoU": 59.33830142021179,
        "val_epoch_time": 3.2151248455047607
    },
    "18": {
        "train_accuracy": 97.10888266563416,
        "train_loss": 0.6689892045530192,
        "train_IoU": 81.42180442810059,
        "train_epoch_time": 35.82204508781433,
        "val_accuracy": 6.248771026730537,
        "val_loss": 2.940589415399652,
        "val_IoU": 3.22510302066803,
        "val_epoch_time": 3.211838722229004
    },
    "19": {
        "train_accuracy": 97.18209505081177,
        "train_loss": 0.6678806973168575,
        "train_IoU": 81.90668225288391,
        "train_epoch_time": 35.92604637145996,
        "val_accuracy": 98.81081581115723,
        "val_loss": 0.681076606637553,
        "val_IoU": 83.52147340774536,
        "val_epoch_time": 3.1672887802124023
    },
    "20": {
        "train_accuracy": 97.35442399978638,
        "train_loss": 0.6681934578485224,
        "train_IoU": 82.64480829238892,
        "train_epoch_time": 35.77365732192993,
        "val_accuracy": 98.88521432876587,
        "val_loss": 0.6805627016644729,
        "val_IoU": 84.5626950263977,
        "val_epoch_time": 3.1689486503601074
    },
    "21": {
        "train_accuracy": 97.00714945793152,
        "train_loss": 0.6692792400420903,
        "train_IoU": 81.03796243667603,
        "train_epoch_time": 35.90560865402222,
        "val_accuracy": 98.69439005851746,
        "val_loss": 0.6820275407088431,
        "val_IoU": 81.2339186668396,
        "val_epoch_time": 3.213395118713379
    },
    "22": {
        "train_accuracy": 97.40323424339294,
        "train_loss": 0.6674293766458673,