{
    "0": {
        "train_accuracy": 93.79780292510986,
        "train_loss": 0.6814920688530361,
        "train_IoU": 71.60944938659668,
        "train_epoch_time": 42.29660105705261,
        "val_accuracy": 98.58376979827881,
        "val_loss": 0.6852411439544276,
        "val_IoU": 81.53051733970642,
        "val_epoch_time": 4.06905198097229
    },
    "1": {
        "train_accuracy": 96.94969058036804,
        "train_loss": 0.6754836174121414,
        "train_IoU": 82.32412338256836,
        "train_epoch_time": 35.662851095199585,
        "val_accuracy": 98.83756637573242,
        "val_loss": 0.6839515566825866,
        "val_IoU": 85.26982069015503,
        "val_epoch_time": 3.174837350845337
    },
    "2": {
        "train_accuracy": 97.16920256614685,
        "train_loss": 0.6737224723238392,
        "train_IoU": 83.36296677589417,
        "train_epoch_time": 35.87134552001953,
        "val_accuracy": 98.364919424057,
        "val_loss": 0.6835041140255177,
        "val_IoU": 81.35278224945068,
        "val_epoch_time": 3.167498826980591
    },
    "3": {
        "train_accuracy": 97.06385731697083,
        "train_loss": 0.6743304430251102,
        "train_IoU": 82.72017240524292,
        "train_epoch_time": 35.63117074966431,
        "val_accuracy": 99.04313683509827,
        "val_loss": 0.678894469612523,
        "val_IoU": 88.25491666793823,
        "val_epoch_time": 3.1679422855377197
    },
    "4": {
        "train_accuracy": 97.09737300872803,
        "train_loss": 0.6734833066681946,
        "train_IoU": 82.90781378746033,
        "train_epoch_time": 35.72254037857056,
        "val_accuracy": 98.89832735061646,
        "val_loss": 0.6789090319683677,
        "val_IoU": 86.83729767799377,
        "val_epoch_time": 3.171696662902832
    },
    "5": {
        "train_accuracy": 97.25804924964905,
        "train_loss": 0.6723170116603142,
        "train_IoU": 83.75356793403625,
        "train_epoch_time": 35.72136354446411,
        "val_accuracy": 6.409339606761932,
        "val_loss": 1.3475248939112612,
        "val_IoU": 3.309241309762001,
        "val_epoch_time": 3.16145920753479
    },
    "6": {
        "train_accuracy": 97.27733135223389,
        "train_loss": 0.6720802005068712,
        "train_IoU": 83.76224040985107,
        "train_epoch_time": 35.698041915893555,
        "val_accuracy": 98.38884472846985,
        "val_loss": 0.6873470199735542,
        "val_IoU": 77.94955968856812,
        "val_epoch_time": 3.2127912044525146
    },
    "7": {
        "train_accuracy": 97.22185134887695,
        "train_loss": 0.6723803937197679,
        "train_IoU": 83.51348638534546,
        "train_epoch_time": 35.90892314910889,
        "val_accuracy": 97.84093499183655,
        "val_loss": 0.6899547890612953,
        "val_IoU": 70.7710325717926,
        "val_epoch_time": 3.1493191719055176
    },
    "8": {
        "train_accuracy": 97.1453845500946,
        "train_loss": 0.6726441791807994,
        "train_IoU": 83.08618068695068,
        "train_epoch_time": 35.81796622276306,
        "val_accuracy": 99.164479970932,
        "val_loss": 0.6817489250710138,
        "val_IoU": 88.9786958694458,
        "val_epoch_time": 3.180138111114502
    },
    "9": {
        "train_accuracy": 97.34349250793457,
        "train_loss": 0.6710770201398082,
        "train_IoU": 84.00174379348755,
        "train_epoch_time": 35.91646766662598,
        "val_accuracy": 99.1102397441864,
        "val_loss": 0.6819224200750651,
        "val_IoU": 88.05699348449707,
        "val_epoch_time": 3.228062152862549
    },
    "10": {
        "train_accuracy": 97.3351538181305,
        "train_loss": 0.6713058020014212,
        "train_IoU": 83.93423557281494,
        "train_epoch_time": 35.696515798568726,
        "val_accuracy": 97.20702171325684,
        "val_loss": 0.6917657224755539,
        "val_IoU": 62.314051389694214,
        "val_epoch_time": 3.1534368991851807
    },
    "11": {
        "train_accuracy": 97.31484651565552,
        "train_loss": 0.671396741116664,
        "train_IoU": 83.94073247909546,
        "train_epoch_time": 36.017427921295166,
        "val_accuracy": 98.23393821716309,
        "val_loss": 0.6861040984329424,
        "val_IoU": 79.69034910202026,
        "val_epoch_time": 3.2354354858398438
    },
    "12": {
        "train_accuracy": 97.43428826332092,
        "train_loss": 0.6707143166150706,
        "train_IoU": 84.35031771659851,
        "train_epoch_time": 36.020806550979614,
        "val_accuracy": 99.12431836128235,
        "val_loss": 0.6796551738914691,
        "val_IoU": 88.70177268981934,
        "val_epoch_time": 3.201765537261963
    },
    "13": {
        "train_accuracy": 97.27706909179688,
        "train_loss": 0.6709272493404219,
        "train_IoU": 83.7504506111145,
        "train_epoch_time": 36.1416232585907,
        "val_accuracy": 97.5502610206604,
        "val_loss": 0.6915616816595981,
        "val_IoU": 67.14858412742615,
        "val_epoch_time": 3.1754095554351807
    },
    "14": {
        "train_accuracy": 97.20061421394348,
        "train_loss": 0.6715234608289256,
        "train_IoU": 83.3220899105072,
        "train_epoch_time": 35.8017373085022,
        "val_accuracy": 97.77498245239258,
        "val_loss": 0.6891295266778844,
        "val_IoU": 69.43299770355225,
        "val_epoch_time": 3.1715941429138184
    },
    "15": {
        "train_accuracy": 97.16276526451111,
        "train_loss": 0.6721998787971136,
        "train_IoU": 83.26996564865112,
        "train_epoch_time": 35.80836820602417,
        "val_accuracy": 98.76680374145508,
        "val_loss": 0.681505300496754,
        "val_IoU": 84.71953868865967,
        "val_epoch_time": 3.169739246368408
    },
    "16": {
        "train_accuracy": 97.37504720687866,
        "train_loss": 0.6705703421892869,
        "train_IoU": 84.1072678565979,
        "train_epoch_time": 35.94845151901245,
        "val_accuracy": 98.92557859420776,
        "val_loss": 0.6785895667578045,
        "val_IoU": 86.88879013061523,
        "val_epoch_time": 3.256643295288086
    },
    "17": {
        "train_accuracy": 97.30281829833984,
        "train_loss": 0.6712230116247653,
        "train_IoU": 83.73987674713135,
        "train_epoch_time": 35.91885304450989,
        "val_accuracy": 96.32490277290344,
        "val_loss": 0.681675823111283,
        "val_IoU": 72.62315154075623,
        "val_epoch_time": 3.1293447017669678
    },
    "18": {
        "train_accuracy": 97.18983173370361,
        "train_loss": 0.6717538299313576,
        "train_IoU": 83.3105981349945,
        "train_epoch_time": 35.78018355369568,
        "val_accuracy": 99.12866950035095,
        "val_loss": 0.6767476059888538,
        "val_IoU": 89.46359157562256,
        "val_epoch_time": 3.135836601257324
    },
    "19": {
        "train_accuracy": 97.26606607437134,
        "train_loss": 0.6701528781438731,
        "train_IoU": 83.76092910766602,
        "train_epoch_time": 35.88279581069946,
        "val_accuracy": 99.14172887802124,
        "val_loss": 0.679914692514821,
        "val_IoU": 89.09024596214294,
        "val_epoch_time": 3.2007570266723633
    },
    "20": {
        "train_accuracy": 97.28581309318542,
        "train_loss": 0.6697466074233037,
        "train_IoU": 83.8536262512207,
        "train_epoch_time": 35.787442207336426,
        "val_accuracy": 98.01326394081116,
        "val_loss": 0.6894348451965733,
        "val_IoU": 72.57149815559387,
        "val_epoch_time": 3.22691011428833
    },
    "21": {
        "train_accuracy": 97.37240076065063,
        "train_loss": 0.6693803698893086,
        "train_IoU": 84.24130082130432,
        "train_epoch_time": 35.710697889328,
        "val_accuracy": 99.29928183555603,
        "val_loss": 0.678427024891502,
        "val_IoU": 90.71751832962036,
        "val_epoch_time": 3.145042896270752
    },
    "22": {
        "train_accuracy": 97.18925952911377,
        "train_loss": 0.668751505029154,
        "train_IoU": 83.55906009674072,