{
    "0": {
        "train_accuracy": 89.37949538230896,
        "train_loss": 0.6968572443699934,
        "train_IoU": 60.30927896499634,
        "train_epoch_time": 36.30043697357178,
        "val_accuracy": 97.35051989555359,
        "val_loss": 0.6876365009107088,
        "val_IoU": 72.71174788475037,
        "val_epoch_time": 3.9441916942596436
    },
    "1": {
        "train_accuracy": 94.60133910179138,
        "train_loss": 0.6784215020943447,
        "train_IoU": 72.30322360992432,
        "train_epoch_time": 35.68953037261963,
        "val_accuracy": 97.64200448989868,
        "val_loss": 0.6884028597881918,
        "val_IoU": 72.42295742034912,
        "val_epoch_time": 3.197514295578003
    },
    "2": {
        "train_accuracy": 94.61166858673096,
        "train_loss": 0.6793428768674687,
        "train_IoU": 72.12620377540588,
        "train_epoch_time": 35.93884515762329,
        "val_accuracy": 97.77182340621948,
        "val_loss": 0.6852545502938721,
        "val_IoU": 76.1616587638855,
        "val_epoch_time": 3.171220541000366
    },
    "3": {
        "train_accuracy": 95.24658918380737,
        "train_loss": 0.6770610600353709,
        "train_IoU": 74.64163303375244,
        "train_epoch_time": 35.95654535293579,
        "val_accuracy": 97.21218943595886,
        "val_loss": 0.6852540624769111,
        "val_IoU": 74.07025694847107,
        "val_epoch_time": 3.1783831119537354
    },
    "4": {
        "train_accuracy": 95.44144868850708,
        "train_loss": 0.6765470101063941,
        "train_IoU": 74.98819828033447,
        "train_epoch_time": 35.82709193229675,
        "val_accuracy": 97.9827880859375,
        "val_loss": 0.6829963451937625,
        "val_IoU": 77.12663412094116,
        "val_epoch_time": 3.1617178916931152
    },
    "5": {
        "train_accuracy": 95.71968913078308,
        "train_loss": 0.6740529494456559,
        "train_IoU": 76.35003924369812,
        "train_epoch_time": 35.84112572669983,
        "val_accuracy": 96.49873971939087,
        "val_loss": 0.6869112943348132,
        "val_IoU": 67.4057126045227,
        "val_epoch_time": 3.179008960723877
    },
    "6": {
        "train_accuracy": 95.88678479194641,
        "train_loss": 0.6729369792805245,
        "train_IoU": 77.12470293045044,
        "train_epoch_time": 35.891122579574585,
        "val_accuracy": 98.05546402931213,
        "val_loss": 0.6826713116545428,
        "val_IoU": 78.11481952667236,
        "val_epoch_time": 3.230187177658081
    },
    "7": {
        "train_accuracy": 96.08763456344604,
        "train_loss": 0.6718138591701763,
        "train_IoU": 77.68431901931763,
        "train_epoch_time": 35.80560326576233,
        "val_accuracy": 97.47549295425415,
        "val_loss": 0.6849659195071772,
        "val_IoU": 76.92348957061768,
        "val_epoch_time": 3.169264554977417
    },
    "8": {
        "train_accuracy": 96.01572155952454,
        "train_loss": 0.6721861079869519,
        "train_IoU": 77.49881148338318,
        "train_epoch_time": 35.850898027420044,
        "val_accuracy": 98.20947051048279,
        "val_loss": 0.680131115411457,
        "val_IoU": 80.30976057052612,
        "val_epoch_time": 3.212101459503174
    },
    "9": {
        "train_accuracy": 96.17457985877991,
        "train_loss": 0.6715824594535676,
        "train_IoU": 78.32021713256836,
        "train_epoch_time": 35.87379693984985,
        "val_accuracy": 98.10144305229187,
        "val_loss": 0.6835978799744657,
        "val_IoU": 79.72226142883301,
        "val_epoch_time": 3.186973810195923
    },
    "10": {
        "train_accuracy": 96.33945226669312,
        "train_loss": 0.6703386387502055,
        "train_IoU": 78.92932891845703,
        "train_epoch_time": 35.70045804977417,
        "val_accuracy": 98.02594184875488,
        "val_loss": 0.6834119730874113,
        "val_IoU": 76.5717089176178,
        "val_epoch_time": 3.1700384616851807
    },
    "11": {
        "train_accuracy": 96.4390218257904,
        "train_loss": 0.6689340251375483,
        "train_IoU": 79.5183539390564,
        "train_epoch_time": 35.81038689613342,
        "val_accuracy": 98.31818342208862,
        "val_loss": 0.6815618104056309,
        "val_IoU": 80.60320019721985,
        "val_epoch_time": 3.209839105606079
    },
    "12": {
        "train_accuracy": 96.60980701446533,
        "train_loss": 0.668490882413796,
        "train_IoU": 80.27174472808838,
        "train_epoch_time": 35.77531456947327,
        "val_accuracy": 97.94426560401917,
        "val_loss": 0.6810354747270284,
        "val_IoU": 79.28677797317505,
        "val_epoch_time": 3.161221504211426
    },
    "13": {
        "train_accuracy": 96.43569588661194,
        "train_loss": 0.6694208573535146,
        "train_IoU": 79.53118085861206,
        "train_epoch_time": 35.817471742630005,
        "val_accuracy": 72.28679656982422,
        "val_loss": 0.7398501744395809,
        "val_IoU": 40.994006395339966,
        "val_epoch_time": 3.177459955215454
    },
    "14": {
        "train_accuracy": 96.69073820114136,
        "train_loss": 0.6666996545525659,
        "train_IoU": 81.00829720497131,
        "train_epoch_time": 35.80468463897705,
        "val_accuracy": 97.32931852340698,
        "val_loss": 0.6873610239279897,
        "val_IoU": 75.23102760314941,
        "val_epoch_time": 3.138070821762085
    },
    "15": {
        "train_accuracy": 96.7045545578003,
        "train_loss": 0.6674401774349444,
        "train_IoU": 80.74015378952026,
        "train_epoch_time": 35.69455599784851,
        "val_accuracy": 98.2460081577301,
        "val_loss": 0.680414976258027,
        "val_IoU": 80.82951307296753,
        "val_epoch_time": 3.174334764480591
    },
    "16": {
        "train_accuracy": 96.93242907524109,
        "train_loss": 0.6654824690514831,
        "train_IoU": 81.99691772460938,
        "train_epoch_time": 35.756609201431274,
        "val_accuracy": 95.01257538795471,
        "val_loss": 0.6951309818970531,
        "val_IoU": 67.32168793678284,
        "val_epoch_time": 3.158022165298462
    },
    "17": {
        "train_accuracy": 97.01475501060486,
        "train_loss": 0.6651896176585163,
        "train_IoU": 82.47216939926147,
        "train_epoch_time": 35.79363775253296,
        "val_accuracy": 98.14497828483582,
        "val_loss": 0.6809533489377875,
        "val_IoU": 80.84993362426758,
        "val_epoch_time": 3.184027910232544
    },
    "18": {
        "train_accuracy": 97.28410840034485,
        "train_loss": 0.6636208269700585,
        "train_IoU": 83.89439582824707,
        "train_epoch_time": 35.736090660095215,
        "val_accuracy": 98.30734133720398,
        "val_loss": 0.6806818889944175,
        "val_IoU": 82.55392909049988,
        "val_epoch_time": 3.1502020359039307
    },
    "19": {
        "train_accuracy": 97.29792475700378,
        "train_loss": 0.6630829489563567,
        "train_IoU": 83.96131992340088,
        "train_epoch_time": 35.805200815200806,
        "val_accuracy": 98.48384261131287,
        "val_loss": 0.6789818594330235,
        "val_IoU": 83.37405920028687,
        "val_epoch_time": 3.14224910736084
    },
    "20": {
        "train_accuracy": 97.20548391342163,
        "train_loss": 0.6640606285091419,
        "train_IoU": 83.2770824432373,
        "train_epoch_time": 35.977242946624756,
        "val_accuracy": 98.55160117149353,
        "val_loss": 0.6785452805067362,
        "val_IoU": 83.72977375984192,
        "val_epoch_time": 3.1507210731506348
    },
    "21": {
        "train_accuracy": 97.17427492141724,
        "train_loss": 0.66369010181541,
        "train_IoU": 83.2634687423706,
        "train_epoch_time": 35.89770150184631,
        "val_accuracy": 98.72435331344604,
        "val_loss": 0.6770722960170945,
        "val_IoU": 85.20955443382263,
        "val_epoch_time": 3.1992974281311035
    },
    "22": {
        "train_accuracy": 97.52353429794312,
        "train_loss": 0.6602230893663203,