{
    "0": {
        "train_accuracy": 92.66875982284546,
        "train_loss": 0.6887113665158927,
        "train_IoU": 67.41559505462646,
        "train_epoch_time": 117.29964280128479,
        "val_accuracy": 98.50268363952637,
        "val_loss": 0.6830431146499435,
        "val_IoU": 82.53588676452637,
        "val_epoch_time": 7.654755592346191
    },
    "1": {
        "train_accuracy": 96.76305055618286,
        "train_loss": 0.6744439643162947,
        "train_IoU": 81.26591444015503,
        "train_epoch_time": 117.29600167274475,
        "val_accuracy": 92.79356002807617,
        "val_loss": 0.6873088616591233,
        "val_IoU": 61.15366816520691,
        "val_epoch_time": 7.6166887283325195
    },
    "2": {
        "train_accuracy": 96.65772914886475,
        "train_loss": 0.6747395270145858,
        "train_IoU": 80.77758550643921,
        "train_epoch_time": 117.02115249633789,
        "val_accuracy": 98.55899810791016,
        "val_loss": 0.6799464791249006,
        "val_IoU": 83.89391303062439,
        "val_epoch_time": 7.646044492721558
    },
    "3": {
        "train_accuracy": 97.09763526916504,
        "train_loss": 0.6713546890478869,
        "train_IoU": 83.02046656608582,
        "train_epoch_time": 117.4643075466156,
        "val_accuracy": 98.98170232772827,
        "val_loss": 0.6781895695588529,
        "val_IoU": 87.3073935508728,
        "val_epoch_time": 7.643291473388672
    },
    "4": {
        "train_accuracy": 97.23276495933533,
        "train_loss": 0.6680889842601918,
        "train_IoU": 83.5958480834961,
        "train_epoch_time": 117.55680465698242,
        "val_accuracy": 98.74144792556763,
        "val_loss": 0.6772794555395076,
        "val_IoU": 85.92183589935303,
        "val_epoch_time": 7.666323900222778
    },
    "5": {
        "train_accuracy": 97.33169078826904,
        "train_loss": 0.6677149467743361,
        "train_IoU": 84.10219550132751,
        "train_epoch_time": 117.29404139518738,
        "val_accuracy": 86.27859354019165,
        "val_loss": 0.6879120820607896,
        "val_IoU": 52.82989144325256,
        "val_epoch_time": 7.617471694946289
    },
    "6": {
        "train_accuracy": 97.28583097457886,
        "train_loss": 0.6679343757721093,
        "train_IoU": 83.87761116027832,
        "train_epoch_time": 117.4925754070282,
        "val_accuracy": 98.59579801559448,
        "val_loss": 0.6766089200973511,
        "val_IoU": 84.7460150718689,
        "val_epoch_time": 7.688624143600464
    },
    "7": {
        "train_accuracy": 97.26220965385437,
        "train_loss": 0.6676136273604172,
        "train_IoU": 83.741694688797,
        "train_epoch_time": 117.31442451477051,
        "val_accuracy": 95.08113861083984,
        "val_loss": 0.6799781796259758,
        "val_IoU": 68.29066276550293,
        "val_epoch_time": 7.614776611328125
    },
    "8": {
        "train_accuracy": 97.31477499008179,
        "train_loss": 0.6673851629862418,
        "train_IoU": 84.01881456375122,
        "train_epoch_time": 117.06764340400696,
        "val_accuracy": 96.36568427085876,
        "val_loss": 0.6796987836177532,
        "val_IoU": 71.44758105278015,
        "val_epoch_time": 7.599438190460205
    },
    "9": {
        "train_accuracy": 97.37703204154968,
        "train_loss": 0.6666314189250652,
        "train_IoU": 84.27942991256714,
        "train_epoch_time": 117.4401741027832,
        "val_accuracy": 88.50150108337402,
        "val_loss": 0.7160892471289023,
        "val_IoU": 55.950456857681274,
        "val_epoch_time": 7.648661136627197
    },
    "10": {
        "train_accuracy": 97.3685085773468,
        "train_loss": 0.667566667382534,
        "train_IoU": 84.28109884262085,
        "train_epoch_time": 117.50659775733948,
        "val_accuracy": 97.99628853797913,
        "val_loss": 0.6820750282360956,
        "val_IoU": 78.51308584213257,
        "val_epoch_time": 7.598090410232544
    },
    "11": {
        "train_accuracy": 97.11600542068481,
        "train_loss": 0.6688002402965839,
        "train_IoU": 83.05157423019409,
        "train_epoch_time": 117.28263783454895,
        "val_accuracy": 98.82453680038452,
        "val_loss": 0.6759745249381433,
        "val_IoU": 86.78529858589172,
        "val_epoch_time": 7.653275012969971
    },
    "12": {
        "train_accuracy": 97.26676344871521,
        "train_loss": 0.6674887524201322,
        "train_IoU": 83.83290767669678,
        "train_epoch_time": 117.35812282562256,
        "val_accuracy": 98.75948429107666,
        "val_loss": 0.6765972864933503,
        "val_IoU": 85.97248792648315,
        "val_epoch_time": 7.664215803146362
    },
    "13": {
        "train_accuracy": 97.41587042808533,
        "train_loss": 0.6670975393973861,
        "train_IoU": 84.4783067703247,
        "train_epoch_time": 117.42485356330872,
        "val_accuracy": 98.78765940666199,
        "val_loss": 0.6773457114513106,
        "val_IoU": 85.99696159362793,
        "val_epoch_time": 7.597086191177368
    },
    "14": {
        "train_accuracy": 97.37100601196289,
        "train_loss": 0.6674529350720921,
        "train_IoU": 84.23177599906921,
        "train_epoch_time": 117.18096852302551,
        "val_accuracy": 98.89244437217712,
        "val_loss": 0.6765031784008709,
        "val_IoU": 87.37860918045044,
        "val_epoch_time": 7.602832794189453
    },
    "15": {
        "train_accuracy": 97.5492537021637,
        "train_loss": 0.6658495435347925,
        "train_IoU": 85.11756658554077,
        "train_epoch_time": 117.39112758636475,
        "val_accuracy": 99.04212355613708,
        "val_loss": 0.6749218962131401,
        "val_IoU": 88.47107887268066,
        "val_epoch_time": 7.660326957702637
    },
    "16": {
        "train_accuracy": 97.79151678085327,
        "train_loss": 0.6643782099852193,
        "train_IoU": 86.4395022392273,
        "train_epoch_time": 117.39232993125916,
        "val_accuracy": 98.00790548324585,
        "val_loss": 0.6773906457118499,
        "val_IoU": 79.72619533538818,
        "val_epoch_time": 7.6241679191589355
    },
    "17": {
        "train_accuracy": 97.7939248085022,
        "train_loss": 0.6625236472258206,
        "train_IoU": 86.40875816345215,
        "train_epoch_time": 117.36370992660522,
        "val_accuracy": 93.09307932853699,
        "val_loss": 0.6890464241688068,
        "val_IoU": 61.8822455406189,
        "val_epoch_time": 7.630429029464722
    },
    "18": {
        "train_accuracy": 97.7587342262268,
        "train_loss": 0.663114463365995,
        "train_IoU": 86.24626398086548,
        "train_epoch_time": 117.52309393882751,
        "val_accuracy": 83.44568610191345,
        "val_loss": 0.7064143679080865,
        "val_IoU": 50.009870529174805,
        "val_epoch_time": 7.645896911621094
    },
    "19": {
        "train_accuracy": 97.7568507194519,
        "train_loss": 0.6633431407121518,
        "train_IoU": 86.16771101951599,
        "train_epoch_time": 117.21423959732056,
        "val_accuracy": 99.27501082420349,
        "val_loss": 0.6752815063183125,
        "val_IoU": 90.71608185768127,
        "val_epoch_time": 7.65479588508606
    },
    "20": {
        "train_accuracy": 97.91616201400757,
        "train_loss": 0.660958027151915,
        "train_IoU": 87.06772923469543,
        "train_epoch_time": 117.36344242095947,
        "val_accuracy": 98.99796843528748,
        "val_loss": 0.6745555018767331,
        "val_IoU": 88.23436498641968,
        "val_epoch_time": 7.6056578159332275
    },
    "21": {
        "train_accuracy": 97.93447256088257,
        "train_loss": 0.6616092514533263,
        "train_IoU": 87.13371753692627,
        "train_epoch_time": 117.32408428192139,
        "val_accuracy": 99.31982159614563,
        "val_loss": 0.6736272665170522,
        "val_IoU": 91.41974449157715,
        "val_epoch_time": 7.621377944946289
    },
    "22": {
        "train_accuracy": 98.05055856704712,
        "train_loss": 0.6600917403514566,