{
    "0": {
        "train_accuracy": 89.69714641571045,
        "train_loss": 0.6922947285267025,
        "train_IoU": 61.318784952163696,
        "train_epoch_time": 119.35919141769409,
        "val_accuracy": 82.8566312789917,
        "val_loss": 0.6936344687755293,
        "val_IoU": 48.69796335697174,
        "val_epoch_time": 14.628759860992432
    },
    "1": {
        "train_accuracy": 96.80861830711365,
        "train_loss": 0.6754150143036478,
        "train_IoU": 80.88515400886536,
        "train_epoch_time": 115.58624172210693,
        "val_accuracy": 98.4840989112854,
        "val_loss": 0.6853008759327426,
        "val_IoU": 78.70100140571594,
        "val_epoch_time": 7.564147472381592
    },
    "2": {
        "train_accuracy": 96.9839096069336,
        "train_loss": 0.6734672273580846,
        "train_IoU": 81.40738010406494,
        "train_epoch_time": 117.09539031982422,
        "val_accuracy": 97.76136875152588,
        "val_loss": 0.6792191480978942,
        "val_IoU": 78.10863852500916,
        "val_epoch_time": 7.631832838058472
    },
    "3": {
        "train_accuracy": 97.06887006759644,
        "train_loss": 0.6736349312158726,
        "train_IoU": 81.96682929992676,
        "train_epoch_time": 117.16145372390747,
        "val_accuracy": 98.8806962966919,
        "val_loss": 0.6811076616629577,
        "val_IoU": 85.40592193603516,
        "val_epoch_time": 7.6298911571502686
    },
    "4": {
        "train_accuracy": 97.15942740440369,
        "train_loss": 0.6707510842726776,
        "train_IoU": 82.45300650596619,
        "train_epoch_time": 117.18152904510498,
        "val_accuracy": 98.46569895744324,
        "val_loss": 0.6846875044015738,
        "val_IoU": 79.92361783981323,
        "val_epoch_time": 7.626876354217529
    },
    "5": {
        "train_accuracy": 97.15588688850403,
        "train_loss": 0.6704925624223846,
        "train_IoU": 82.49799013137817,
        "train_epoch_time": 117.42581558227539,
        "val_accuracy": 98.7670361995697,
        "val_loss": 0.680530940875029,
        "val_IoU": 84.92683172225952,
        "val_epoch_time": 7.606552839279175
    },
    "6": {
        "train_accuracy": 97.19477891921997,
        "train_loss": 0.6703678206755561,
        "train_IoU": 82.55177736282349,
        "train_epoch_time": 117.18329977989197,
        "val_accuracy": 98.64333868026733,
        "val_loss": 0.6781365657464051,
        "val_IoU": 84.27368402481079,
        "val_epoch_time": 7.673951625823975
    },
    "7": {
        "train_accuracy": 97.24602103233337,
        "train_loss": 0.6700373385961239,
        "train_IoU": 82.9522967338562,
        "train_epoch_time": 117.25722241401672,
        "val_accuracy": 83.08097720146179,
        "val_loss": 0.696962669873849,
        "val_IoU": 48.819053173065186,
        "val_epoch_time": 7.599177598953247
    },
    "8": {
        "train_accuracy": 97.22767472267151,
        "train_loss": 0.6692391617940017,
        "train_IoU": 82.90140628814697,
        "train_epoch_time": 117.30045485496521,
        "val_accuracy": 98.69718551635742,
        "val_loss": 0.6783893627998157,
        "val_IoU": 85.1991057395935,
        "val_epoch_time": 7.690479040145874
    },
    "9": {
        "train_accuracy": 97.32003211975098,
        "train_loss": 0.6697470882764232,
        "train_IoU": 83.29765796661377,
        "train_epoch_time": 117.44985365867615,
        "val_accuracy": 98.9960253238678,
        "val_loss": 0.6772623169116485,
        "val_IoU": 87.1974766254425,
        "val_epoch_time": 7.611763000488281
    },
    "10": {
        "train_accuracy": 97.58235216140747,
        "train_loss": 0.6672213123394892,
        "train_IoU": 84.56089496612549,
        "train_epoch_time": 117.17892622947693,
        "val_accuracy": 99.1432785987854,
        "val_loss": 0.6771763502023158,
        "val_IoU": 88.49907517433167,
        "val_epoch_time": 7.631459951400757
    },
    "11": {
        "train_accuracy": 97.65716195106506,
        "train_loss": 0.6662307546688959,
        "train_IoU": 84.96220707893372,
        "train_epoch_time": 117.39025115966797,
        "val_accuracy": 99.13970232009888,
        "val_loss": 0.677595994411371,
        "val_IoU": 88.50336074829102,
        "val_epoch_time": 7.641647100448608
    },
    "12": {
        "train_accuracy": 97.83899784088135,
        "train_loss": 0.6651848896191666,
        "train_IoU": 85.98939776420593,
        "train_epoch_time": 117.42518973350525,
        "val_accuracy": 99.15154576301575,
        "val_loss": 0.6770518284577591,
        "val_IoU": 88.84541988372803,
        "val_epoch_time": 7.658606767654419
    },
    "13": {
        "train_accuracy": 97.7994441986084,
        "train_loss": 0.6643761490400022,
        "train_IoU": 85.81131100654602,
        "train_epoch_time": 117.44244527816772,
        "val_accuracy": 98.97372126579285,
        "val_loss": 0.6761237856669304,
        "val_IoU": 87.37120628356934,
        "val_epoch_time": 7.643334150314331
    },
    "14": {
        "train_accuracy": 98.00173044204712,
        "train_loss": 0.6638701177560365,
        "train_IoU": 86.93501949310303,
        "train_epoch_time": 117.27268958091736,
        "val_accuracy": 97.1884548664093,
        "val_loss": 0.6782953112553328,
        "val_IoU": 75.21576881408691,
        "val_epoch_time": 7.618833541870117
    },
    "15": {
        "train_accuracy": 98.10822606086731,
        "train_loss": 0.6632598257981817,
        "train_IoU": 87.54191398620605,
        "train_epoch_time": 117.24122047424316,
        "val_accuracy": 99.14606809616089,
        "val_loss": 0.6764162014692257,
        "val_IoU": 88.79280686378479,
        "val_epoch_time": 7.629917860031128
    },
    "16": {
        "train_accuracy": 97.99391031265259,
        "train_loss": 0.6637876448722986,
        "train_IoU": 86.84297800064087,
        "train_epoch_time": 117.01124286651611,
        "val_accuracy": 99.02470111846924,
        "val_loss": 0.6764453985752203,
        "val_IoU": 87.60213851928711,
        "val_epoch_time": 7.656346082687378
    },
    "17": {
        "train_accuracy": 97.88195490837097,
        "train_loss": 0.6638513803482051,
        "train_IoU": 86.35067939758301,
        "train_epoch_time": 117.06663274765015,
        "val_accuracy": 99.18703436851501,
        "val_loss": 0.6761776881340221,
        "val_IoU": 89.25164341926575,
        "val_epoch_time": 7.650837421417236
    },
    "18": {
        "train_accuracy": 98.13851118087769,
        "train_loss": 0.6627593022126418,
        "train_IoU": 87.76392936706543,
        "train_epoch_time": 117.3759298324585,
        "val_accuracy": 99.20560121536255,
        "val_loss": 0.6769174047005483,
        "val_IoU": 89.29771780967712,
        "val_epoch_time": 7.650152206420898
    },
    "19": {
        "train_accuracy": 97.94959425926208,
        "train_loss": 0.6624674003857833,
        "train_IoU": 86.79673075675964,
        "train_epoch_time": 117.25936985015869,
        "val_accuracy": 99.05524849891663,
        "val_loss": 0.6797307714437826,
        "val_IoU": 86.93438768386841,
        "val_epoch_time": 7.614001274108887
    },
    "20": {
        "train_accuracy": 97.6041316986084,
        "train_loss": 0.6633820327428674,
        "train_IoU": 85.01578569412231,
        "train_epoch_time": 117.20794868469238,
        "val_accuracy": 99.21196699142456,
        "val_loss": 0.6757272527768063,
        "val_IoU": 89.54464793205261,
        "val_epoch_time": 7.607212781906128
    },
    "21": {
        "train_accuracy": 97.96895980834961,
        "train_loss": 0.6629351597565865,
        "train_IoU": 86.7807149887085,
        "train_epoch_time": 117.1423692703247,
        "val_accuracy": 99.1173505783081,
        "val_loss": 0.6767601798742245,
        "val_IoU": 88.60628604888916,
        "val_epoch_time": 7.59511399269104
    },
    "22": {
        "train_accuracy": 97.84200191497803,
        "train_loss": 0.6627781723554315,