{
    "0": {
        "train_accuracy": 77.605140209198,
        "train_loss": 0.7000519076218974,
        "train_IoU": 48.96917939186096,
        "train_epoch_time": 117.37709593772888,
        "val_accuracy": 97.71866798400879,
        "val_loss": 0.6817761369240589,
        "val_IoU": 78.3995270729065,
        "val_epoch_time": 7.589582204818726
    },
    "1": {
        "train_accuracy": 95.17792463302612,
        "train_loss": 0.6750987726908463,
        "train_IoU": 75.60955286026001,
        "train_epoch_time": 117.24630212783813,
        "val_accuracy": 98.26951026916504,
        "val_loss": 0.6785912742981545,
        "val_IoU": 81.74806833267212,
        "val_epoch_time": 7.6217873096466064
    },
    "2": {
        "train_accuracy": 95.62764167785645,
        "train_loss": 0.6732155554569684,
        "train_IoU": 77.00324058532715,
        "train_epoch_time": 117.24503779411316,
        "val_accuracy": 98.37648868560791,
        "val_loss": 0.6830566708858199,
        "val_IoU": 80.62983751296997,
        "val_epoch_time": 7.599500894546509
    },
    "3": {
        "train_accuracy": 95.98460793495178,
        "train_loss": 0.6720639352615067,
        "train_IoU": 78.19343209266663,
        "train_epoch_time": 117.36687707901001,
        "val_accuracy": 94.56855058670044,
        "val_loss": 0.6883667524044328,
        "val_IoU": 64.31992053985596,
        "val_epoch_time": 7.630232810974121
    },
    "4": {
        "train_accuracy": 95.90412378311157,
        "train_loss": 0.672175488105187,
        "train_IoU": 77.87999510765076,
        "train_epoch_time": 117.25252270698547,
        "val_accuracy": 98.1836199760437,
        "val_loss": 0.6858297662857251,
        "val_IoU": 77.21819281578064,
        "val_epoch_time": 7.599207878112793
    },
    "5": {
        "train_accuracy": 95.43305039405823,
        "train_loss": 0.6732016739936973,
        "train_IoU": 76.39555931091309,
        "train_epoch_time": 116.9040584564209,
        "val_accuracy": 98.32717776298523,
        "val_loss": 0.683402594847557,
        "val_IoU": 79.65715527534485,
        "val_epoch_time": 7.615194797515869
    },
    "6": {
        "train_accuracy": 95.81477642059326,
        "train_loss": 0.6723890024882097,
        "train_IoU": 77.56409645080566,
        "train_epoch_time": 117.01787972450256,
        "val_accuracy": 93.46819519996643,
        "val_loss": 0.6982114590131321,
        "val_IoU": 62.85578012466431,
        "val_epoch_time": 7.630021810531616
    },
    "7": {
        "train_accuracy": 95.97817063331604,
        "train_loss": 0.6717790016761196,
        "train_IoU": 78.18387746810913,
        "train_epoch_time": 117.23847460746765,
        "val_accuracy": 98.41036200523376,
        "val_loss": 0.6804957481530998,
        "val_IoU": 82.56756067276001,
        "val_epoch_time": 7.617169141769409
    },
    "8": {
        "train_accuracy": 96.32899761199951,
        "train_loss": 0.6696474879980092,
        "train_IoU": 79.27589416503906,
        "train_epoch_time": 117.46649765968323,
        "val_accuracy": 97.91339039802551,
        "val_loss": 0.6850972083898692,
        "val_IoU": 73.4872817993164,
        "val_epoch_time": 7.6325132846832275
    },
    "9": {
        "train_accuracy": 96.26693725585938,
        "train_loss": 0.6693421803987945,
        "train_IoU": 79.19648885726929,
        "train_epoch_time": 117.40290713310242,
        "val_accuracy": 94.52794790267944,
        "val_loss": 0.6847832783674582,
        "val_IoU": 65.32711982727051,
        "val_epoch_time": 7.633152961730957
    },
    "10": {
        "train_accuracy": 96.13525867462158,
        "train_loss": 0.670809322137099,
        "train_IoU": 78.78435850143433,
        "train_epoch_time": 117.27271890640259,
        "val_accuracy": 97.2680389881134,
        "val_loss": 0.6860551757690232,
        "val_IoU": 70.71652412414551,
        "val_epoch_time": 7.601645469665527
    },
    "11": {
        "train_accuracy": 96.10745310783386,
        "train_loss": 0.6703552512022162,
        "train_IoU": 78.45392227172852,
        "train_epoch_time": 116.89056754112244,
        "val_accuracy": 98.40287566184998,
        "val_loss": 0.680987408527961,
        "val_IoU": 82.06653594970703,
        "val_epoch_time": 7.620753049850464
    },
    "12": {
        "train_accuracy": 95.2349305152893,
        "train_loss": 0.6707382768392556,
        "train_IoU": 75.64752697944641,
        "train_epoch_time": 117.52087140083313,
        "val_accuracy": 93.06245446205139,
        "val_loss": 0.7065616372304083,
        "val_IoU": 62.25619912147522,
        "val_epoch_time": 7.847708225250244
    },
    "13": {
        "train_accuracy": 96.02413773536682,
        "train_loss": 0.6707017634923642,
        "train_IoU": 78.35651636123657,
        "train_epoch_time": 117.35807347297668,
        "val_accuracy": 98.72967600822449,
        "val_loss": 0.6773856373933645,
        "val_IoU": 85.17517447471619,
        "val_epoch_time": 7.602417469024658
    },
    "14": {
        "train_accuracy": 96.50877118110657,
        "train_loss": 0.6669316713626567,
        "train_IoU": 80.07817268371582,
        "train_epoch_time": 117.38364315032959,
        "val_accuracy": 98.4954297542572,
        "val_loss": 0.6802363777771975,
        "val_IoU": 81.44261837005615,
        "val_epoch_time": 7.655685186386108
    },
    "15": {
        "train_accuracy": 96.79141640663147,
        "train_loss": 0.6666426225350452,
        "train_IoU": 81.1111330986023,
        "train_epoch_time": 117.51507759094238,
        "val_accuracy": 98.64126443862915,
        "val_loss": 0.6772264165756029,
        "val_IoU": 83.9971661567688,
        "val_epoch_time": 7.609081506729126
    },
    "16": {
        "train_accuracy": 96.43308520317078,
        "train_loss": 0.6678386089893488,
        "train_IoU": 79.70736026763916,
        "train_epoch_time": 117.01239728927612,
        "val_accuracy": 97.67426252365112,
        "val_loss": 0.6838294023122544,
        "val_IoU": 78.14474701881409,
        "val_epoch_time": 7.601845026016235
    },
    "17": {
        "train_accuracy": 96.4922547340393,
        "train_loss": 0.6680246765796957,
        "train_IoU": 80.05399107933044,
        "train_epoch_time": 117.2981812953949,
        "val_accuracy": 97.66311049461365,
        "val_loss": 0.6869375017973092,
        "val_IoU": 77.59802341461182,
        "val_epoch_time": 7.661357402801514
    },
    "18": {
        "train_accuracy": 96.79956436157227,
        "train_loss": 0.6670928542430582,
        "train_IoU": 81.34934902191162,
        "train_epoch_time": 117.59676885604858,
        "val_accuracy": 98.00422787666321,
        "val_loss": 0.6844322773126456,
        "val_IoU": 79.27830219268799,
        "val_epoch_time": 7.662823915481567
    },
    "19": {
        "train_accuracy": 96.33705019950867,
        "train_loss": 0.6684474507203468,
        "train_IoU": 79.42032814025879,
        "train_epoch_time": 117.63882946968079,
        "val_accuracy": 98.33295941352844,
        "val_loss": 0.6816631433291315,
        "val_IoU": 82.4014663696289,
        "val_epoch_time": 7.6350061893463135
    },
    "20": {
        "train_accuracy": 96.60894274711609,
        "train_loss": 0.6677841596878492,
        "train_IoU": 80.41173815727234,
        "train_epoch_time": 117.43585467338562,
        "val_accuracy": 98.7838089466095,
        "val_loss": 0.6777229003417189,
        "val_IoU": 84.73485708236694,
        "val_epoch_time": 7.622465372085571
    },
    "21": {
        "train_accuracy": 96.31817936897278,
        "train_loss": 0.6670272682721803,
        "train_IoU": 79.32713031768799,
        "train_epoch_time": 117.38228249549866,
        "val_accuracy": 96.04222178459167,
        "val_loss": 0.6999641183095101,
        "val_IoU": 70.44499516487122,
        "val_epoch_time": 7.618561029434204
    },
    "22": {
        "train_accuracy": 96.97332978248596,
        "train_loss": 0.6661223883812246,