{
    "0": {
        "train_accuracy": 65.83278775215149,
        "train_loss": 0.7085990351299909,
        "train_IoU": 35.686203837394714,
        "train_epoch_time": 14.789695978164673,
        "val_accuracy": 96.85113430023193,
        "val_loss": 0.660999352733294,
        "val_IoU": 84.24293994903564,
        "val_epoch_time": 3.6326982975006104
    },
    "1": {
        "train_accuracy": 98.29497933387756,
        "train_loss": 0.6787943595139552,
        "train_IoU": 79.58500981330872,
        "train_epoch_time": 14.781554937362671,
        "val_accuracy": 97.82988429069519,
        "val_loss": 0.6478056848049164,
        "val_IoU": 89.50814008712769,
        "val_epoch_time": 3.6572227478027344
    },
    "2": {
        "train_accuracy": 98.9605963230133,
        "train_loss": 0.678017365378003,
        "train_IoU": 85.57921648025513,
        "train_epoch_time": 14.508606910705566,
        "val_accuracy": 97.99944758415222,
        "val_loss": 0.6433388849099476,
        "val_IoU": 90.14075994491577,
        "val_epoch_time": 3.6521644592285156
    },
    "3": {
        "train_accuracy": 98.85464906692505,
        "train_loss": 0.6787055033121924,
        "train_IoU": 84.64473485946655,
        "train_epoch_time": 14.673497915267944,
        "val_accuracy": 91.64535403251648,
        "val_loss": 0.6962977071603139,
        "val_IoU": 73.03192615509033,
        "val_epoch_time": 3.6709487438201904
    },
    "4": {
        "train_accuracy": 98.97489547729492,
        "train_loss": 0.6781394458556363,
        "train_IoU": 85.69008111953735,
        "train_epoch_time": 14.795758485794067,
        "val_accuracy": 97.83848524093628,
        "val_loss": 0.6492489407459896,
        "val_IoU": 89.37573432922363,
        "val_epoch_time": 3.6475720405578613
    },
    "5": {
        "train_accuracy": 98.98316860198975,
        "train_loss": 0.6791301318841386,
        "train_IoU": 85.72733402252197,
        "train_epoch_time": 14.813940048217773,
        "val_accuracy": 97.87378311157227,
        "val_loss": 0.6483780543009441,
        "val_IoU": 89.50822353363037,
        "val_epoch_time": 3.640005350112915
    },
    "6": {
        "train_accuracy": 99.01298880577087,
        "train_loss": 0.6774568622426469,
        "train_IoU": 86.26840114593506,
        "train_epoch_time": 14.65928316116333,
        "val_accuracy": 97.98475503921509,
        "val_loss": 0.6437174916267394,
        "val_IoU": 90.26000499725342,
        "val_epoch_time": 3.7548928260803223
    },
    "7": {
        "train_accuracy": 99.1872787475586,
        "train_loss": 0.6772336132766663,
        "train_IoU": 88.24461698532104,
        "train_epoch_time": 14.630779504776001,
        "val_accuracy": 97.95631170272827,
        "val_loss": 0.6442040135463079,
        "val_IoU": 90.26103615760803,
        "val_epoch_time": 3.6493608951568604
    },
    "8": {
        "train_accuracy": 99.20979142189026,
        "train_loss": 0.6771529940671699,
        "train_IoU": 88.52865695953369,
        "train_epoch_time": 14.700823307037354,
        "val_accuracy": 97.4987804889679,
        "val_loss": 0.6461680372556053,
        "val_IoU": 88.71694207191467,
        "val_epoch_time": 3.640246868133545
    },
    "9": {
        "train_accuracy": 99.50540661811829,
        "train_loss": 0.6769658294759056,
        "train_IoU": 92.18012690544128,
        "train_epoch_time": 14.773511409759521,
        "val_accuracy": 98.09503555297852,
        "val_loss": 0.6443635900815329,
        "val_IoU": 90.58554172515869,
        "val_epoch_time": 3.639941453933716
    },
    "10": {
        "train_accuracy": 99.31713342666626,
        "train_loss": 0.6767658762229507,
        "train_IoU": 89.81847167015076,
        "train_epoch_time": 14.723904609680176,
        "val_accuracy": 97.69231081008911,
        "val_loss": 0.6447605262200039,
        "val_IoU": 89.39473628997803,
        "val_epoch_time": 3.6276752948760986
    },
    "11": {
        "train_accuracy": 99.50374364852905,
        "train_loss": 0.6779457349185795,
        "train_IoU": 92.17299222946167,
        "train_epoch_time": 14.751430988311768,
        "val_accuracy": 91.33399724960327,
        "val_loss": 0.748395965496699,
        "val_IoU": 72.53881692886353,
        "val_epoch_time": 3.608928918838501
    },
    "12": {
        "train_accuracy": 99.3228554725647,
        "train_loss": 0.6777973577033648,
        "train_IoU": 89.68955278396606,
        "train_epoch_time": 14.562497854232788,
        "val_accuracy": 98.01437258720398,
        "val_loss": 0.6453031460444132,
        "val_IoU": 90.11298418045044,
        "val_epoch_time": 3.671219825744629
    },
    "13": {
        "train_accuracy": 99.27228689193726,
        "train_loss": 0.6781040212904758,
        "train_IoU": 89.25261497497559,
        "train_epoch_time": 14.690664052963257,
        "val_accuracy": 88.52865695953369,
        "val_loss": 0.743832125266393,
        "val_IoU": 67.47393608093262,
        "val_epoch_time": 3.7765533924102783
    },
    "14": {
        "train_accuracy": 99.26649928092957,
        "train_loss": 0.6778902406840361,
        "train_IoU": 88.95543813705444,
        "train_epoch_time": 14.743796825408936,
        "val_accuracy": 97.74709343910217,
        "val_loss": 0.6511115739742914,
        "val_IoU": 88.56801986694336,
        "val_epoch_time": 3.6320364475250244
    },
    "15": {
        "train_accuracy": 99.41364526748657,
        "train_loss": 0.6767887149670325,
        "train_IoU": 91.00818634033203,
        "train_epoch_time": 14.679255247116089,
        "val_accuracy": 98.0367124080658,
        "val_loss": 0.6433482100566229,
        "val_IoU": 90.57461023330688,
        "val_epoch_time": 3.6027579307556152
    },
    "16": {
        "train_accuracy": 99.46301579475403,
        "train_loss": 0.6767331749893898,
        "train_IoU": 91.66379570960999,
        "train_epoch_time": 14.729626417160034,
        "val_accuracy": 97.75177836418152,
        "val_loss": 0.64407745997111,
        "val_IoU": 89.58984613418579,
        "val_epoch_time": 3.641176700592041
    },
    "17": {
        "train_accuracy": 99.516761302948,
        "train_loss": 0.6767976284027098,
        "train_IoU": 92.35838055610657,
        "train_epoch_time": 14.666642427444458,
        "val_accuracy": 98.0459451675415,
        "val_loss": 0.6425943175951642,
        "val_IoU": 90.62923789024353,
        "val_epoch_time": 3.646916627883911
    },
    "18": {
        "train_accuracy": 99.32566285133362,
        "train_loss": 0.6767575588337211,
        "train_IoU": 89.94779586791992,
        "train_epoch_time": 14.705201864242554,
        "val_accuracy": 97.91777729988098,
        "val_loss": 0.644895502924919,
        "val_IoU": 90.12798070907593,
        "val_epoch_time": 3.676560878753662
    },
    "19": {
        "train_accuracy": 99.33832287788391,
        "train_loss": 0.6766742005828738,
        "train_IoU": 90.11093378067017,
        "train_epoch_time": 14.759056806564331,
        "val_accuracy": 97.84732460975647,
        "val_loss": 0.6428567787011464,
        "val_IoU": 89.90013003349304,
        "val_epoch_time": 3.6376781463623047
    },
    "20": {
        "train_accuracy": 99.01716113090515,
        "train_loss": 0.6785647929176803,
        "train_IoU": 86.26590967178345,
        "train_epoch_time": 14.625404119491577,
        "val_accuracy": 97.18324542045593,
        "val_loss": 0.6538929273684819,
        "val_IoU": 85.68394184112549,
        "val_epoch_time": 3.6600778102874756
    },
    "21": {
        "train_accuracy": 99.36838746070862,
        "train_loss": 0.6777555665304495,
        "train_IoU": 90.4677152633667,
        "train_epoch_time": 14.753176212310791,
        "val_accuracy": 92.71494746208191,
        "val_loss": 0.7259249786535898,
        "val_IoU": 75.41192770004272,
        "val_epoch_time": 3.6529288291931152
    },
    "22": {
        "train_accuracy": 98.90968203544617,
        "train_loss": 0.6784838761470117,