{
    "0": {
        "train_accuracy": 89.51250314712524,
        "train_loss": 0.7032281779503639,
        "train_IoU": 54.20985221862793,
        "train_epoch_time": 14.953596353530884,
        "val_accuracy": 94.91991400718689,
        "val_loss": 0.6600988318522771,
        "val_IoU": 77.88429260253906,
        "val_epoch_time": 3.6687071323394775
    },
    "1": {
        "train_accuracy": 98.73474836349487,
        "train_loss": 0.6799480891967005,
        "train_IoU": 83.03245306015015,
        "train_epoch_time": 14.706448554992676,
        "val_accuracy": 97.1299409866333,
        "val_loss": 0.6528737088044483,
        "val_IoU": 86.0772430896759,
        "val_epoch_time": 3.630089521408081
    },
    "2": {
        "train_accuracy": 98.87257814407349,
        "train_loss": 0.6789147613584531,
        "train_IoU": 84.55331325531006,
        "train_epoch_time": 14.731388807296753,
        "val_accuracy": 97.29845523834229,
        "val_loss": 0.6505149086316425,
        "val_IoU": 87.2934341430664,
        "val_epoch_time": 3.6355323791503906
    },
    "3": {
        "train_accuracy": 98.92212748527527,
        "train_loss": 0.6802963337232898,
        "train_IoU": 85.16868352890015,
        "train_epoch_time": 14.599487543106079,
        "val_accuracy": 96.84473872184753,
        "val_loss": 0.6584558029969535,
        "val_IoU": 84.4364881515503,
        "val_epoch_time": 3.687405824661255
    },
    "4": {
        "train_accuracy": 99.1198718547821,
        "train_loss": 0.6786416131396625,
        "train_IoU": 87.2341513633728,
        "train_epoch_time": 14.68686842918396,
        "val_accuracy": 97.1741259098053,
        "val_loss": 0.6499359885851543,
        "val_IoU": 86.99463605880737,
        "val_epoch_time": 3.659459114074707
    },
    "5": {
        "train_accuracy": 99.03610348701477,
        "train_loss": 0.6793269390283632,
        "train_IoU": 86.32030487060547,
        "train_epoch_time": 15.087323665618896,
        "val_accuracy": 97.3340630531311,
        "val_loss": 0.6498406648635863,
        "val_IoU": 87.44597434997559,
        "val_epoch_time": 3.635491371154785
    },
    "6": {
        "train_accuracy": 99.20251369476318,
        "train_loss": 0.678391575351242,
        "train_IoU": 88.27332258224487,
        "train_epoch_time": 14.808720827102661,
        "val_accuracy": 97.37855792045593,
        "val_loss": 0.6489845365285872,
        "val_IoU": 87.76893019676208,
        "val_epoch_time": 3.67775559425354
    },
    "7": {
        "train_accuracy": 98.88455271720886,
        "train_loss": 0.6802021158758057,
        "train_IoU": 84.7421646118164,
        "train_epoch_time": 14.651793718338013,
        "val_accuracy": 97.12054133415222,
        "val_loss": 0.653900686899821,
        "val_IoU": 85.93882322311401,
        "val_epoch_time": 3.6224520206451416
    },
    "8": {
        "train_accuracy": 99.09350872039795,
        "train_loss": 0.6782090603843217,
        "train_IoU": 87.09242343902588,
        "train_epoch_time": 14.644705533981323,
        "val_accuracy": 97.41220474243164,
        "val_loss": 0.6478772868712747,
        "val_IoU": 88.16896677017212,
        "val_epoch_time": 3.633955478668213
    },
    "9": {
        "train_accuracy": 99.37403202056885,
        "train_loss": 0.6776475301084591,
        "train_IoU": 90.49311876296997,
        "train_epoch_time": 14.760356903076172,
        "val_accuracy": 97.578364610672,
        "val_loss": 0.6469370086987815,
        "val_IoU": 88.78172039985657,
        "val_epoch_time": 3.619579792022705
    },
    "10": {
        "train_accuracy": 99.06551241874695,
        "train_loss": 0.6788738771926527,
        "train_IoU": 86.83192729949951,
        "train_epoch_time": 14.760002851486206,
        "val_accuracy": 97.37707376480103,
        "val_loss": 0.6512196838855743,
        "val_IoU": 87.67704963684082,
        "val_epoch_time": 3.6320745944976807
    },
    "11": {
        "train_accuracy": 99.05368685722351,
        "train_loss": 0.678155566832816,
        "train_IoU": 86.89367175102234,
        "train_epoch_time": 14.73564600944519,
        "val_accuracy": 96.97357416152954,
        "val_loss": 0.6542979319890341,
        "val_IoU": 85.62498092651367,
        "val_epoch_time": 3.669581174850464
    },
    "12": {
        "train_accuracy": 99.37119483947754,
        "train_loss": 0.6771909936453941,
        "train_IoU": 90.5702292919159,
        "train_epoch_time": 14.849596977233887,
        "val_accuracy": 97.6153552532196,
        "val_loss": 0.6471433679262795,
        "val_IoU": 88.89570832252502,
        "val_epoch_time": 4.002607583999634
    },
    "13": {
        "train_accuracy": 99.17064905166626,
        "train_loss": 0.6782464486683991,
        "train_IoU": 88.1841242313385,
        "train_epoch_time": 14.656914234161377,
        "val_accuracy": 97.3553717136383,
        "val_loss": 0.6501189221938454,
        "val_IoU": 87.38425970077515,
        "val_epoch_time": 3.663203001022339
    },
    "14": {
        "train_accuracy": 99.4953453540802,
        "train_loss": 0.6770116469656773,
        "train_IoU": 92.20326542854309,
        "train_epoch_time": 14.801584720611572,
        "val_accuracy": 97.56402969360352,
        "val_loss": 0.6477254192034402,
        "val_IoU": 88.85475993156433,
        "val_epoch_time": 3.6151010990142822
    },
    "15": {
        "train_accuracy": 99.36379194259644,
        "train_loss": 0.6769501719363902,
        "train_IoU": 90.54300785064697,
        "train_epoch_time": 14.6485915184021,
        "val_accuracy": 97.56026268005371,
        "val_loss": 0.6492757499217987,
        "val_IoU": 88.76932859420776,
        "val_epoch_time": 3.642609119415283
    },
    "16": {
        "train_accuracy": 99.32606220245361,
        "train_loss": 0.6769041918044867,
        "train_IoU": 90.08222818374634,
        "train_epoch_time": 14.705558061599731,
        "val_accuracy": 97.66889810562134,
        "val_loss": 0.6477152615785599,
        "val_IoU": 89.11121487617493,
        "val_epoch_time": 3.672905921936035
    },
    "17": {
        "train_accuracy": 99.370276927948,
        "train_loss": 0.6767393105713899,
        "train_IoU": 90.66478610038757,
        "train_epoch_time": 14.59561800956726,
        "val_accuracy": 97.40347266197205,
        "val_loss": 0.6497217108805974,
        "val_IoU": 88.31859827041626,
        "val_epoch_time": 3.6767756938934326
    },
    "18": {
        "train_accuracy": 99.24010634422302,
        "train_loss": 0.6773137330084811,
        "train_IoU": 89.12719488143921,
        "train_epoch_time": 14.627339363098145,
        "val_accuracy": 96.03055119514465,
        "val_loss": 0.6794626226027808,
        "val_IoU": 84.1056764125824,
        "val_epoch_time": 3.6407480239868164
    },
    "19": {
        "train_accuracy": 99.35334920883179,
        "train_loss": 0.6775784007338588,
        "train_IoU": 90.31479954719543,
        "train_epoch_time": 14.662473440170288,
        "val_accuracy": 97.65080213546753,
        "val_loss": 0.6481490910053255,
        "val_IoU": 89.00613784790039,
        "val_epoch_time": 3.6225745677948
    },
    "20": {
        "train_accuracy": 99.53670501708984,
        "train_loss": 0.676614533099093,
        "train_IoU": 92.78343319892883,
        "train_epoch_time": 14.773381233215332,
        "val_accuracy": 97.55173325538635,
        "val_loss": 0.6500186492999394,
        "val_IoU": 88.76454830169678,
        "val_epoch_time": 3.650491714477539
    },
    "21": {
        "train_accuracy": 99.45604205131531,
        "train_loss": 0.6766876878664475,
        "train_IoU": 91.73765778541565,
        "train_epoch_time": 14.68366551399231,
        "val_accuracy": 97.46401309967041,
        "val_loss": 0.6507302383581798,
        "val_IoU": 88.55211734771729,
        "val_epoch_time": 3.6686835289001465
    },
    "22": {
        "train_accuracy": 99.49142932891846,
        "train_loss": 0.676694476327231,