{
    "0": {
        "train_accuracy": 90.81937670707703,
        "train_loss": 0.6921771469042285,
        "train_IoU": 56.32696747779846,
        "train_epoch_time": 14.781983852386475,
        "val_accuracy": 97.64218926429749,
        "val_loss": 0.6516816824674606,
        "val_IoU": 88.76622915267944,
        "val_epoch_time": 3.6459336280822754
    },
    "1": {
        "train_accuracy": 98.37207198143005,
        "train_loss": 0.6791932776916862,
        "train_IoU": 80.56020736694336,
        "train_epoch_time": 14.598354578018188,
        "val_accuracy": 98.03112745285034,
        "val_loss": 0.6513972858587901,
        "val_IoU": 90.33896923065186,
        "val_epoch_time": 3.6207690238952637
    },
    "2": {
        "train_accuracy": 99.32341575622559,
        "train_loss": 0.6785219704457955,
        "train_IoU": 89.8330807685852,
        "train_epoch_time": 14.714381217956543,
        "val_accuracy": 98.36856126785278,
        "val_loss": 0.6504958798487984,
        "val_IoU": 91.72354340553284,
        "val_epoch_time": 3.656111717224121
    },
    "3": {
        "train_accuracy": 99.22130107879639,
        "train_loss": 0.6783405223558118,
        "train_IoU": 88.63973617553711,
        "train_epoch_time": 14.64162564277649,
        "val_accuracy": 98.20210933685303,
        "val_loss": 0.6470732579628626,
        "val_IoU": 91.19808673858643,
        "val_epoch_time": 3.687236785888672
    },
    "4": {
        "train_accuracy": 99.11271333694458,
        "train_loss": 0.6788160796313321,
        "train_IoU": 87.42690086364746,
        "train_epoch_time": 14.718544960021973,
        "val_accuracy": 97.85909056663513,
        "val_loss": 0.6559404770533243,
        "val_IoU": 88.79311680793762,
        "val_epoch_time": 3.680058240890503
    },
    "5": {
        "train_accuracy": 99.28423762321472,
        "train_loss": 0.6784295578335611,
        "train_IoU": 89.35582637786865,
        "train_epoch_time": 14.605461835861206,
        "val_accuracy": 98.14804792404175,
        "val_loss": 0.6452092677354815,
        "val_IoU": 90.99231958389282,
        "val_epoch_time": 3.595867395401001
    },
    "6": {
        "train_accuracy": 99.15958642959595,
        "train_loss": 0.6782893769500793,
        "train_IoU": 87.93336153030396,
        "train_epoch_time": 14.561946868896484,
        "val_accuracy": 98.24473261833191,
        "val_loss": 0.6464819202820459,
        "val_IoU": 91.41407608985901,
        "val_epoch_time": 3.7554831504821777
    },
    "7": {
        "train_accuracy": 99.08915758132935,
        "train_loss": 0.6783550520275917,
        "train_IoU": 87.17634677886963,
        "train_epoch_time": 14.546321868896484,
        "val_accuracy": 98.21385145187378,
        "val_loss": 0.6446263959010442,
        "val_IoU": 91.314697265625,
        "val_epoch_time": 3.635187864303589
    },
    "8": {
        "train_accuracy": 99.27656650543213,
        "train_loss": 0.6783683323120884,
        "train_IoU": 89.2804503440857,
        "train_epoch_time": 14.669602394104004,
        "val_accuracy": 98.32499027252197,
        "val_loss": 0.6468771209319435,
        "val_IoU": 91.71462059020996,
        "val_epoch_time": 3.6278235912323
    },
    "9": {
        "train_accuracy": 99.1613507270813,
        "train_loss": 0.6782870080119884,
        "train_IoU": 87.96205520629883,
        "train_epoch_time": 14.70364236831665,
        "val_accuracy": 98.38610291481018,
        "val_loss": 0.6509293605883917,
        "val_IoU": 91.78714752197266,
        "val_epoch_time": 3.631000518798828
    },
    "10": {
        "train_accuracy": 99.4534432888031,
        "train_loss": 0.6780716444170751,
        "train_IoU": 91.49104356765747,
        "train_epoch_time": 14.614407300949097,
        "val_accuracy": 98.10522198677063,
        "val_loss": 0.6442574948072436,
        "val_IoU": 90.90279340744019,
        "val_epoch_time": 3.661935567855835
    },
    "11": {
        "train_accuracy": 99.4249939918518,
        "train_loss": 0.6781229057977367,
        "train_IoU": 91.12193584442139,
        "train_epoch_time": 14.559409618377686,
        "val_accuracy": 98.42541217803955,
        "val_loss": 0.6465338100989659,
        "val_IoU": 92.07005500793457,
        "val_epoch_time": 3.628700017929077
    },
    "12": {
        "train_accuracy": 99.17201399803162,
        "train_loss": 0.6779611923897911,
        "train_IoU": 88.10575008392334,
        "train_epoch_time": 14.614707946777344,
        "val_accuracy": 98.20433855056763,
        "val_loss": 0.6449418812990187,
        "val_IoU": 91.26603603363037,
        "val_epoch_time": 3.6408863067626953
    },
    "13": {
        "train_accuracy": 99.44450259208679,
        "train_loss": 0.6779313212217288,
        "train_IoU": 91.38765335083008,
        "train_epoch_time": 14.61614727973938,
        "val_accuracy": 98.33476543426514,
        "val_loss": 0.6450304468472798,
        "val_IoU": 91.77842140197754,
        "val_epoch_time": 3.6065917015075684
    },
    "14": {
        "train_accuracy": 99.54559803009033,
        "train_loss": 0.6778429409330207,
        "train_IoU": 92.73635149002075,
        "train_epoch_time": 14.67619013786316,
        "val_accuracy": 98.38998317718506,
        "val_loss": 0.6457478016614914,
        "val_IoU": 91.96365475654602,
        "val_epoch_time": 3.6362223625183105
    },
    "15": {
        "train_accuracy": 99.48471784591675,
        "train_loss": 0.6779356529546339,
        "train_IoU": 91.90444946289062,
        "train_epoch_time": 14.631351709365845,
        "val_accuracy": 98.42514991760254,
        "val_loss": 0.6442411025365193,
        "val_IoU": 92.08920001983643,
        "val_epoch_time": 3.626988172531128
    },
    "16": {
        "train_accuracy": 99.42492246627808,
        "train_loss": 0.6777767959491223,
        "train_IoU": 91.13063216209412,
        "train_epoch_time": 14.606603622436523,
        "val_accuracy": 97.86949753761292,
        "val_loss": 0.6446627070506414,
        "val_IoU": 89.99528884887695,
        "val_epoch_time": 3.6085469722747803
    },
    "17": {
        "train_accuracy": 99.59051012992859,
        "train_loss": 0.6777400891910231,
        "train_IoU": 93.3582603931427,
        "train_epoch_time": 14.641435861587524,
        "val_accuracy": 98.35448265075684,
        "val_loss": 0.6499360541502636,
        "val_IoU": 91.57289266586304,
        "val_epoch_time": 3.631382703781128
    },
    "18": {
        "train_accuracy": 99.45924282073975,
        "train_loss": 0.6777524130288944,
        "train_IoU": 91.59406423568726,
        "train_epoch_time": 14.610555171966553,
        "val_accuracy": 98.39114546775818,
        "val_loss": 0.6466121137142183,
        "val_IoU": 91.96687936782837,
        "val_epoch_time": 3.613365650177002
    },
    "19": {
        "train_accuracy": 98.93984198570251,
        "train_loss": 0.6787156910859338,
        "train_IoU": 85.5933427810669,
        "train_epoch_time": 14.60094165802002,
        "val_accuracy": 97.3481297492981,
        "val_loss": 0.6477649668852488,
        "val_IoU": 87.86259889602661,
        "val_epoch_time": 3.642470121383667
    },
    "20": {
        "train_accuracy": 99.54355359077454,
        "train_loss": 0.6777356890744939,
        "train_IoU": 92.71230697631836,
        "train_epoch_time": 14.63728141784668,
        "val_accuracy": 98.3850359916687,
        "val_loss": 0.6436450193325677,
        "val_IoU": 91.99206829071045,
        "val_epoch_time": 3.6300323009490967
    },
    "21": {
        "train_accuracy": 99.26201105117798,
        "train_loss": 0.6792554929274919,
        "train_IoU": 88.93024921417236,
        "train_epoch_time": 14.883835315704346,
        "val_accuracy": 98.3371376991272,
        "val_loss": 0.6454945504665375,
        "val_IoU": 91.73218011856079,
        "val_epoch_time": 3.66513991355896
    },
    "22": {
        "train_accuracy": 99.42541122436523,
        "train_loss": 0.6777342382327528,