{
    "0": {
        "train_accuracy": 65.74606895446777,
        "train_loss": 0.706802084002384,
        "train_IoU": 35.43226420879364,
        "train_epoch_time": 15.063605308532715,
        "val_accuracy": 97.34994769096375,
        "val_loss": 0.6592313388983408,
        "val_IoU": 86.63089275360107,
        "val_epoch_time": 3.6489667892456055
    },
    "1": {
        "train_accuracy": 98.20502996444702,
        "train_loss": 0.6805570966513581,
        "train_IoU": 77.93807983398438,
        "train_epoch_time": 14.588557243347168,
        "val_accuracy": 97.64016270637512,
        "val_loss": 0.6531108260154722,
        "val_IoU": 87.96143531799316,
        "val_epoch_time": 3.6210741996765137
    },
    "2": {
        "train_accuracy": 98.76841306686401,
        "train_loss": 0.6796142699182495,
        "train_IoU": 82.66419768333435,
        "train_epoch_time": 14.718184232711792,
        "val_accuracy": 97.61903285980225,
        "val_loss": 0.6548718641201654,
        "val_IoU": 87.44676113128662,
        "val_epoch_time": 3.5896854400634766
    },
    "3": {
        "train_accuracy": 99.15581345558167,
        "train_loss": 0.6794613364130951,
        "train_IoU": 86.76314353942871,
        "train_epoch_time": 14.829253911972046,
        "val_accuracy": 97.78454303741455,
        "val_loss": 0.6502396851778028,
        "val_IoU": 88.46632242202759,
        "val_epoch_time": 3.607375383377075
    },
    "4": {
        "train_accuracy": 98.83657693862915,
        "train_loss": 0.6791917889617207,
        "train_IoU": 83.37657451629639,
        "train_epoch_time": 14.831703901290894,
        "val_accuracy": 97.73269891738892,
        "val_loss": 0.6515206297238669,
        "val_IoU": 88.18453550338745,
        "val_epoch_time": 3.6325809955596924
    },
    "5": {
        "train_accuracy": 99.39852356910706,
        "train_loss": 0.6789021589035211,
        "train_IoU": 89.90691304206848,
        "train_epoch_time": 14.69579815864563,
        "val_accuracy": 97.12240695953369,
        "val_loss": 0.653378469745318,
        "val_IoU": 86.49007678031921,
        "val_epoch_time": 3.6128463745117188
    },
    "6": {
        "train_accuracy": 98.74323010444641,
        "train_loss": 0.6793782738752144,
        "train_IoU": 82.4281096458435,
        "train_epoch_time": 14.593100309371948,
        "val_accuracy": 97.63542413711548,
        "val_loss": 0.6543789158264796,
        "val_IoU": 87.30722665786743,
        "val_epoch_time": 3.64019775390625
    },
    "7": {
        "train_accuracy": 98.42149615287781,
        "train_loss": 0.68109567544257,
        "train_IoU": 79.3587863445282,
        "train_epoch_time": 14.658100843429565,
        "val_accuracy": 97.58256673812866,
        "val_loss": 0.6503734141588211,
        "val_IoU": 87.86407709121704,
        "val_epoch_time": 3.659339189529419
    },
    "8": {
        "train_accuracy": 99.06245470046997,
        "train_loss": 0.679227974525718,
        "train_IoU": 85.76598167419434,
        "train_epoch_time": 14.688367128372192,
        "val_accuracy": 93.20993423461914,
        "val_loss": 0.6874899437030154,
        "val_IoU": 62.261760234832764,
        "val_epoch_time": 3.6076483726501465
    },
    "9": {
        "train_accuracy": 99.2601752281189,
        "train_loss": 0.6789619238801707,
        "train_IoU": 88.05713653564453,
        "train_epoch_time": 14.72935676574707,
        "val_accuracy": 97.70949482917786,
        "val_loss": 0.6503216435511907,
        "val_IoU": 88.3570671081543,
        "val_epoch_time": 3.6508030891418457
    },
    "10": {
        "train_accuracy": 99.16366934776306,
        "train_loss": 0.6789749994758487,
        "train_IoU": 86.93217039108276,
        "train_epoch_time": 14.64251184463501,
        "val_accuracy": 97.76855707168579,
        "val_loss": 0.6516174306472142,
        "val_IoU": 88.27703595161438,
        "val_epoch_time": 3.6454885005950928
    },
    "11": {
        "train_accuracy": 98.7667977809906,
        "train_loss": 0.6793755574743876,
        "train_IoU": 82.66343474388123,
        "train_epoch_time": 14.726543188095093,
        "val_accuracy": 97.69825339317322,
        "val_loss": 0.6521482447783155,
        "val_IoU": 88.06790113449097,
        "val_epoch_time": 3.687016725540161
    },
    "12": {
        "train_accuracy": 99.05966520309448,
        "train_loss": 0.6791006696316623,
        "train_IoU": 85.73428392410278,
        "train_epoch_time": 14.614992380142212,
        "val_accuracy": 97.69208431243896,
        "val_loss": 0.6526661346356076,
        "val_IoU": 87.63638734817505,
        "val_epoch_time": 3.6129143238067627
    },
    "13": {
        "train_accuracy": 99.03746843338013,
        "train_loss": 0.6790378893068594,
        "train_IoU": 85.51430702209473,
        "train_epoch_time": 14.716318607330322,
        "val_accuracy": 93.47466230392456,
        "val_loss": 0.6584611942370732,
        "val_IoU": 73.38716983795166,
        "val_epoch_time": 3.644944429397583
    },
    "14": {
        "train_accuracy": 99.188232421875,
        "train_loss": 0.6790067645930501,
        "train_IoU": 87.21066117286682,
        "train_epoch_time": 14.768470048904419,
        "val_accuracy": 97.7620005607605,
        "val_loss": 0.6514845311641694,
        "val_IoU": 88.13998699188232,
        "val_epoch_time": 3.6402766704559326
    },
    "15": {
        "train_accuracy": 99.11729097366333,
        "train_loss": 0.6789167287737826,
        "train_IoU": 86.38014793395996,
        "train_epoch_time": 14.782378435134888,
        "val_accuracy": 97.67287373542786,
        "val_loss": 0.6490352948506671,
        "val_IoU": 88.23167681694031,
        "val_epoch_time": 3.6686363220214844
    },
    "16": {
        "train_accuracy": 99.29291009902954,
        "train_loss": 0.6788479440896088,
        "train_IoU": 88.5282814502716,
        "train_epoch_time": 14.793051719665527,
        "val_accuracy": 97.78558611869812,
        "val_loss": 0.6490277071793875,
        "val_IoU": 88.43168020248413,
        "val_epoch_time": 3.629307508468628
    },
    "17": {
        "train_accuracy": 99.25142526626587,
        "train_loss": 0.678950796293658,
        "train_IoU": 87.96210885047913,
        "train_epoch_time": 14.737277746200562,
        "val_accuracy": 97.83361554145813,
        "val_loss": 0.6490654408931732,
        "val_IoU": 88.88189792633057,
        "val_epoch_time": 3.641601324081421
    },
    "18": {
        "train_accuracy": 99.41669702529907,
        "train_loss": 0.6785441937372667,
        "train_IoU": 90.23368954658508,
        "train_epoch_time": 14.725781679153442,
        "val_accuracy": 97.85414934158325,
        "val_loss": 0.6499335636695226,
        "val_IoU": 88.73938322067261,
        "val_epoch_time": 3.628079652786255
    },
    "19": {
        "train_accuracy": 99.34805035591125,
        "train_loss": 0.6785673577656118,
        "train_IoU": 89.33290243148804,
        "train_epoch_time": 14.750522375106812,
        "val_accuracy": 97.74855971336365,
        "val_loss": 0.6490675489107763,
        "val_IoU": 88.57232332229614,
        "val_epoch_time": 3.632448434829712
    },
    "20": {
        "train_accuracy": 99.34257864952087,
        "train_loss": 0.678671982861304,
        "train_IoU": 89.24667835235596,
        "train_epoch_time": 14.676968574523926,
        "val_accuracy": 97.80837297439575,
        "val_loss": 0.6511069814364114,
        "val_IoU": 88.45866918563843,
        "val_epoch_time": 3.587273359298706
    },
    "21": {
        "train_accuracy": 99.3772029876709,
        "train_loss": 0.6786862607150111,
        "train_IoU": 89.68591690063477,
        "train_epoch_time": 14.632527589797974,
        "val_accuracy": 97.30359315872192,
        "val_loss": 0.652360678712527,
        "val_IoU": 87.1617078781128,
        "val_epoch_time": 3.6395349502563477
    },
    "22": {
        "train_accuracy": 99.30864572525024,
        "train_loss": 0.6795772212420326,