{
    "0": {
        "train_accuracy": 91.82741641998291,
        "train_loss": 0.7223825611809429,
        "train_IoU": 57.462817430496216,
        "train_epoch_time": 14.825267553329468,
        "val_accuracy": 96.83815240859985,
        "val_loss": 0.6627274066209795,
        "val_IoU": 83.03923606872559,
        "val_epoch_time": 3.697408437728882
    },
    "1": {
        "train_accuracy": 98.7703263759613,
        "train_loss": 0.6792123872180318,
        "train_IoU": 83.17528963088989,
        "train_epoch_time": 14.687663793563843,
        "val_accuracy": 97.89721965789795,
        "val_loss": 0.6507427831490835,
        "val_IoU": 88.96645903587341,
        "val_epoch_time": 3.63342547416687
    },
    "2": {
        "train_accuracy": 98.96316528320312,
        "train_loss": 0.6784487431363545,
        "train_IoU": 85.17405986785889,
        "train_epoch_time": 14.569613456726074,
        "val_accuracy": 98.02747964859009,
        "val_loss": 0.647198486328125,
        "val_IoU": 89.77572917938232,
        "val_epoch_time": 3.671168565750122
    },
    "3": {
        "train_accuracy": 99.08661246299744,
        "train_loss": 0.6801470957061116,
        "train_IoU": 86.40522956848145,
        "train_epoch_time": 14.718719244003296,
        "val_accuracy": 97.75024652481079,
        "val_loss": 0.6515261431535087,
        "val_IoU": 88.18439245223999,
        "val_epoch_time": 3.617636203765869
    },
    "4": {
        "train_accuracy": 99.34380054473877,
        "train_loss": 0.678039597910504,
        "train_IoU": 89.58906531333923,
        "train_epoch_time": 14.74569582939148,
        "val_accuracy": 98.1210470199585,
        "val_loss": 0.6463623285293576,
        "val_IoU": 90.1568055152893,
        "val_epoch_time": 3.6742708683013916
    },
    "5": {
        "train_accuracy": 99.3636965751648,
        "train_loss": 0.6778653365697045,
        "train_IoU": 89.87138271331787,
        "train_epoch_time": 14.757410049438477,
        "val_accuracy": 98.1600284576416,
        "val_loss": 0.645625522732735,
        "val_IoU": 90.41929841041565,
        "val_epoch_time": 3.643126964569092
    },
    "6": {
        "train_accuracy": 99.37812089920044,
        "train_loss": 0.6777095129323557,
        "train_IoU": 90.09877443313599,
        "train_epoch_time": 14.851585865020752,
        "val_accuracy": 98.22975993156433,
        "val_loss": 0.6449889600276949,
        "val_IoU": 90.84192514419556,
        "val_epoch_time": 3.6877331733703613
    },
    "7": {
        "train_accuracy": 99.40781593322754,
        "train_loss": 0.677647855392722,
        "train_IoU": 90.48339128494263,
        "train_epoch_time": 14.621501684188843,
        "val_accuracy": 98.2265293598175,
        "val_loss": 0.6457395354906716,
        "val_IoU": 90.79359769821167,
        "val_epoch_time": 3.675121784210205
    },
    "8": {
        "train_accuracy": 99.42706823348999,
        "train_loss": 0.6776206863018893,
        "train_IoU": 90.75263738632202,
        "train_epoch_time": 14.658600807189941,
        "val_accuracy": 98.25262427330017,
        "val_loss": 0.6445009768009184,
        "val_IoU": 90.96294641494751,
        "val_epoch_time": 3.642770767211914
    },
    "9": {
        "train_accuracy": 99.3252694606781,
        "train_loss": 0.6778065626935441,
        "train_IoU": 89.38831090927124,
        "train_epoch_time": 14.827558755874634,
        "val_accuracy": 98.20159077644348,
        "val_loss": 0.643758697311083,
        "val_IoU": 90.95416069030762,
        "val_epoch_time": 3.9012932777404785
    },
    "10": {
        "train_accuracy": 99.46103692054749,
        "train_loss": 0.6774456380873687,
        "train_IoU": 91.21274948120117,
        "train_epoch_time": 14.763726949691772,
        "val_accuracy": 98.1923520565033,
        "val_loss": 0.6459065258502963,
        "val_IoU": 90.6625747680664,
        "val_epoch_time": 3.6353323459625244
    },
    "11": {
        "train_accuracy": 99.49228167533875,
        "train_loss": 0.6773679376572602,
        "train_IoU": 91.654372215271,
        "train_epoch_time": 14.721754550933838,
        "val_accuracy": 98.23983311653137,
        "val_loss": 0.64510422150294,
        "val_IoU": 90.84949493408203,
        "val_epoch_time": 3.6182358264923096
    },
    "12": {
        "train_accuracy": 99.4952917098999,
        "train_loss": 0.6774836039358333,
        "train_IoU": 91.68623685836792,
        "train_epoch_time": 14.742459535598755,
        "val_accuracy": 98.18432927131653,
        "val_loss": 0.6457455585400261,
        "val_IoU": 90.58057069778442,
        "val_epoch_time": 3.616266965866089
    },
    "13": {
        "train_accuracy": 99.48579668998718,
        "train_loss": 0.6774688862090886,
        "train_IoU": 91.54360890388489,
        "train_epoch_time": 14.767321825027466,
        "val_accuracy": 98.20462465286255,
        "val_loss": 0.6445645560820898,
        "val_IoU": 90.80199599266052,
        "val_epoch_time": 3.6487042903900146
    },
    "14": {
        "train_accuracy": 99.18951392173767,
        "train_loss": 0.6796401323274125,
        "train_IoU": 87.64557242393494,
        "train_epoch_time": 14.683831691741943,
        "val_accuracy": 97.82620668411255,
        "val_loss": 0.6510871122280759,
        "val_IoU": 88.45351934432983,
        "val_epoch_time": 3.6743545532226562
    },
    "15": {
        "train_accuracy": 99.53315258026123,
        "train_loss": 0.6774725992550223,
        "train_IoU": 92.22218990325928,
        "train_epoch_time": 14.749402523040771,
        "val_accuracy": 98.28469753265381,
        "val_loss": 0.6436664571364719,
        "val_IoU": 91.14931225776672,
        "val_epoch_time": 3.6237919330596924
    },
    "16": {
        "train_accuracy": 99.45829510688782,
        "train_loss": 0.6790060211521715,
        "train_IoU": 91.18252992630005,
        "train_epoch_time": 14.657254934310913,
        "val_accuracy": 96.82878255844116,
        "val_loss": 0.651222480336825,
        "val_IoU": 85.8729362487793,
        "val_epoch_time": 3.661639928817749
    },
    "17": {
        "train_accuracy": 99.06491041183472,
        "train_loss": 0.6803041017332743,
        "train_IoU": 86.10970973968506,
        "train_epoch_time": 14.652564525604248,
        "val_accuracy": 97.5063681602478,
        "val_loss": 0.6462865859270096,
        "val_IoU": 87.94959783554077,
        "val_epoch_time": 3.617326498031616
    },
    "18": {
        "train_accuracy": 99.44004416465759,
        "train_loss": 0.6776559671690298,
        "train_IoU": 90.86312055587769,
        "train_epoch_time": 14.656026601791382,
        "val_accuracy": 98.25658798217773,
        "val_loss": 0.6434802621603012,
        "val_IoU": 91.06321334838867,
        "val_epoch_time": 3.6608314514160156
    },
    "19": {
        "train_accuracy": 99.21380281448364,
        "train_loss": 0.6791460001191427,
        "train_IoU": 88.05088996887207,
        "train_epoch_time": 14.673547744750977,
        "val_accuracy": 96.16944193840027,
        "val_loss": 0.6657780408859252,
        "val_IoU": 79.21907901763916,
        "val_epoch_time": 3.660845994949341
    },
    "20": {
        "train_accuracy": 99.54286813735962,
        "train_loss": 0.677364889965501,
        "train_IoU": 92.38510131835938,
        "train_epoch_time": 14.767456531524658,
        "val_accuracy": 98.26449155807495,
        "val_loss": 0.6431500126918156,
        "val_IoU": 91.11667275428772,
        "val_epoch_time": 3.64585542678833
    },
    "21": {
        "train_accuracy": 99.49532747268677,
        "train_loss": 0.6773349591927933,
        "train_IoU": 91.72039031982422,
        "train_epoch_time": 14.626514434814453,
        "val_accuracy": 98.31957221031189,
        "val_loss": 0.6423692166805268,
        "val_IoU": 91.3962721824646,
        "val_epoch_time": 3.6144187450408936
    },
    "22": {
        "train_accuracy": 99.45817589759827,
        "train_loss": 0.6770760569461558,