{
    "0": {
        "train_accuracy": 93.1030809879303,
        "train_loss": 0.6830333095707303,
        "train_IoU": 68.60870718955994,
        "train_epoch_time": 15.430732488632202,
        "val_accuracy": 99.14019703865051,
        "val_loss": 0.6773111298680304,
        "val_IoU": 90.00333547592163,
        "val_epoch_time": 2.5642175674438477
    },
    "1": {
        "train_accuracy": 98.78274202346802,
        "train_loss": 0.6709683455833018,
        "train_IoU": 90.93855619430542,
        "train_epoch_time": 14.47804880142212,
        "val_accuracy": 99.43660497665405,
        "val_loss": 0.6781943053007128,
        "val_IoU": 92.90367364883423,
        "val_epoch_time": 2.273347854614258
    },
    "2": {
        "train_accuracy": 98.99407029151917,
        "train_loss": 0.669854407032875,
        "train_IoU": 92.34530329704285,
        "train_epoch_time": 14.37107539176941,
        "val_accuracy": 99.44409132003784,
        "val_loss": 0.6775735795497894,
        "val_IoU": 92.9653525352478,
        "val_epoch_time": 2.2537736892700195
    },
    "3": {
        "train_accuracy": 99.07905459403992,
        "train_loss": 0.6690012473766119,
        "train_IoU": 92.91863441467285,
        "train_epoch_time": 14.52067756652832,
        "val_accuracy": 99.08612966537476,
        "val_loss": 0.6772813275456431,
        "val_IoU": 89.3694519996643,
        "val_epoch_time": 2.2579257488250732
    },
    "4": {
        "train_accuracy": 99.08463954925537,
        "train_loss": 0.6687277416660358,
        "train_IoU": 92.96153783798218,
        "train_epoch_time": 14.453994035720825,
        "val_accuracy": 99.11519289016724,
        "val_loss": 0.6775698885321617,
        "val_IoU": 89.68115448951721,
        "val_epoch_time": 2.291184425354004
    },
    "5": {
        "train_accuracy": 99.06021356582642,
        "train_loss": 0.6692419819635888,
        "train_IoU": 92.78502464294434,
        "train_epoch_time": 14.524286270141602,
        "val_accuracy": 99.4877278804779,
        "val_loss": 0.6765332117676734,
        "val_IoU": 93.5052752494812,
        "val_epoch_time": 2.2820889949798584
    },
    "6": {
        "train_accuracy": 99.03239607810974,
        "train_loss": 0.6682321568057958,
        "train_IoU": 92.60557889938354,
        "train_epoch_time": 14.439666748046875,
        "val_accuracy": 99.52415823936462,
        "val_loss": 0.6766647309064865,
        "val_IoU": 93.92212629318237,
        "val_epoch_time": 2.2890937328338623
    },
    "7": {
        "train_accuracy": 99.0817666053772,
        "train_loss": 0.6674089856343728,
        "train_IoU": 92.951899766922,
        "train_epoch_time": 14.35918641090393,
        "val_accuracy": 98.18956255912781,
        "val_loss": 0.6766560629010201,
        "val_IoU": 82.37301707267761,
        "val_epoch_time": 2.2875893115997314
    },
    "8": {
        "train_accuracy": 99.12106394767761,
        "train_loss": 0.6672410136216306,
        "train_IoU": 93.21650862693787,
        "train_epoch_time": 14.533669710159302,
        "val_accuracy": 99.51788783073425,
        "val_loss": 0.6764263242483138,
        "val_IoU": 93.87271404266357,
        "val_epoch_time": 2.2830617427825928
    },
    "9": {
        "train_accuracy": 98.97867441177368,
        "train_loss": 0.6674508464662995,
        "train_IoU": 92.26543307304382,
        "train_epoch_time": 14.38314962387085,
        "val_accuracy": 99.51627254486084,
        "val_loss": 0.6759892761707307,
        "val_IoU": 93.81462335586548,
        "val_epoch_time": 2.2885687351226807
    },
    "10": {
        "train_accuracy": 99.09084439277649,
        "train_loss": 0.6672897420517387,
        "train_IoU": 93.01172494888306,
        "train_epoch_time": 14.512640237808228,
        "val_accuracy": 99.53427314758301,
        "val_loss": 0.6780344918370246,
        "val_IoU": 93.96364688873291,
        "val_epoch_time": 2.3294172286987305
    },
    "11": {
        "train_accuracy": 98.99404048919678,
        "train_loss": 0.666743859036328,
        "train_IoU": 92.37343072891235,
        "train_epoch_time": 14.478342056274414,
        "val_accuracy": 99.32650923728943,
        "val_loss": 0.6748324438929559,
        "val_IoU": 91.82769656181335,
        "val_epoch_time": 2.294743299484253
    },
    "12": {
        "train_accuracy": 99.02419447898865,
        "train_loss": 0.6667563527414243,
        "train_IoU": 92.5707757472992,
        "train_epoch_time": 14.419639110565186,
        "val_accuracy": 99.54686760902405,
        "val_loss": 0.6765538871288299,
        "val_IoU": 94.11089420318604,
        "val_epoch_time": 2.3255369663238525
    },
    "13": {
        "train_accuracy": 98.9868700504303,
        "train_loss": 0.666045128074411,
        "train_IoU": 92.32401847839355,
        "train_epoch_time": 14.359344244003296,
        "val_accuracy": 99.51791167259216,
        "val_loss": 0.6748267501592636,
        "val_IoU": 93.85119080543518,
        "val_epoch_time": 2.2426130771636963
    },
    "14": {
        "train_accuracy": 98.9184021949768,
        "train_loss": 0.6661570704963105,
        "train_IoU": 91.87870025634766,
        "train_epoch_time": 14.539597749710083,
        "val_accuracy": 99.4595468044281,
        "val_loss": 0.6746659815311431,
        "val_IoU": 93.26536655426025,
        "val_epoch_time": 2.2600626945495605
    },
    "15": {
        "train_accuracy": 98.98644089698792,
        "train_loss": 0.6660953388638695,
        "train_IoU": 92.32728481292725,
        "train_epoch_time": 14.430309295654297,
        "val_accuracy": 99.26398992538452,
        "val_loss": 0.6753003925085069,
        "val_IoU": 91.16596579551697,
        "val_epoch_time": 2.257915496826172
    },
    "16": {
        "train_accuracy": 98.69639277458191,
        "train_loss": 0.6661338001897884,
        "train_IoU": 90.48079252243042,
        "train_epoch_time": 14.354501008987427,
        "val_accuracy": 92.87451505661011,
        "val_loss": 0.6766336321830749,
        "val_IoU": 63.127243518829346,
        "val_epoch_time": 2.2559547424316406
    },
    "17": {
        "train_accuracy": 98.78957867622375,
        "train_loss": 0.6661426694425818,
        "train_IoU": 91.06448888778687,
        "train_epoch_time": 14.3167085647583,
        "val_accuracy": 99.49954748153687,
        "val_loss": 0.6754421889781952,
        "val_IoU": 93.68670582771301,
        "val_epoch_time": 2.2429139614105225
    },
    "18": {
        "train_accuracy": 98.76854419708252,
        "train_loss": 0.666276305913925,
        "train_IoU": 90.93388319015503,
        "train_epoch_time": 14.530884742736816,
        "val_accuracy": 99.327152967453,
        "val_loss": 0.6753542006015777,
        "val_IoU": 91.79917573928833,
        "val_epoch_time": 2.248429536819458
    },
    "19": {
        "train_accuracy": 98.78731369972229,
        "train_loss": 0.6659842480535375,
        "train_IoU": 91.04960560798645,
        "train_epoch_time": 14.28782057762146,
        "val_accuracy": 99.57242012023926,
        "val_loss": 0.6756797730922699,
        "val_IoU": 94.42867636680603,
        "val_epoch_time": 2.2695419788360596
    },
    "20": {
        "train_accuracy": 98.6218810081482,
        "train_loss": 0.6656331852690816,
        "train_IoU": 90.03779888153076,
        "train_epoch_time": 14.486793279647827,
        "val_accuracy": 99.43568110466003,
        "val_loss": 0.6753115177154542,
        "val_IoU": 93.02268028259277,
        "val_epoch_time": 2.2768144607543945
    },
    "21": {
        "train_accuracy": 98.58905076980591,
        "train_loss": 0.6654858532017225,
        "train_IoU": 89.84768390655518,
        "train_epoch_time": 14.398202180862427,
        "val_accuracy": 99.55042004585266,
        "val_loss": 0.6755251720547676,
        "val_IoU": 94.19389963150024,
        "val_epoch_time": 2.310434103012085
    },
    "22": {
        "train_accuracy": 99.02287125587463,
        "train_loss": 0.665496256253491,