{
    "0": {
        "train_accuracy": 93.67281794548035,
        "train_loss": 0.6886374680963283,
        "train_IoU": 70.1104998588562,
        "train_epoch_time": 49.30383491516113,
        "val_accuracy": 99.13576245307922,
        "val_loss": 0.6884238138794899,
        "val_IoU": 89.51029777526855,
        "val_epoch_time": 24.155285835266113
    },
    "1": {
        "train_accuracy": 98.56976270675659,
        "train_loss": 0.6852203374856138,
        "train_IoU": 89.33737277984619,
        "train_epoch_time": 14.310332536697388,
        "val_accuracy": 99.09743666648865,
        "val_loss": 0.6871708735823631,
        "val_IoU": 89.19792175292969,
        "val_epoch_time": 2.261680841445923
    },
    "2": {
        "train_accuracy": 98.4417200088501,
        "train_loss": 0.685201925774143,
        "train_IoU": 88.5810375213623,
        "train_epoch_time": 14.301093101501465,
        "val_accuracy": 99.28027391433716,
        "val_loss": 0.6872840151190758,
        "val_IoU": 90.96073508262634,
        "val_epoch_time": 2.244446277618408
    },
    "3": {
        "train_accuracy": 97.24515080451965,
        "train_loss": 0.6837102893280657,
        "train_IoU": 82.47464895248413,
        "train_epoch_time": 14.180998086929321,
        "val_accuracy": 99.33129549026489,
        "val_loss": 0.6866370052099228,
        "val_IoU": 91.56621098518372,
        "val_epoch_time": 2.2552831172943115
    },
    "4": {
        "train_accuracy": 95.26203274726868,
        "train_loss": 0.682538777181547,
        "train_IoU": 75.0889778137207,
        "train_epoch_time": 14.30574655532837,
        "val_accuracy": 99.18732047080994,
        "val_loss": 0.6856218382716178,
        "val_IoU": 90.07126092910767,
        "val_epoch_time": 2.2818398475646973
    },
    "5": {
        "train_accuracy": 97.63125777244568,
        "train_loss": 0.6824495437210557,
        "train_IoU": 84.30438041687012,
        "train_epoch_time": 14.213084697723389,
        "val_accuracy": 99.2561399936676,
        "val_loss": 0.6850012972950936,
        "val_IoU": 90.89280366897583,
        "val_epoch_time": 2.2640578746795654
    },
    "6": {
        "train_accuracy": 97.1488893032074,
        "train_loss": 0.6824440494792102,
        "train_IoU": 82.06193447113037,
        "train_epoch_time": 14.374070644378662,
        "val_accuracy": 99.19677376747131,
        "val_loss": 0.686233711242676,
        "val_IoU": 90.16467928886414,
        "val_epoch_time": 2.2897934913635254
    },
    "7": {
        "train_accuracy": 97.28208780288696,
        "train_loss": 0.6824116621115439,
        "train_IoU": 82.68104791641235,
        "train_epoch_time": 14.314645528793335,
        "val_accuracy": 99.29803013801575,
        "val_loss": 0.685332255065441,
        "val_IoU": 91.23657941818237,
        "val_epoch_time": 2.250361442565918
    },
    "8": {
        "train_accuracy": 96.71448469161987,
        "train_loss": 0.6824118172469201,
        "train_IoU": 80.2350640296936,
        "train_epoch_time": 14.375110149383545,
        "val_accuracy": 99.19173121452332,
        "val_loss": 0.6857278704643249,
        "val_IoU": 90.16034007072449,
        "val_epoch_time": 2.2882919311523438
    },
    "9": {
        "train_accuracy": 95.79129219055176,
        "train_loss": 0.6825310583800486,
        "train_IoU": 76.80470943450928,
        "train_epoch_time": 14.280945062637329,
        "val_accuracy": 99.23728108406067,
        "val_loss": 0.6845430940389633,
        "val_IoU": 90.74045419692993,
        "val_epoch_time": 2.2410764694213867
    },
    "10": {
        "train_accuracy": 97.29447960853577,
        "train_loss": 0.6824526586761211,
        "train_IoU": 82.72366523742676,
        "train_epoch_time": 14.342785358428955,
        "val_accuracy": 99.32563900947571,
        "val_loss": 0.6851374268531799,
        "val_IoU": 91.49360060691833,
        "val_epoch_time": 2.236517906188965
    },
    "11": {
        "train_accuracy": 96.76833152770996,
        "train_loss": 0.682520567554317,
        "train_IoU": 80.44259548187256,
        "train_epoch_time": 14.274627923965454,
        "val_accuracy": 99.36660528182983,
        "val_loss": 0.6856426522135736,
        "val_IoU": 91.89331531524658,
        "val_epoch_time": 2.2810778617858887
    },
    "12": {
        "train_accuracy": 97.36499786376953,
        "train_loss": 0.68129441468683,
        "train_IoU": 83.07152986526489,
        "train_epoch_time": 14.287588119506836,
        "val_accuracy": 99.40658807754517,
        "val_loss": 0.6850099176168442,
        "val_IoU": 92.34317541122437,
        "val_epoch_time": 2.257476329803467
    },
    "13": {
        "train_accuracy": 96.43255472183228,
        "train_loss": 0.680169085117236,
        "train_IoU": 79.19037938117981,
        "train_epoch_time": 14.321775674819946,
        "val_accuracy": 99.37790036201477,
        "val_loss": 0.6841304123401641,
        "val_IoU": 92.050302028656,
        "val_epoch_time": 2.4860315322875977
    },
    "14": {
        "train_accuracy": 97.01020121574402,
        "train_loss": 0.6800603764514402,
        "train_IoU": 81.56237602233887,
        "train_epoch_time": 14.160312414169312,
        "val_accuracy": 99.29702877998352,
        "val_loss": 0.6841134324669838,
        "val_IoU": 91.2713885307312,
        "val_epoch_time": 2.2679965496063232
    },
    "15": {
        "train_accuracy": 96.18926644325256,
        "train_loss": 0.6801695288860637,
        "train_IoU": 78.28892469406128,
        "train_epoch_time": 14.421080827713013,
        "val_accuracy": 99.48512315750122,
        "val_loss": 0.6851488023996354,
        "val_IoU": 93.13172101974487,
        "val_epoch_time": 2.251063823699951
    },
    "16": {
        "train_accuracy": 98.21428656578064,
        "train_loss": 0.6789350309600567,
        "train_IoU": 87.41341829299927,
        "train_epoch_time": 14.464222431182861,
        "val_accuracy": 99.49690699577332,
        "val_loss": 0.6849654674530028,
        "val_IoU": 93.28423738479614,
        "val_epoch_time": 2.2625720500946045
    },
    "17": {
        "train_accuracy": 95.8662748336792,
        "train_loss": 0.6780268823447294,
        "train_IoU": 77.21514701843262,
        "train_epoch_time": 14.377930879592896,
        "val_accuracy": 99.48413968086243,
        "val_loss": 0.6828955903649332,
        "val_IoU": 93.29730272293091,
        "val_epoch_time": 2.258758783340454
    },
    "18": {
        "train_accuracy": 98.99195432662964,
        "train_loss": 0.6768604100567019,
        "train_IoU": 92.18013286590576,
        "train_epoch_time": 14.351049423217773,
        "val_accuracy": 99.49697256088257,
        "val_loss": 0.6833239600062371,
        "val_IoU": 93.26608180999756,
        "val_epoch_time": 2.303189516067505
    },
    "19": {
        "train_accuracy": 97.33476638793945,
        "train_loss": 0.6769147817402671,
        "train_IoU": 83.06981325149536,
        "train_epoch_time": 14.272231817245483,
        "val_accuracy": 99.322110414505,
        "val_loss": 0.682058496773243,
        "val_IoU": 91.63075685501099,
        "val_epoch_time": 2.2995059490203857
    },
    "20": {
        "train_accuracy": 97.0923900604248,
        "train_loss": 0.6770404099601595,
        "train_IoU": 82.0016860961914,
        "train_epoch_time": 14.20103645324707,
        "val_accuracy": 99.49272871017456,
        "val_loss": 0.6822698578238487,
        "val_IoU": 93.30179691314697,
        "val_epoch_time": 2.27694034576416
    },
    "21": {
        "train_accuracy": 97.96866178512573,
        "train_loss": 0.6761283454013198,
        "train_IoU": 86.15697622299194,
        "train_epoch_time": 14.294384241104126,
        "val_accuracy": 99.56576824188232,
        "val_loss": 0.6812392190098764,
        "val_IoU": 94.25678253173828,
        "val_epoch_time": 2.242732524871826
    },
    "22": {
        "train_accuracy": 98.23554754257202,
        "train_loss": 0.6749935288951824,