{
    "0": {
        "train_accuracy": 88.89492154121399,
        "train_loss": 0.6799784298628978,
        "train_IoU": 60.355883836746216,
        "train_epoch_time": 15.150728464126587,
        "val_accuracy": 99.1646409034729,
        "val_loss": 0.6749641239643097,
        "val_IoU": 90.04443883895874,
        "val_epoch_time": 2.586318016052246
    },
    "1": {
        "train_accuracy": 98.71236085891724,
        "train_loss": 0.6660337999258958,
        "train_IoU": 90.41091799736023,
        "train_epoch_time": 14.482977390289307,
        "val_accuracy": 98.91360998153687,
        "val_loss": 0.6746511429548264,
        "val_IoU": 87.93354034423828,
        "val_epoch_time": 2.2762069702148438
    },
    "2": {
        "train_accuracy": 98.71909618377686,
        "train_loss": 0.665855435475911,
        "train_IoU": 90.45161008834839,
        "train_epoch_time": 14.445863008499146,
        "val_accuracy": 99.25280809402466,
        "val_loss": 0.6769509240984916,
        "val_IoU": 90.56013822555542,
        "val_epoch_time": 2.2547202110290527
    },
    "3": {
        "train_accuracy": 98.83004426956177,
        "train_loss": 0.6648365744989213,
        "train_IoU": 91.2238359451294,
        "train_epoch_time": 14.363998889923096,
        "val_accuracy": 99.34974312782288,
        "val_loss": 0.6745032563805579,
        "val_IoU": 91.91275238990784,
        "val_epoch_time": 2.2978897094726562
    },
    "4": {
        "train_accuracy": 98.9585816860199,
        "train_loss": 0.6641525634347576,
        "train_IoU": 92.12007522583008,
        "train_epoch_time": 14.335010290145874,
        "val_accuracy": 99.10200238227844,
        "val_loss": 0.6745870724320411,
        "val_IoU": 89.53535556793213,
        "val_epoch_time": 2.2847671508789062
    },
    "5": {
        "train_accuracy": 98.94036650657654,
        "train_loss": 0.6641328792049461,
        "train_IoU": 91.98755621910095,
        "train_epoch_time": 14.251183032989502,
        "val_accuracy": 99.06344413757324,
        "val_loss": 0.6746098026633262,
        "val_IoU": 89.28836584091187,
        "val_epoch_time": 2.25713849067688
    },
    "6": {
        "train_accuracy": 98.95129203796387,
        "train_loss": 0.6641986859987864,
        "train_IoU": 92.05410480499268,
        "train_epoch_time": 14.386483192443848,
        "val_accuracy": 98.92924427986145,
        "val_loss": 0.6744884699583055,
        "val_IoU": 87.9340410232544,
        "val_epoch_time": 2.2488911151885986
    },
    "7": {
        "train_accuracy": 98.92958998680115,
        "train_loss": 0.6645352864918644,
        "train_IoU": 91.8948769569397,
        "train_epoch_time": 14.427393674850464,
        "val_accuracy": 99.32520389556885,
        "val_loss": 0.6742759421467781,
        "val_IoU": 91.7007327079773,
        "val_epoch_time": 2.308457851409912
    },
    "8": {
        "train_accuracy": 98.91586899757385,
        "train_loss": 0.664230079683539,
        "train_IoU": 91.81456565856934,
        "train_epoch_time": 14.390037059783936,
        "val_accuracy": 99.24635887145996,
        "val_loss": 0.6746234208345413,
        "val_IoU": 90.75040817260742,
        "val_epoch_time": 2.2358813285827637
    },
    "9": {
        "train_accuracy": 98.94357919692993,
        "train_loss": 0.6640981607241173,
        "train_IoU": 92.00260639190674,
        "train_epoch_time": 14.493019342422485,
        "val_accuracy": 99.32321310043335,
        "val_loss": 0.6751698225736618,
        "val_IoU": 91.6172981262207,
        "val_epoch_time": 2.241084337234497
    },
    "10": {
        "train_accuracy": 98.96209836006165,
        "train_loss": 0.6640025140487983,
        "train_IoU": 92.13312864303589,
        "train_epoch_time": 14.417958736419678,
        "val_accuracy": 99.2799162864685,
        "val_loss": 0.67427861392498,
        "val_IoU": 91.29221439361572,
        "val_epoch_time": 2.302633047103882
    },
    "11": {
        "train_accuracy": 98.92523288726807,
        "train_loss": 0.6642773143232684,
        "train_IoU": 91.87191724777222,
        "train_epoch_time": 14.35323190689087,
        "val_accuracy": 99.35358166694641,
        "val_loss": 0.6745624750852586,
        "val_IoU": 92.03868508338928,
        "val_epoch_time": 2.2761788368225098
    },
    "12": {
        "train_accuracy": 99.02657270431519,
        "train_loss": 0.6633036430567912,
        "train_IoU": 92.59222149848938,
        "train_epoch_time": 14.453574419021606,
        "val_accuracy": 99.45765733718872,
        "val_loss": 0.6745502427220345,
        "val_IoU": 93.05206537246704,
        "val_epoch_time": 2.271860361099243
    },
    "13": {
        "train_accuracy": 99.05927181243896,
        "train_loss": 0.6628337106476089,
        "train_IoU": 92.83464550971985,
        "train_epoch_time": 14.401426076889038,
        "val_accuracy": 99.39680099487305,
        "val_loss": 0.6739164382219313,
        "val_IoU": 92.50496625900269,
        "val_epoch_time": 2.2515385150909424
    },
    "14": {
        "train_accuracy": 99.0816593170166,
        "train_loss": 0.6625531830199778,
        "train_IoU": 92.99038648605347,
        "train_epoch_time": 14.306408643722534,
        "val_accuracy": 99.29816126823425,
        "val_loss": 0.6741128057241439,
        "val_IoU": 91.51827692985535,
        "val_epoch_time": 2.2947998046875
    },
    "15": {
        "train_accuracy": 99.11425113677979,
        "train_loss": 0.6624892880655314,
        "train_IoU": 93.22444200515747,
        "train_epoch_time": 14.398048400878906,
        "val_accuracy": 99.44276213645935,
        "val_loss": 0.6736044943332672,
        "val_IoU": 93.01670789718628,
        "val_epoch_time": 2.2863929271698
    },
    "16": {
        "train_accuracy": 99.11687970161438,
        "train_loss": 0.6624166389850722,
        "train_IoU": 93.24239492416382,
        "train_epoch_time": 14.435019254684448,
        "val_accuracy": 99.45465922355652,
        "val_loss": 0.6735369160771371,
        "val_IoU": 93.03210973739624,
        "val_epoch_time": 2.2605655193328857
    },
    "17": {
        "train_accuracy": 99.10269379615784,
        "train_loss": 0.6625410722543119,
        "train_IoU": 93.13678741455078,
        "train_epoch_time": 14.296215772628784,
        "val_accuracy": 99.47063326835632,
        "val_loss": 0.6739325806498527,
        "val_IoU": 93.32410097122192,
        "val_epoch_time": 2.2747247219085693
    },
    "18": {
        "train_accuracy": 99.16162490844727,
        "train_loss": 0.6617762005492434,
        "train_IoU": 93.57151985168457,
        "train_epoch_time": 14.475764036178589,
        "val_accuracy": 99.49644804000854,
        "val_loss": 0.6749418228864671,
        "val_IoU": 93.47529411315918,
        "val_epoch_time": 2.2596325874328613
    },
    "19": {
        "train_accuracy": 99.21611547470093,
        "train_loss": 0.6615800379890288,
        "train_IoU": 93.94884705543518,
        "train_epoch_time": 14.343126058578491,
        "val_accuracy": 99.49897527694702,
        "val_loss": 0.6729844674468042,
        "val_IoU": 93.65319013595581,
        "val_epoch_time": 2.2448370456695557
    },
    "20": {
        "train_accuracy": 99.22801852226257,
        "train_loss": 0.6606916715837509,
        "train_IoU": 94.05044317245483,
        "train_epoch_time": 14.441380739212036,
        "val_accuracy": 99.4896650314331,
        "val_loss": 0.6737942323088647,
        "val_IoU": 93.49195957183838,
        "val_epoch_time": 2.3042824268341064
    },
    "21": {
        "train_accuracy": 99.2505431175232,
        "train_loss": 0.6607579903243337,
        "train_IoU": 94.20856237411499,
        "train_epoch_time": 14.439605236053467,
        "val_accuracy": 99.3664801120758,
        "val_loss": 0.67258253544569,
        "val_IoU": 92.36816167831421,
        "val_epoch_time": 2.2704765796661377
    },
    "22": {
        "train_accuracy": 99.24361109733582,
        "train_loss": 0.6605659788602019,